config,cpu_perf_pct,gpu_clk,engine,run_id,benchmark,sf,query,storage,n_reps,min_ms,avg_ms,elapsed_s,num_samples,num_steady_samples,avg_power_w,max_power_w,max_mem_mb,avg_gpu_util,max_gpu_util,energy_j,avg_cpu_pkg_w,avg_cpu_dram_w,cpu_energy_j,status,min_s,avg_s,gpu_energy_j
baseline,100,auto,maximus,clickbench_sf5_q0,clickbench,5,q0,gpu,100,0,0.1,5.04,61,23,165.1,177.4,15691,96.3,97,0.0,107.9,1.8,0.0,OK,,,
baseline,100,auto,maximus,clickbench_sf5_q1,clickbench,5,q1,gpu,100,0,0.2,5.07,62,61,103.5,181.4,15693,38.5,96,0.0,107.5,1.8,0.0,OK,,,
baseline,100,auto,maximus,clickbench_sf5_q2,clickbench,5,q2,gpu,1429,7,7.1,39.79,494,455,145.6,157.7,15693,97.3,98,1.0,107.4,1.8,0.8,OK,,,
baseline,100,auto,maximus,clickbench_sf5_q3,clickbench,5,q3,gpu,1667,6,6.2,44.45,542,502,149.3,156.9,15693,97.3,98,0.9,107.2,1.8,0.6,OK,,,
baseline,100,auto,maximus,clickbench_sf5_q4,clickbench,5,q4,gpu,10000,1,1.1,197.89,2351,2307,183.4,185.6,15693,96.6,97,0.2,107.9,1.8,0.1,OK,,,
baseline,100,auto,maximus,clickbench_sf5_q5,clickbench,5,q5,gpu,10000,0,1.0,194.39,2298,2294,183.3,187.3,15693,95.2,97,0.0,107.9,1.8,0.0,OK,,,
baseline,100,auto,maximus,clickbench_sf5_q6,clickbench,5,q6,gpu,1250,8,8.0,36.37,456,410,146.9,162.7,15693,97.9,98,1.2,108.0,1.8,0.9,OK,,,
baseline,100,auto,maximus,clickbench_sf5_q7,clickbench,5,q7,gpu,100,0,0.4,5.11,62,23,169.0,182.3,15695,97.0,97,0.0,108.2,1.8,0.0,OK,,,
baseline,100,auto,maximus,clickbench_sf5_q8,clickbench,5,q8,gpu,271,36,37.1,18.21,234,233,171.4,194.7,15691,88.7,99,6.2,108.1,1.8,3.9,OK,,,
baseline,100,auto,maximus,clickbench_sf5_q9,clickbench,5,q9,gpu,271,37,37.3,18.35,235,194,192.3,194.9,15693,99.0,99,7.1,108.4,1.8,4.0,OK,,,
baseline,100,auto,maximus,clickbench_sf5_q10,clickbench,5,q10,gpu,2500,4,4.0,60.08,731,726,161.5,172.1,15691,91.4,99,0.6,108.2,1.8,0.4,OK,,,
baseline,100,auto,maximus,clickbench_sf5_q11,clickbench,5,q11,gpu,1667,6,6.0,44.03,531,485,163.1,168.6,15691,96.5,97,1.0,108.5,1.8,0.7,OK,,,
baseline,100,auto,maximus,clickbench_sf5_q12,clickbench,5,q12,gpu,556,17,18.1,24.15,316,315,119.3,142.3,15697,46.7,87,2.0,108.2,1.8,1.8,OK,,,
baseline,100,auto,maximus,clickbench_sf5_q13,clickbench,5,q13,gpu,223,45,45.3,17.69,230,192,132.8,146.3,15693,75.1,87,6.0,108.2,1.8,4.9,OK,,,
baseline,100,auto,maximus,clickbench_sf5_q14,clickbench,5,q14,gpu,527,18,18.6,23.50,302,299,117.1,141.6,15697,52.1,62,2.1,108.0,1.8,1.9,OK,,,
baseline,100,auto,maximus,clickbench_sf5_q15,clickbench,5,q15,gpu,5000,2,2.0,105.85,1272,1235,179.8,182.6,15697,96.9,97,0.4,108.7,1.8,0.2,OK,,,
baseline,100,auto,maximus,clickbench_sf5_q16,clickbench,5,q16,gpu,477,21,21.2,22.31,279,239,123.6,138.9,15697,55.1,63,2.6,108.2,1.8,2.3,OK,,,
baseline,100,auto,maximus,clickbench_sf5_q17,clickbench,5,q17,gpu,477,20,21.2,22.33,278,263,114.4,138.7,15697,49.1,61,2.3,108.1,1.8,2.2,OK,,,
baseline,100,auto,maximus,clickbench_sf5_q19,clickbench,5,q19,gpu,100,0,0.0,5.12,60,23,168.5,186.7,15691,97.5,98,0.0,109.3,1.8,0.0,OK,,,
baseline,100,auto,maximus,clickbench_sf5_q20,clickbench,5,q20,gpu,218,46,46.1,17.29,225,222,212.6,247.7,15693,84.2,99,9.8,107.9,1.8,5.0,OK,,,
baseline,100,auto,maximus,clickbench_sf5_q21,clickbench,5,q21,gpu,218,46,46.6,17.42,226,192,239.3,248.4,15695,97.2,99,11.0,108.3,1.8,5.0,OK,,,
baseline,100,auto,maximus,clickbench_sf5_q22,clickbench,5,q22,gpu,228,44,44.3,17.56,227,225,203.2,235.3,15693,83.2,98,8.9,107.8,1.8,4.7,OK,,,
baseline,100,auto,maximus,clickbench_sf5_q23,clickbench,5,q23,gpu,218,46,46.1,17.29,225,183,246.9,250.7,15691,99.0,99,11.4,108.3,1.8,5.0,OK,,,
baseline,100,auto,maximus,clickbench_sf5_q24,clickbench,5,q24,gpu,435,23,24.1,22.42,283,243,115.0,134.3,15691,46.6,54,2.6,107.9,1.8,2.5,OK,,,
baseline,100,auto,maximus,clickbench_sf5_q25,clickbench,5,q25,gpu,223,45,45.7,17.82,231,191,122.2,141.0,15691,63.9,75,5.5,108.1,1.8,4.9,OK,,,
baseline,100,auto,maximus,clickbench_sf5_q26,clickbench,5,q26,gpu,304,32,33.1,19.25,247,206,117.3,137.8,15691,57.2,59,3.8,108.1,1.8,3.5,OK,,,
baseline,100,auto,maximus,clickbench_sf5_q29,clickbench,5,q29,gpu,3334,3,3.0,81.06,991,956,154.4,165.3,15693,80.5,82,0.5,108.2,1.8,0.3,OK,,,
baseline,100,auto,maximus,clickbench_sf5_q30,clickbench,5,q30,gpu,1667,6,6.0,45.00,544,503,173.8,175.4,15699,95.4,96,1.0,108.5,1.8,0.7,OK,,,
baseline,100,auto,maximus,clickbench_sf5_q31,clickbench,5,q31,gpu,1000,10,10.1,32.41,402,398,163.2,175.8,15699,89.5,96,1.6,108.5,1.8,1.1,OK,,,
baseline,100,auto,maximus,clickbench_sf5_q32,clickbench,5,q32,gpu,100,85,87.0,13.83,177,141,144.9,152.4,15697,66.9,72,12.3,107.7,1.8,9.2,OK,,,
baseline,100,auto,maximus,clickbench_sf5_q33,clickbench,5,q33,gpu,113,89,90.9,15.55,204,204,81.9,115.2,15697,21.8,68,7.3,107.7,1.8,9.6,OK,,,
baseline,100,auto,maximus,clickbench_sf5_q34,clickbench,5,q34,gpu,113,89,90.6,15.55,204,171,85.6,113.1,15697,31.8,81,7.6,107.4,1.8,9.6,OK,,,
baseline,100,auto,maximus,clickbench_sf5_q35,clickbench,5,q35,gpu,5000,2,2.0,103.37,1230,1190,182.0,184.4,15697,97.0,97,0.4,108.1,1.8,0.2,OK,,,
baseline,100,auto,maximus,clickbench_sf5_q36,clickbench,5,q36,gpu,10000,1,1.0,195.10,2301,2260,184.3,186.3,15691,97.0,97,0.2,107.9,1.8,0.1,OK,,,
baseline,100,auto,maximus,clickbench_sf5_q37,clickbench,5,q37,gpu,10000,1,1.0,195.12,2298,2258,184.8,186.5,15691,97.0,97,0.2,-1256.8,1.8,-1.3,OK,,,
baseline,100,auto,maximus,clickbench_sf5_q38,clickbench,5,q38,gpu,100,0,0.0,5.15,60,23,173.4,189.0,15691,97.0,97,0.0,107.3,1.8,0.0,OK,,,
baseline,100,auto,maximus,clickbench_sf5_q39,clickbench,5,q39,gpu,100,0,0.0,5.04,61,60,107.8,193.3,15691,37.6,97,0.0,107.7,1.8,0.0,OK,,,
baseline,100,auto,maximus,clickbench_sf5_q40,clickbench,5,q40,gpu,100,0,0.0,5.07,62,24,172.7,190.8,15691,97.0,97,0.0,108.2,1.8,0.0,OK,,,
baseline,100,auto,maximus,clickbench_sf5_q41,clickbench,5,q41,gpu,100,0,0.0,5.05,61,24,169.0,187.0,15691,96.2,97,0.0,107.1,1.8,0.0,OK,,,
baseline,100,auto,maximus,h2o_sf1gb_q1,h2o,1gb,q1,gpu,10000,1,1.0,41.71,516,485,192.8,196.3,3447,95.9,96,0.2,108.4,1.8,0.1,OK,,,
baseline,100,auto,maximus,h2o_sf1gb_q2,h2o,1gb,q2,gpu,5000,2,2.0,26.38,326,288,200.6,202.3,3447,95.0,95,0.4,108.2,1.8,0.2,OK,,,
baseline,100,auto,maximus,h2o_sf1gb_q3,h2o,1gb,q3,gpu,3334,2,3.0,21.73,271,229,204.9,206.2,3449,96.9,97,0.4,108.5,1.8,0.2,OK,,,
baseline,100,auto,maximus,h2o_sf1gb_q4,h2o,1gb,q4,gpu,10000,1,1.0,43.52,532,498,195.9,198.5,3447,96.9,97,0.2,108.4,1.8,0.1,OK,,,
baseline,100,auto,maximus,h2o_sf1gb_q5,h2o,1gb,q5,gpu,5000,2,2.0,28.86,362,330,205.0,207.9,3449,98.0,98,0.4,108.2,1.8,0.2,OK,,,
baseline,100,auto,maximus,h2o_sf1gb_q6,h2o,1gb,q6,gpu,78,129,130.8,13.01,169,137,207.6,213.1,3445,99.8,100,26.8,108.8,1.8,14.0,OK,,,
baseline,100,auto,maximus,h2o_sf1gb_q7,h2o,1gb,q7,gpu,5000,1,1.6,25.51,316,281,215.6,218.7,3449,95.0,95,0.2,108.6,1.8,0.1,OK,,,
baseline,100,auto,maximus,h2o_sf1gb_q9,h2o,1gb,q9,gpu,3334,3,3.0,22.16,280,242,201.8,204.0,3447,93.9,94,0.6,108.5,1.8,0.3,OK,,,
baseline,100,auto,maximus,h2o_sf1gb_q10,h2o,1gb,q10,gpu,2000,5,5.5,19.86,253,250,193.4,215.6,3665,90.8,96,1.0,108.8,1.8,0.5,OK,,,
baseline,100,auto,maximus,h2o_sf2gb_q1,h2o,2gb,q1,gpu,5000,2,2.0,41.01,503,461,199.4,200.6,6559,97.9,98,0.4,108.2,1.8,0.2,OK,,,
baseline,100,auto,maximus,h2o_sf2gb_q2,h2o,2gb,q2,gpu,2500,4,4.0,25.92,317,285,203.7,207.2,6559,97.6,98,0.8,108.9,1.8,0.4,OK,,,
baseline,100,auto,maximus,h2o_sf2gb_q3,h2o,2gb,q3,gpu,1667,5,5.3,21.48,269,230,208.3,210.3,6561,98.0,98,1.0,107.9,1.8,0.5,OK,,,
baseline,100,auto,maximus,h2o_sf2gb_q4,h2o,2gb,q4,gpu,5000,2,2.0,42.82,530,494,199.3,200.9,6559,98.0,99,0.4,108.1,1.8,0.2,OK,,,
baseline,100,auto,maximus,h2o_sf2gb_q5,h2o,2gb,q5,gpu,2000,4,5.0,24.77,311,274,202.0,203.5,6561,99.0,99,0.8,108.2,1.8,0.4,OK,,,
baseline,100,auto,maximus,h2o_sf2gb_q6,h2o,2gb,q6,gpu,38,266,269.8,13.08,171,137,210.1,215.6,6557,100.0,100,55.9,108.5,1.8,28.9,OK,,,
baseline,100,auto,maximus,h2o_sf2gb_q7,h2o,2gb,q7,gpu,3334,3,3.0,32.23,402,370,220.3,223.4,6561,97.6,98,0.7,108.1,1.8,0.3,OK,,,
baseline,100,auto,maximus,h2o_sf2gb_q9,h2o,2gb,q9,gpu,1667,6,6.0,21.60,269,268,189.1,207.9,6559,85.4,98,1.1,108.3,1.8,0.7,OK,,,
baseline,100,auto,maximus,h2o_sf2gb_q10,h2o,2gb,q10,gpu,1000,10,10.6,18.81,239,198,222.6,223.7,6561,98.0,98,2.2,108.1,1.8,1.1,OK,,,
baseline,100,auto,maximus,tpch_sf1_q1,tpch,1,q1,gpu,2500,4,4.0,24.18,308,271,194.9,197.7,6565,92.8,93,0.8,106.8,1.8,0.4,OK,,,
baseline,100,auto,maximus,tpch_sf1_q2,tpch,1,q2,gpu,5000,2,2.1,24.78,326,287,90.3,92.8,3451,54.2,55,0.2,107.1,1.8,0.2,OK,,,
baseline,100,auto,maximus,tpch_sf1_q3,tpch,1,q3,gpu,5000,2,2.0,42.24,527,492,164.7,166.7,6565,91.1,92,0.3,107.4,1.8,0.2,OK,,,
baseline,100,auto,maximus,tpch_sf1_q4,tpch,1,q4,gpu,10000,1,1.0,68.97,859,827,180.4,182.3,6563,92.0,92,0.2,107.6,1.8,0.1,OK,,,
baseline,100,auto,maximus,tpch_sf1_q5,tpch,1,q5,gpu,5000,2,2.0,43.18,532,497,179.9,182.0,6563,87.3,88,0.4,107.9,1.8,0.2,OK,,,
baseline,100,auto,maximus,tpch_sf1_q6,tpch,1,q6,gpu,100,0,0.3,3.18,37,12,95.9,130.9,6561,10.0,10,0.0,108.1,1.9,0.0,OK,,,
baseline,100,auto,maximus,tpch_sf1_q7,tpch,1,q7,gpu,5000,2,2.0,44.09,562,526,160.4,162.0,6563,81.9,83,0.3,107.6,1.8,0.2,OK,,,
baseline,100,auto,maximus,tpch_sf1_q8,tpch,1,q8,gpu,5000,2,2.0,43.73,547,544,159.8,167.9,6563,78.7,84,0.3,107.8,1.8,0.2,OK,,,
baseline,100,auto,maximus,tpch_sf1_q9,tpch,1,q9,gpu,3334,3,3.0,35.86,449,418,184.1,186.6,6565,90.0,90,0.6,107.9,1.8,0.3,OK,,,
baseline,100,auto,maximus,tpch_sf1_q10,tpch,1,q10,gpu,5000,2,2.0,40.94,522,482,162.9,164.5,6565,83.8,84,0.3,107.8,1.8,0.2,OK,,,
baseline,100,auto,maximus,tpch_sf1_q11,tpch,1,q11,gpu,5000,2,2.1,20.78,271,220,169.5,170.9,3453,67.4,68,0.3,108.1,1.8,0.2,OK,,,
baseline,100,auto,maximus,tpch_sf1_q12,tpch,1,q12,gpu,5000,1,2.0,39.76,494,464,168.2,170.7,6563,83.9,85,0.2,108.1,1.8,0.1,OK,,,
baseline,100,auto,maximus,tpch_sf1_q13,tpch,1,q13,gpu,715,14,14.1,13.82,180,146,251.4,255.6,3453,95.1,96,3.5,108.2,1.8,1.5,OK,,,
baseline,100,auto,maximus,tpch_sf1_q14,tpch,1,q14,gpu,10000,1,1.1,65.32,824,792,160.0,162.3,6561,81.8,83,0.2,107.8,1.8,0.1,OK,,,
baseline,100,auto,maximus,tpch_sf1_q15,tpch,1,q15,gpu,10000,1,1.1,62.41,796,764,161.9,164.0,6567,81.9,83,0.2,107.6,1.8,0.1,OK,,,
baseline,100,auto,maximus,tpch_sf1_q16,tpch,1,q16,gpu,556,18,18.1,13.69,179,119,104.4,105.0,3449,93.0,93,1.9,108.3,1.8,2.0,OK,,,
baseline,100,auto,maximus,tpch_sf1_q17,tpch,1,q17,gpu,3334,3,3.0,28.65,366,328,149.4,150.9,6565,75.9,76,0.4,108.1,1.8,0.3,OK,,,
baseline,100,auto,maximus,tpch_sf1_q18,tpch,1,q18,gpu,3334,3,3.0,32.88,402,358,174.5,175.6,6565,91.0,91,0.5,108.2,1.8,0.3,OK,,,
baseline,100,auto,maximus,tpch_sf1_q19,tpch,1,q19,gpu,625,16,16.9,16.67,215,186,225.8,232.4,6561,91.0,92,3.6,108.1,1.8,1.7,OK,,,
baseline,100,auto,maximus,tpch_sf1_q20,tpch,1,q20,gpu,3334,3,3.0,32.44,403,403,143.7,152.5,6563,76.7,90,0.4,107.9,1.8,0.3,OK,,,
baseline,100,auto,maximus,tpch_sf1_q21,tpch,1,q21,gpu,173,58,58.6,13.88,177,143,219.8,224.1,12791,96.3,97,12.7,108.0,1.8,6.3,OK,,,
baseline,100,auto,maximus,tpch_sf1_q22,tpch,1,q22,gpu,5000,2,2.0,24.87,327,325,97.8,133.4,3465,41.8,96,0.2,108.1,1.8,0.2,OK,,,
baseline,100,auto,maximus,tpch_sf2_q1,tpch,2,q1,gpu,1250,8,8.0,23.58,285,243,200.3,202.3,12789,96.0,96,1.6,108.0,1.8,0.9,OK,,,
baseline,100,auto,maximus,tpch_sf2_q2,tpch,2,q2,gpu,3334,3,3.0,21.48,279,240,105.3,110.3,6563,63.5,64,0.3,107.8,1.8,0.3,OK,,,
baseline,100,auto,maximus,tpch_sf2_q3,tpch,2,q3,gpu,3334,3,3.0,50.49,590,557,176.3,178.4,12789,95.0,95,0.5,107.9,1.8,0.3,OK,,,
baseline,100,auto,maximus,tpch_sf2_q4,tpch,2,q4,gpu,5000,2,2.0,66.69,774,740,187.2,189.8,12787,95.9,96,0.4,108.1,1.8,0.2,OK,,,
baseline,100,auto,maximus,tpch_sf2_q5,tpch,2,q5,gpu,2500,4,4.0,40.54,478,439,193.7,195.7,12787,93.2,94,0.8,108.1,1.8,0.4,OK,,,
baseline,100,auto,maximus,tpch_sf2_q6,tpch,2,q6,gpu,10000,1,1.1,100.93,1253,1214,190.7,192.3,12785,95.6,97,0.2,107.6,1.8,0.1,OK,,,
baseline,100,auto,maximus,tpch_sf2_q7,tpch,2,q7,gpu,3334,3,3.0,51.35,601,562,177.2,178.9,12787,89.6,90,0.5,108.2,-5299.5,0.3,OK,,,
baseline,100,auto,maximus,tpch_sf2_q8,tpch,2,q8,gpu,3334,3,3.0,51.85,602,565,182.4,184.6,12787,90.7,91,0.5,108.3,1.8,0.3,OK,,,
baseline,100,auto,maximus,tpch_sf2_q9,tpch,2,q9,gpu,1667,6,6.0,33.19,403,360,200.3,202.1,12789,94.7,95,1.2,108.5,1.8,0.7,OK,,,
baseline,100,auto,maximus,tpch_sf2_q10,tpch,2,q10,gpu,3334,2,3.0,48.53,591,557,176.5,178.8,12789,90.7,91,0.4,108.3,1.8,0.2,OK,,,
baseline,100,auto,maximus,tpch_sf2_q11,tpch,2,q11,gpu,3334,3,3.1,21.18,274,238,203.4,207.8,6565,79.7,81,0.6,108.3,1.8,0.3,OK,,,
baseline,100,auto,maximus,tpch_sf2_q12,tpch,2,q12,gpu,5000,2,2.0,69.35,840,803,183.1,184.7,12787,91.1,92,0.4,108.2,1.8,0.2,OK,,,
baseline,100,auto,maximus,tpch_sf2_q13,tpch,2,q13,gpu,371,27,27.2,14.16,185,139,263.4,265.6,6565,98.0,98,7.1,107.5,1.8,2.9,OK,,,
baseline,100,auto,maximus,tpch_sf2_q14,tpch,2,q14,gpu,5000,2,2.1,58.08,700,696,170.3,177.2,12785,88.5,98,0.3,108.0,1.8,0.2,OK,,,
baseline,100,auto,maximus,tpch_sf2_q15,tpch,2,q15,gpu,5000,1,1.2,55.70,661,624,176.4,178.2,12791,90.0,91,0.2,107.9,1.8,0.1,OK,,,
baseline,100,auto,maximus,tpch_sf2_q16,tpch,2,q16,gpu,500,20,20.4,14.34,188,147,135.4,136.5,6561,93.6,94,2.7,108.6,1.8,2.2,OK,,,
baseline,100,auto,maximus,tpch_sf2_q17,tpch,2,q17,gpu,2500,3,4.0,35.27,430,428,160.7,171.0,12791,78.2,93,0.5,-7752.8,1.8,-23.3,OK,,,
baseline,100,auto,maximus,tpch_sf2_q18,tpch,2,q18,gpu,1667,6,6.0,31.58,378,338,181.7,183.1,12789,95.1,96,1.1,108.2,1.8,0.6,OK,,,
baseline,100,auto,maximus,tpch_sf2_q19,tpch,2,q19,gpu,313,32,32.2,16.13,205,168,241.6,245.0,12785,95.2,96,7.7,108.0,1.8,3.5,OK,,,
baseline,100,auto,maximus,tpch_sf2_q20,tpch,2,q20,gpu,2500,4,4.0,40.63,489,489,161.3,170.2,12787,82.7,94,0.6,108.0,1.8,0.4,OK,,,
baseline,100,auto,maximus,tpch_sf2_q21,tpch,2,q21,gpu,87,115,116.6,14.03,180,179,194.4,232.4,14347,83.2,99,22.4,107.6,1.8,12.4,OK,,,
baseline,100,auto,maximus,tpch_sf2_q22,tpch,2,q22,gpu,5000,2,2.1,31.38,408,378,121.6,124.0,6565,56.5,67,0.2,107.8,1.8,0.2,OK,,,
baseline,100,auto,sirius,clickbench_sf5_q0,clickbench,5,q0,,0,,,,0,0,,,,,,,,,,OK,,,
baseline,100,auto,sirius,clickbench_sf5_q1,clickbench,5,q1,,10000,,,13.26,175,134,59.0,60.1,15841,6.6,12,,108.8,1.8,0.00,OK,0.0000,0.0010,0.00
baseline,100,auto,sirius,clickbench_sf5_q10,clickbench,5,q10,,3334,,,17.00,218,173,75.0,86.5,15841,39.6,64,,111.7,1.8,0.11,OK,0.0010,0.0028,0.08
baseline,100,auto,sirius,clickbench_sf5_q11,clickbench,5,q11,,2858,,,16.73,215,168,77.3,90.2,15841,45.7,75,,112.5,1.8,0.11,OK,0.0010,0.0032,0.08
baseline,100,auto,sirius,clickbench_sf5_q12,clickbench,5,q12,,5000,,,18.88,242,186,102.4,121.8,15841,34.0,53,,114.3,2.0,0.11,OK,0.0010,0.0023,0.10
baseline,100,auto,sirius,clickbench_sf5_q13,clickbench,5,q13,,626,,,14.30,183,128,105.6,141.1,15841,51.3,94,,111.6,1.8,0.11,OK,0.0010,0.0107,0.11
baseline,100,auto,sirius,clickbench_sf5_q14,clickbench,5,q14,,4000,,,17.23,220,173,100.0,123.5,15841,37.0,63,,112.3,2.0,0.11,OK,0.0010,0.0024,0.10
baseline,100,auto,sirius,clickbench_sf5_q15,clickbench,5,q15,,10002,,,11.27,139,97,56.0,65.3,15817,2.5,22,,107.7,1.8,0.32,OK,0.0030,0.0032,0.17
baseline,100,auto,sirius,clickbench_sf5_q16,clickbench,5,q16,,5001,,,11.94,148,105,60.6,79.9,15801,17.2,76,,110.9,1.8,0.55,OK,0.0050,0.0061,0.30
baseline,100,auto,sirius,clickbench_sf5_q17,clickbench,5,q17,,7500,,,11.74,145,98,58.3,74.2,15841,6.6,68,,107.9,1.8,0.43,OK,0.0040,0.0045,0.23
baseline,100,auto,sirius,clickbench_sf5_q18,clickbench,5,q18,,3000,,,12.43,155,106,63.7,96.0,15813,12.8,81,,111.3,1.8,1.00,OK,0.0090,0.0098,0.57
baseline,100,auto,sirius,clickbench_sf5_q19,clickbench,5,q19,,10000,,,12.23,160,119,71.8,73.5,15841,12.6,13,,107.8,1.8,0.00,OK,0.0000,0.0009,0.00
baseline,100,auto,sirius,clickbench_sf5_q2,clickbench,5,q2,,30000,,,11.14,136,85,51.9,53.7,15713,1.5,12,,111.6,1.8,0.11,OK,0.0010,0.0013,0.05
baseline,100,auto,sirius,clickbench_sf5_q20,clickbench,5,q20,,2500,,,15.14,196,117,189.6,192.0,15841,78.4,79,,111.3,1.8,0.45,OK,0.0040,0.0045,0.76
baseline,100,auto,sirius,clickbench_sf5_q21,clickbench,5,q21,,1667,,,13.04,170,111,175.4,179.2,15841,73.2,75,,110.9,1.8,0.44,OK,0.0040,0.0054,0.70
baseline,100,auto,sirius,clickbench_sf5_q22,clickbench,5,q22,,667,,,11.59,150,91,180.5,192.2,15841,82.9,86,,109.7,1.8,0.99,OK,0.0090,0.0106,1.62
baseline,100,auto,sirius,clickbench_sf5_q23,clickbench,5,q23,,1667,,,12.93,169,112,169.1,177.8,15841,67.9,72,,110.9,1.8,0.44,OK,0.0040,0.0051,0.68
baseline,100,auto,sirius,clickbench_sf5_q24,clickbench,5,q24,,5000,,,13.58,177,125,91.9,93.3,15841,27.2,28,,110.9,1.8,0.11,OK,0.0010,0.0020,0.09
baseline,100,auto,sirius,clickbench_sf5_q25,clickbench,5,q25,,770,,,13.50,171,127,98.1,132.7,15841,57.3,96,,111.9,1.8,0.11,OK,0.0010,0.0078,0.10
baseline,100,auto,sirius,clickbench_sf5_q26,clickbench,5,q26,,1668,,,13.71,177,129,91.6,121.9,15841,47.8,89,,114.6,1.9,0.11,OK,0.0010,0.0037,0.09
baseline,100,auto,sirius,clickbench_sf5_q27,clickbench,5,q27,,1429,,,10.19,132,78,152.5,159.4,15841,67.0,70,,113.2,1.8,0.23,OK,0.0020,0.0043,0.31
baseline,100,auto,sirius,clickbench_sf5_q28,clickbench,5,q28,,0,,,,0,0,,,,,,,,,,FALLBACK,,,
baseline,100,auto,sirius,clickbench_sf5_q29,clickbench,5,q29,,1305,,,13.45,168,117,53.9,60.0,15837,3.4,34,,108.2,1.8,2.27,OK,0.0210,0.0224,1.13
baseline,100,auto,sirius,clickbench_sf5_q3,clickbench,5,q3,,30000,,,11.06,136,97,52.5,54.5,15821,1.1,9,,108.0,1.8,0.00,OK,0.0000,0.0011,0.00
baseline,100,auto,sirius,clickbench_sf5_q30,clickbench,5,q30,,3334,,,11.04,144,93,97.8,100.2,15841,34.8,35,,111.1,1.8,0.11,OK,0.0010,0.0022,0.10
baseline,100,auto,sirius,clickbench_sf5_q31,clickbench,5,q31,,3334,,,11.25,146,92,101.9,105.5,15841,37.1,40,,112.2,1.8,0.11,OK,0.0010,0.0022,0.10
baseline,100,auto,sirius,clickbench_sf5_q32,clickbench,5,q32,,3336,,,12.14,152,112,64.5,94.2,15823,16.7,84,,110.4,1.8,0.99,OK,0.0090,0.0096,0.58
baseline,100,auto,sirius,clickbench_sf5_q33,clickbench,5,q33,,2730,,,13.09,162,66,67.3,101.1,15823,10.3,21,,108.9,1.9,1.09,OK,0.0100,0.0110,0.67
baseline,100,auto,sirius,clickbench_sf5_q34,clickbench,5,q34,,2730,,,13.10,163,111,65.1,103.9,15841,9.7,87,,112.0,1.9,1.23,OK,0.0110,0.0114,0.72
baseline,100,auto,sirius,clickbench_sf5_q35,clickbench,5,q35,,5001,,,11.73,143,103,60.8,81.0,15813,10.4,70,,111.2,1.8,0.56,OK,0.0050,0.0061,0.30
baseline,100,auto,sirius,clickbench_sf5_q36,clickbench,5,q36,,2000,,,11.19,145,92,124.4,127.7,15841,56.3,58,,112.2,1.9,0.22,OK,0.0020,0.0036,0.25
baseline,100,auto,sirius,clickbench_sf5_q37,clickbench,5,q37,,2500,,,13.33,173,124,128.2,132.6,15841,57.5,59,,111.2,1.8,0.33,OK,0.0030,0.0037,0.38
baseline,100,auto,sirius,clickbench_sf5_q38,clickbench,5,q38,,5000,,,14.49,190,139,75.9,77.1,15841,23.3,25,,111.4,1.8,0.11,OK,0.0010,0.0021,0.08
baseline,100,auto,sirius,clickbench_sf5_q39,clickbench,5,q39,,2500,,,19.01,243,179,93.0,113.9,15841,32.9,53,,113.5,2.0,0.11,OK,0.0010,0.0041,0.09
baseline,100,auto,sirius,clickbench_sf5_q4,clickbench,5,q4,,15000,,,11.15,138,49,55.1,61.9,15765,8.9,16,,108.3,1.8,0.22,OK,0.0020,0.0022,0.11
baseline,100,auto,sirius,clickbench_sf5_q40,clickbench,5,q40,,5000,,,15.15,199,146,76.7,77.4,15841,20.5,25,,111.5,1.8,0.11,OK,0.0010,0.0023,0.08
baseline,100,auto,sirius,clickbench_sf5_q41,clickbench,5,q41,,5000,,,13.28,174,126,82.5,84.1,15841,23.5,24,,110.0,1.8,0.11,OK,0.0010,0.0019,0.08
baseline,100,auto,sirius,clickbench_sf5_q42,clickbench,5,q42,,5000,,,16.22,212,159,92.1,93.8,15841,29.3,31,,110.7,1.8,0.11,OK,0.0010,0.0025,0.09
baseline,100,auto,sirius,clickbench_sf5_q5,clickbench,5,q5,,1002,,,14.52,181,81,84.6,151.3,15841,24.8,93,,112.2,1.8,3.25,OK,0.0290,0.0305,2.45
baseline,100,auto,sirius,clickbench_sf5_q6,clickbench,5,q6,,30000,,,11.08,136,129,52.8,63.9,15771,0.5,9,,110.2,1.8,0.11,OK,0.0010,0.0013,0.05
baseline,100,auto,sirius,clickbench_sf5_q7,clickbench,5,q7,,10000,,,14.86,196,154,61.1,62.9,15841,8.7,9,,110.1,1.8,0.00,OK,0.0000,0.0011,0.00
baseline,100,auto,sirius,clickbench_sf5_q8,clickbench,5,q8,,528,,,10.21,127,74,104.5,191.7,15841,39.0,96,,107.9,1.8,3.99,OK,0.0370,0.0379,3.87
baseline,100,auto,sirius,clickbench_sf5_q9,clickbench,5,q9,,500,,,10.36,130,88,105.4,187.9,15841,38.8,97,,111.1,1.8,4.33,OK,0.0390,0.0398,4.11
baseline,100,auto,sirius,h2o_sf1gb_q1,h2o,1gb,q1,,10002,,,11.51,142,107,54.5,61.6,15841,6.2,56,,108.8,1.8,0.22,OK,0.0020,0.0026,0.11
baseline,100,auto,sirius,h2o_sf1gb_q10,h2o,1gb,q10,,4287,,,12.72,157,151,60.5,94.7,15837,10.8,72,,113.4,1.8,0.79,OK,0.0070,0.0076,0.42
baseline,100,auto,sirius,h2o_sf1gb_q2,h2o,1gb,q2,,10002,,,11.76,145,145,55.9,82.6,15833,7.1,60,,108.3,1.8,0.32,OK,0.0030,0.0035,0.17
baseline,100,auto,sirius,h2o_sf1gb_q3,h2o,1gb,q3,,7500,,,11.80,145,89,56.5,73.4,15807,13.4,60,,111.7,1.8,0.45,OK,0.0040,0.0043,0.23
baseline,100,auto,sirius,h2o_sf1gb_q4,h2o,1gb,q4,,10002,,,11.54,142,97,54.4,62.7,15823,7.8,54,,111.1,1.8,0.22,OK,0.0020,0.0029,0.11
baseline,100,auto,sirius,h2o_sf1gb_q5,h2o,1gb,q5,,7500,,,11.73,146,93,56.7,71.9,15831,5.1,54,,111.5,1.8,0.45,OK,0.0040,0.0042,0.23
baseline,100,auto,sirius,h2o_sf1gb_q6,h2o,1gb,q6,,6000,,,11.77,145,98,57.7,73.1,15839,17.4,69,,111.1,1.8,0.44,OK,0.0040,0.0050,0.23
baseline,100,auto,sirius,h2o_sf1gb_q7,h2o,1gb,q7,,10002,,,11.59,142,91,56.3,69.8,15801,5.7,47,,108.2,1.8,0.32,OK,0.0030,0.0033,0.17
baseline,100,auto,sirius,h2o_sf1gb_q8,h2o,1gb,q8,,4287,,,11.99,148,107,60.8,81.9,15837,18.8,46,,111.1,1.8,0.78,OK,0.0070,0.0075,0.43
baseline,100,auto,sirius,h2o_sf1gb_q9,h2o,1gb,q9,,2730,,,12.58,154,150,62.2,99.8,15829,9.1,77,,114.9,1.8,1.26,OK,0.0110,0.0112,0.68
baseline,100,auto,sirius,h2o_sf2gb_q1,h2o,2gb,q1,,7500,,,11.94,147,147,55.9,70.6,15773,0.0,0,,108.6,1.8,0.33,OK,0.0030,0.0038,0.17
baseline,100,auto,sirius,h2o_sf2gb_q10,h2o,2gb,q10,,2310,,,14.36,180,137,69.1,133.8,15837,12.0,85,,111.1,1.9,1.33,OK,0.0120,0.0128,0.83
baseline,100,auto,sirius,h2o_sf2gb_q2,h2o,2gb,q2,,6000,,,12.49,154,54,60.5,81.9,15817,10.9,75,,108.8,1.8,0.54,OK,0.0050,0.0055,0.30
baseline,100,auto,sirius,h2o_sf2gb_q3,h2o,2gb,q3,,3750,,,12.73,157,110,63.1,93.2,15835,10.7,85,,108.3,1.8,0.76,OK,0.0070,0.0081,0.44
baseline,100,auto,sirius,h2o_sf2gb_q4,h2o,2gb,q4,,7500,,,12.09,151,106,58.0,73.2,15801,7.5,65,,111.0,1.8,0.44,OK,0.0040,0.0043,0.23
baseline,100,auto,sirius,h2o_sf2gb_q5,h2o,2gb,q5,,4287,,,12.45,154,110,62.2,91.0,15841,5.0,49,,108.2,1.8,0.76,OK,0.0070,0.0072,0.44
baseline,100,auto,sirius,h2o_sf2gb_q6,h2o,2gb,q6,,3750,,,12.55,155,110,63.2,93.8,15839,10.6,82,,108.5,1.8,0.87,OK,0.0080,0.0082,0.51
baseline,100,auto,sirius,h2o_sf2gb_q7,h2o,2gb,q7,,6000,,,12.26,152,114,62.3,84.6,15841,4.1,25,,108.4,1.8,0.54,OK,0.0050,0.0053,0.31
baseline,100,auto,sirius,h2o_sf2gb_q8,h2o,2gb,q8,,2730,,,12.73,158,152,62.9,104.5,15841,9.8,87,,108.1,1.8,1.19,OK,0.0110,0.0113,0.69
baseline,100,auto,sirius,h2o_sf2gb_q9,h2o,2gb,q9,,1581,,,13.83,171,129,75.9,140.4,15841,14.0,86,,111.2,1.8,2.11,OK,0.0190,0.0194,1.44
baseline,100,auto,sirius,tpch_sf1_q01,tpch,1,q01,,2000,,,16.13,206,160,111.8,144.7,15841,41.0,75,,112.9,1.8,0.11,OK,0.0010,0.0043,0.11
baseline,100,auto,sirius,tpch_sf1_q02,tpch,1,q02,,1250,,,11.95,158,80,63.1,63.7,15841,15.7,18,,111.6,1.8,0.45,OK,0.0040,0.0066,0.25
baseline,100,auto,sirius,tpch_sf1_q03,tpch,1,q03,,2000,,,10.65,138,79,81.5,83.5,15841,28.8,33,,112.4,1.8,0.22,OK,0.0020,0.0034,0.16
baseline,100,auto,sirius,tpch_sf1_q04,tpch,1,q04,,2500,,,11.25,145,98,88.1,91.8,15841,26.7,28,,112.7,1.8,0.11,OK,0.0010,0.0030,0.09
baseline,100,auto,sirius,tpch_sf1_q05,tpch,1,q05,,2000,,,12.19,157,94,73.3,77.0,15841,16.8,33,,111.4,1.8,0.22,OK,0.0020,0.0042,0.15
baseline,100,auto,sirius,tpch_sf1_q06,tpch,1,q06,,5000,,,14.03,183,179,95.7,111.0,15841,28.8,38,,110.4,1.8,0.11,OK,0.0010,0.0021,0.10
baseline,100,auto,sirius,tpch_sf1_q07,tpch,1,q07,,1429,,,11.77,152,105,72.1,74.8,15841,18.7,21,,112.2,1.8,0.34,OK,0.0030,0.0056,0.22
baseline,100,auto,sirius,tpch_sf1_q08,tpch,1,q08,,1429,,,11.20,147,106,67.3,71.5,15841,13.1,16,,111.2,1.8,0.33,OK,0.0030,0.0052,0.20
baseline,100,auto,sirius,tpch_sf1_q09,tpch,1,q09,,1429,,,10.57,136,92,89.7,94.6,15841,26.7,30,,110.7,1.8,0.33,OK,0.0030,0.0047,0.27
baseline,100,auto,sirius,tpch_sf1_q10,tpch,1,q10,,1429,,,10.38,134,94,76.4,80.2,15841,25.1,32,,112.6,1.8,0.23,OK,0.0020,0.0046,0.15
baseline,100,auto,sirius,tpch_sf1_q11,tpch,1,q11,,5000,,,23.95,318,318,60.6,63.1,15841,8.5,32,,110.5,1.8,0.11,OK,0.0010,0.0020,0.06
baseline,100,auto,sirius,tpch_sf1_q12,tpch,1,q12,,2000,,,10.38,134,125,73.6,86.3,15841,17.2,26,,111.3,1.8,0.22,OK,0.0020,0.0033,0.15
baseline,100,auto,sirius,tpch_sf1_q13,tpch,1,q13,,6000,,,11.48,142,17,57.8,60.5,5583,60.0,60,,110.4,1.8,0.44,OK,0.0040,0.0052,0.23
baseline,100,auto,sirius,tpch_sf1_q14,tpch,1,q14,,3334,,,10.80,140,79,69.7,70.4,15841,15.0,16,,111.4,1.8,0.11,OK,0.0010,0.0021,0.07
baseline,100,auto,sirius,tpch_sf1_q15,tpch,1,q15,,2500,,,10.96,142,98,66.6,68.5,15841,13.3,14,,111.9,1.8,0.11,OK,0.0010,0.0029,0.07
baseline,100,auto,sirius,tpch_sf1_q16,tpch,1,q16,,1054,,,15.12,195,149,67.5,77.0,15841,38.6,80,,112.0,1.8,0.22,OK,0.0020,0.0073,0.14
baseline,100,auto,sirius,tpch_sf1_q17,tpch,1,q17,,2858,,,18.36,237,188,89.9,107.2,15841,28.3,44,,111.8,1.8,0.11,OK,0.0010,0.0038,0.09
baseline,100,auto,sirius,tpch_sf1_q18,tpch,1,q18,,1250,,,11.07,143,98,123.8,129.2,15841,51.9,54,,111.3,1.8,0.45,OK,0.0040,0.0059,0.50
baseline,100,auto,sirius,tpch_sf1_q19,tpch,1,q19,,2000,,,11.54,149,98,82.8,84.2,15841,24.7,26,,112.7,1.8,0.23,OK,0.0020,0.0038,0.17
baseline,100,auto,sirius,tpch_sf1_q20,tpch,1,q20,,1667,,,11.90,155,106,67.9,68.7,15841,25.6,31,,111.6,1.8,0.33,OK,0.0030,0.0049,0.20
baseline,100,auto,sirius,tpch_sf1_q21,tpch,1,q21,,1430,,,17.35,223,180,85.3,100.9,15841,32.3,55,,111.0,1.8,0.33,OK,0.0030,0.0069,0.26
baseline,100,auto,sirius,tpch_sf1_q22,tpch,1,q22,,2500,,,12.85,169,121,65.5,67.1,15841,14.0,15,,111.9,1.8,0.22,OK,0.0020,0.0036,0.13
baseline,100,auto,sirius,tpch_sf2_q01,tpch,2,q01,,1178,,,15.23,190,144,121.6,170.8,15841,48.4,86,,112.3,1.8,0.11,OK,0.0010,0.0062,0.12
baseline,100,auto,sirius,tpch_sf2_q02,tpch,2,q02,,1250,,,12.00,157,106,68.8,69.5,15841,18.0,19,,110.3,1.8,0.55,OK,0.0050,0.0066,0.34
baseline,100,auto,sirius,tpch_sf2_q03,tpch,2,q03,,2000,,,11.97,154,111,98.7,105.1,15841,39.6,44,,112.4,1.8,0.22,OK,0.0020,0.0040,0.20
baseline,100,auto,sirius,tpch_sf2_q04,tpch,2,q04,,2000,,,11.14,143,97,110.5,116.1,15841,42.5,46,,111.0,1.8,0.22,OK,0.0020,0.0037,0.22
baseline,100,auto,sirius,tpch_sf2_q05,tpch,2,q05,,1429,,,10.27,133,79,90.0,95.4,15841,26.2,29,,111.7,1.8,0.22,OK,0.0020,0.0045,0.18
baseline,100,auto,sirius,tpch_sf2_q06,tpch,2,q06,,3334,,,14.32,186,132,139.9,141.5,15841,58.2,60,,110.8,1.8,0.22,OK,0.0020,0.0032,0.28
baseline,100,auto,sirius,tpch_sf2_q07,tpch,2,q07,,1250,,,11.12,145,96,85.0,88.7,15841,25.5,36,,110.9,1.8,0.44,OK,0.0040,0.0058,0.34
baseline,100,auto,sirius,tpch_sf2_q08,tpch,2,q08,,1250,,,11.07,143,139,72.9,88.8,15841,13.9,36,,109.8,1.8,0.44,OK,0.0040,0.0057,0.29
baseline,100,auto,sirius,tpch_sf2_q09,tpch,2,q09,,1112,,,10.04,129,71,118.2,121.8,15841,36.6,40,,111.7,1.8,0.34,OK,0.0030,0.0055,0.35
baseline,100,auto,sirius,tpch_sf2_q10,tpch,2,q10,,1250,,,10.12,130,72,96.6,99.8,15841,34.5,37,,112.3,1.8,0.34,OK,0.0030,0.0049,0.29
baseline,100,auto,sirius,tpch_sf2_q11,tpch,2,q11,,5000,,,24.43,324,261,68.1,70.5,15841,12.3,14,,110.7,1.8,0.11,OK,0.0010,0.0021,0.07
baseline,100,auto,sirius,tpch_sf2_q12,tpch,2,q12,,1667,,,10.48,136,85,107.9,112.3,15841,38.2,40,,112.1,1.8,0.22,OK,0.0020,0.0040,0.22
baseline,100,auto,sirius,tpch_sf2_q13,tpch,2,q13,,4287,,,11.77,145,145,56.1,68.9,15821,7.6,62,,108.0,1.8,0.76,OK,0.0070,0.0077,0.39
baseline,100,auto,sirius,tpch_sf2_q14,tpch,2,q14,,3334,,,12.12,157,152,77.8,89.9,15841,20.4,60,,110.5,1.8,0.11,OK,0.0010,0.0025,0.08
baseline,100,auto,sirius,tpch_sf2_q15,tpch,2,q15,,2500,,,11.81,154,108,81.6,83.4,15841,23.4,24,,110.2,1.8,0.22,OK,0.0020,0.0032,0.16
baseline,100,auto,sirius,tpch_sf2_q16,tpch,2,q16,,954,,,14.10,180,128,75.2,89.9,15841,35.2,63,,111.2,1.8,0.22,OK,0.0020,0.0069,0.15
baseline,100,auto,sirius,tpch_sf2_q17,tpch,2,q17,,2224,,,17.81,230,182,106.7,137.1,15841,33.5,59,,111.9,1.8,0.11,OK,0.0010,0.0046,0.11
baseline,100,auto,sirius,tpch_sf2_q18,tpch,2,q18,,910,,,11.48,147,96,150.7,154.6,15841,69.9,71,,110.6,1.8,0.77,OK,0.0070,0.0085,1.05
baseline,100,auto,sirius,tpch_sf2_q19,tpch,2,q19,,1429,,,10.48,136,79,103.2,105.9,15841,37.3,39,,112.4,1.8,0.22,OK,0.0020,0.0044,0.21
baseline,100,auto,sirius,tpch_sf2_q20,tpch,2,q20,,1250,,,10.69,139,86,80.0,81.2,15841,31.6,33,,111.8,1.8,0.34,OK,0.0030,0.0055,0.24
baseline,100,auto,sirius,tpch_sf2_q21,tpch,2,q21,,1054,,,16.89,216,167,99.6,124.2,15841,39.3,59,,112.6,1.8,0.45,OK,0.0040,0.0088,0.40
baseline,100,auto,sirius,tpch_sf2_q22,tpch,2,q22,,2000,,,11.23,147,142,66.8,74.9,15841,13.9,29,,110.2,1.8,0.22,OK,0.0020,0.0037,0.13
cpu_low,18,auto,maximus,clickbench_sf5_q0,clickbench,5,q0,gpu,100,0,0.2,10.52,93,28,128.2,171.9,15691,59.7,94,0.0,54.7,1.8,0.0,OK,,,
cpu_low,18,auto,maximus,clickbench_sf5_q1,clickbench,5,q1,gpu,100,0,0.6,10.59,93,23,142.7,168.9,15693,77.7,92,0.0,54.2,1.8,0.0,OK,,,
cpu_low,18,auto,maximus,clickbench_sf5_q2,clickbench,5,q2,gpu,1250,7,7.8,41.63,385,307,141.4,146.0,15693,94.4,95,1.0,54.0,1.8,0.4,OK,,,
cpu_low,18,auto,maximus,clickbench_sf5_q3,clickbench,5,q3,gpu,1429,6,6.5,44.79,410,341,144.7,155.0,15693,95.2,96,0.9,54.0,1.8,0.3,OK,,,
cpu_low,18,auto,maximus,clickbench_sf5_q4,clickbench,5,q4,gpu,10000,1,1.3,209.13,1889,1811,178.3,181.2,15693,93.6,95,0.2,53.9,1.8,0.1,OK,,,
cpu_low,18,auto,maximus,clickbench_sf5_q5,clickbench,5,q5,gpu,10000,1,1.2,207.52,1870,1799,179.1,181.3,15693,92.6,94,0.2,53.9,1.8,0.1,OK,,,
cpu_low,18,auto,maximus,clickbench_sf5_q6,clickbench,5,q6,gpu,1250,8,8.3,42.65,392,323,142.6,152.1,15693,95.2,96,1.1,54.1,1.8,0.4,OK,,,
cpu_low,18,auto,maximus,clickbench_sf5_q7,clickbench,5,q7,gpu,100,0,1.4,10.81,95,28,130.9,175.4,15695,72.9,93,0.0,54.7,1.8,0.0,OK,,,
cpu_low,18,auto,maximus,clickbench_sf5_q8,clickbench,5,q8,gpu,271,37,37.7,24.12,225,155,185.1,192.5,15691,97.6,98,6.8,54.2,1.8,2.0,OK,,,
cpu_low,18,auto,maximus,clickbench_sf5_q9,clickbench,5,q9,gpu,271,37,38.7,24.31,227,156,184.5,191.8,15693,96.9,98,6.8,54.2,1.8,2.0,OK,,,
cpu_low,18,auto,maximus,clickbench_sf5_q10,clickbench,5,q10,gpu,2000,5,5.1,57.20,521,450,157.7,160.2,15691,90.5,91,0.8,53.9,1.8,0.3,OK,,,
cpu_low,18,auto,maximus,clickbench_sf5_q11,clickbench,5,q11,gpu,1429,7,7.1,45.94,422,350,154.4,157.3,15691,91.0,92,1.1,54.0,1.8,0.4,OK,,,
cpu_low,18,auto,maximus,clickbench_sf5_q12,clickbench,5,q12,gpu,164,61,63.1,22.73,216,149,84.1,106.5,15697,29.7,63,5.1,54.4,1.8,3.3,OK,,,
cpu_low,18,auto,maximus,clickbench_sf5_q13,clickbench,5,q13,gpu,113,88,90.8,21.45,201,133,98.4,109.8,15693,43.4,51,8.7,54.3,1.8,4.8,OK,,,
cpu_low,18,auto,maximus,clickbench_sf5_q14,clickbench,5,q14,gpu,157,64,66.0,22.63,215,149,82.2,103.5,15697,27.9,38,5.3,54.4,1.8,3.5,OK,,,
cpu_low,18,auto,maximus,clickbench_sf5_q15,clickbench,5,q15,gpu,2500,4,4.1,65.67,595,516,165.5,167.4,15697,92.1,93,0.7,54.0,1.8,0.2,OK,,,
cpu_low,18,auto,maximus,clickbench_sf5_q16,clickbench,5,q16,gpu,137,73,75.1,21.48,203,140,81.4,106.1,15697,31.2,89,5.9,54.4,1.8,4.0,OK,,,
cpu_low,18,auto,maximus,clickbench_sf5_q17,clickbench,5,q17,gpu,136,73,75.1,21.35,202,135,81.2,104.7,15697,30.6,66,5.9,54.4,1.8,4.0,OK,,,
cpu_low,18,auto,maximus,clickbench_sf5_q19,clickbench,5,q19,gpu,100,0,0.1,10.49,93,28,138.7,175.5,15691,75.1,96,0.0,54.4,1.8,0.0,OK,,,
cpu_low,18,auto,maximus,clickbench_sf5_q20,clickbench,5,q20,gpu,213,46,47.2,22.53,212,141,236.6,245.4,15693,96.7,99,10.9,54.2,1.8,2.5,OK,,,
cpu_low,18,auto,maximus,clickbench_sf5_q21,clickbench,5,q21,gpu,209,47,48.8,22.78,216,143,231.6,242.0,15695,94.8,97,10.9,54.2,1.8,2.5,OK,,,
cpu_low,18,auto,maximus,clickbench_sf5_q22,clickbench,5,q22,gpu,218,46,47.9,23.29,219,137,220.7,224.4,15693,93.8,96,10.2,54.2,1.8,2.5,OK,,,
cpu_low,18,auto,maximus,clickbench_sf5_q23,clickbench,5,q23,gpu,218,46,46.9,23.01,215,142,240.2,246.5,15691,98.0,99,11.0,54.2,1.8,2.5,OK,,,
cpu_low,18,auto,maximus,clickbench_sf5_q24,clickbench,5,q24,gpu,117,85,86.8,21.72,204,133,77.1,103.8,15691,23.4,31,6.6,54.3,1.8,4.6,OK,,,
cpu_low,18,auto,maximus,clickbench_sf5_q25,clickbench,5,q25,gpu,94,107,108.5,21.08,200,130,87.8,110.5,15691,36.5,46,9.4,54.4,1.8,5.8,OK,,,
cpu_low,18,auto,maximus,clickbench_sf5_q26,clickbench,5,q26,gpu,106,94,95.7,21.30,201,134,80.3,105.5,15691,31.3,79,7.5,54.4,1.8,5.1,OK,,,
cpu_low,18,auto,maximus,clickbench_sf5_q29,clickbench,5,q29,gpu,1000,10,10.3,43.25,408,333,121.5,135.7,15693,54.1,56,1.2,54.0,1.8,0.5,OK,,,
cpu_low,18,auto,maximus,clickbench_sf5_q30,clickbench,5,q30,gpu,1112,9,9.2,40.26,368,303,154.9,159.6,15699,88.5,90,1.4,54.1,1.8,0.5,OK,,,
cpu_low,18,auto,maximus,clickbench_sf5_q31,clickbench,5,q31,gpu,667,15,15.4,31.73,294,220,152.5,156.3,15699,89.8,91,2.3,54.3,1.8,0.8,OK,,,
cpu_low,18,auto,maximus,clickbench_sf5_q32,clickbench,5,q32,gpu,41,185,195.5,17.45,162,94,97.2,109.5,15697,42.6,79,18.0,54.5,1.8,10.1,OK,,,
cpu_low,18,auto,maximus,clickbench_sf5_q33,clickbench,5,q33,gpu,32,318,326.1,19.90,189,106,64.9,96.7,15697,20.0,95,20.6,54.4,1.8,17.3,OK,,,
cpu_low,18,auto,maximus,clickbench_sf5_q34,clickbench,5,q34,gpu,31,318,329.3,19.64,187,120,64.1,94.6,15697,15.4,31,20.4,54.4,1.8,17.3,OK,,,
cpu_low,18,auto,maximus,clickbench_sf5_q35,clickbench,5,q35,gpu,3334,3,3.1,79.68,719,649,171.4,174.6,15697,93.3,94,0.5,53.9,1.8,0.2,OK,,,
cpu_low,18,auto,maximus,clickbench_sf5_q36,clickbench,5,q36,gpu,10000,1,1.0,208.67,1884,1816,177.6,180.0,15691,93.0,94,0.2,53.9,1.8,0.1,OK,,,
cpu_low,18,auto,maximus,clickbench_sf5_q37,clickbench,5,q37,gpu,10000,1,1.0,208.84,1885,1811,178.8,180.7,15691,92.9,94,0.2,53.9,1.8,0.1,OK,,,
cpu_low,18,auto,maximus,clickbench_sf5_q38,clickbench,5,q38,gpu,100,0,0.1,10.68,93,29,143.4,180.2,15691,84.4,94,0.0,54.4,1.8,0.0,OK,,,
cpu_low,18,auto,maximus,clickbench_sf5_q39,clickbench,5,q39,gpu,100,0,0.1,10.55,93,28,142.9,179.0,15691,79.2,94,0.0,54.5,1.8,0.0,OK,,,
cpu_low,18,auto,maximus,clickbench_sf5_q40,clickbench,5,q40,gpu,100,0,0.1,10.58,94,28,142.4,181.2,15691,80.1,93,0.0,54.6,1.8,0.0,OK,,,
cpu_low,18,auto,maximus,clickbench_sf5_q41,clickbench,5,q41,gpu,100,0,0.1,10.54,94,28,141.2,180.4,15691,73.6,93,0.0,54.6,1.8,0.0,OK,,,
cpu_low,18,auto,maximus,h2o_sf1gb_q1,h2o,1gb,q1,gpu,10000,1,1.0,50.88,476,414,178.4,182.7,3447,87.3,88,0.2,54.0,1.8,0.1,OK,,,
cpu_low,18,auto,maximus,h2o_sf1gb_q2,h2o,1gb,q2,gpu,5000,2,2.0,34.43,321,249,181.7,185.9,3447,85.9,87,0.4,54.0,1.8,0.1,OK,,,
cpu_low,18,auto,maximus,h2o_sf1gb_q3,h2o,1gb,q3,gpu,3334,3,3.0,28.61,268,199,189.5,193.5,3449,89.9,90,0.6,54.1,1.8,0.2,OK,,,
cpu_low,18,auto,maximus,h2o_sf1gb_q4,h2o,1gb,q4,gpu,10000,1,1.0,51.39,479,417,185.0,189.3,3447,91.6,92,0.2,53.9,1.8,0.1,OK,,,
cpu_low,18,auto,maximus,h2o_sf1gb_q5,h2o,1gb,q5,gpu,5000,2,2.0,35.47,332,269,195.3,201.0,3449,93.9,94,0.4,54.0,1.8,0.1,OK,,,
cpu_low,18,auto,maximus,h2o_sf1gb_q6,h2o,1gb,q6,gpu,77,129,133.5,18.43,173,101,204.1,208.2,3445,99.2,100,26.3,54.2,1.8,7.0,OK,,,
cpu_low,18,auto,maximus,h2o_sf1gb_q7,h2o,1gb,q7,gpu,5000,2,2.0,33.69,314,250,194.5,199.6,3449,85.5,86,0.4,54.1,1.8,0.1,OK,,,
cpu_low,18,auto,maximus,h2o_sf1gb_q9,h2o,1gb,q9,gpu,2500,3,3.1,25.04,234,166,176.6,180.7,3447,81.3,82,0.5,54.1,1.8,0.2,OK,,,
cpu_low,18,auto,maximus,h2o_sf1gb_q10,h2o,1gb,q10,gpu,1667,6,6.1,23.63,221,143,199.8,200.6,3449,88.0,89,1.2,54.2,1.8,0.3,OK,,,
cpu_low,18,auto,maximus,h2o_sf2gb_q1,h2o,2gb,q1,gpu,5000,2,2.1,48.34,446,375,188.9,191.1,6559,93.2,94,0.4,54.0,1.8,0.1,OK,,,
cpu_low,18,auto,maximus,h2o_sf2gb_q2,h2o,2gb,q2,gpu,2500,4,4.1,32.50,303,229,193.8,196.2,6559,92.5,93,0.8,54.1,1.8,0.2,OK,,,
cpu_low,18,auto,maximus,h2o_sf2gb_q3,h2o,2gb,q3,gpu,1667,5,6.2,27.67,256,187,198.1,203.4,6561,94.5,95,1.0,54.1,1.8,0.3,OK,,,
cpu_low,18,auto,maximus,h2o_sf2gb_q4,h2o,2gb,q4,gpu,3334,3,3.0,35.88,331,264,191.0,195.6,6559,95.3,96,0.6,54.1,1.8,0.2,OK,,,
cpu_low,18,auto,maximus,h2o_sf2gb_q5,h2o,2gb,q5,gpu,1667,5,6.0,26.98,251,179,195.8,199.0,6561,96.9,97,1.0,54.2,1.8,0.3,OK,,,
cpu_low,18,auto,maximus,h2o_sf2gb_q6,h2o,2gb,q6,gpu,38,266,276.2,18.74,177,105,206.3,215.2,6557,99.2,100,54.9,54.2,1.8,14.4,OK,,,
cpu_low,18,auto,maximus,h2o_sf2gb_q7,h2o,2gb,q7,gpu,2500,4,4.1,31.72,295,221,209.8,212.3,6561,91.8,92,0.8,54.1,1.8,0.2,OK,,,
cpu_low,18,auto,maximus,h2o_sf2gb_q9,h2o,2gb,q9,gpu,1667,6,6.1,28.56,256,188,191.1,195.2,6559,89.7,90,1.1,54.2,1.8,0.3,OK,,,
cpu_low,18,auto,maximus,h2o_sf2gb_q10,h2o,2gb,q10,gpu,910,11,11.2,23.70,220,151,210.7,214.3,6561,93.4,94,2.3,54.2,1.8,0.6,OK,,,
cpu_low,18,auto,maximus,tpch_sf1_q1,tpch,1,q1,gpu,2000,5,5.1,28.60,267,194,173.1,176.3,6565,78.9,79,0.9,54.1,1.8,0.3,OK,,,
cpu_low,18,auto,maximus,tpch_sf1_q2,tpch,1,q2,gpu,1667,6,6.1,24.80,236,175,72.3,74.5,3451,24.3,26,0.4,54.2,1.8,0.3,OK,,,
cpu_low,18,auto,maximus,tpch_sf1_q3,tpch,1,q3,gpu,3334,3,3.1,40.31,375,308,144.2,147.6,6565,75.2,77,0.4,54.0,1.8,0.2,OK,,,
cpu_low,18,auto,maximus,tpch_sf1_q4,tpch,1,q4,gpu,5000,2,2.0,47.89,445,373,159.5,161.8,6563,77.3,78,0.3,54.0,1.8,0.1,OK,,,
cpu_low,18,auto,maximus,tpch_sf1_q5,tpch,1,q5,gpu,2500,4,4.1,36.07,339,267,145.1,147.8,6563,63.9,65,0.6,54.0,1.8,0.2,OK,,,
cpu_low,18,auto,maximus,tpch_sf1_q6,tpch,1,q6,gpu,10000,1,1.2,68.40,646,576,162.8,165.1,6561,77.1,80,0.2,54.0,1.8,0.1,OK,,,
cpu_low,18,auto,maximus,tpch_sf1_q7,tpch,1,q7,gpu,2500,4,4.2,39.38,366,295,125.8,128.0,6563,55.0,56,0.5,54.1,1.8,0.2,OK,,,
cpu_low,18,auto,maximus,tpch_sf1_q8,tpch,1,q8,gpu,2500,4,4.1,38.70,356,282,129.8,131.4,6563,56.4,59,0.5,54.1,1.8,0.2,OK,,,
cpu_low,18,auto,maximus,tpch_sf1_q9,tpch,1,q9,gpu,2000,5,5.1,33.43,308,243,154.8,159.2,6565,71.7,72,0.8,54.1,1.8,0.3,OK,,,
cpu_low,18,auto,maximus,tpch_sf1_q10,tpch,1,q10,gpu,2500,4,4.1,34.86,324,253,131.4,133.8,6565,60.8,62,0.5,54.1,1.8,0.2,OK,,,
cpu_low,18,auto,maximus,tpch_sf1_q11,tpch,1,q11,gpu,2500,4,4.3,25.22,239,165,114.5,116.6,3453,36.5,38,0.5,54.2,1.8,0.2,OK,,,
cpu_low,18,auto,maximus,tpch_sf1_q12,tpch,1,q12,gpu,2500,3,4.1,34.40,323,257,133.7,137.3,6563,60.0,61,0.4,54.1,1.8,0.2,OK,,,
cpu_low,18,auto,maximus,tpch_sf1_q13,tpch,1,q13,gpu,667,15,15.4,19.82,187,115,227.7,235.4,3453,86.6,87,3.4,54.3,1.8,0.8,OK,,,
cpu_low,18,auto,maximus,tpch_sf1_q14,tpch,1,q14,gpu,3334,3,3.1,37.37,352,275,130.0,131.8,6561,59.0,61,0.4,54.1,1.8,0.2,OK,,,
cpu_low,18,auto,maximus,tpch_sf1_q15,tpch,1,q15,gpu,3334,3,3.2,37.20,351,278,127.7,130.2,6567,56.7,58,0.4,54.1,1.8,0.2,OK,,,
cpu_low,18,auto,maximus,tpch_sf1_q16,tpch,1,q16,gpu,477,20,20.7,19.42,184,111,95.2,97.3,3449,79.1,81,1.9,54.3,1.8,1.1,OK,,,
cpu_low,18,auto,maximus,tpch_sf1_q17,tpch,1,q17,gpu,1667,6,6.6,29.20,277,202,113.9,115.3,6567,47.0,49,0.7,54.2,1.8,0.3,OK,,,
cpu_low,18,auto,maximus,tpch_sf1_q18,tpch,1,q18,gpu,2000,5,5.1,30.47,281,207,149.8,153.0,6565,74.6,76,0.7,54.1,1.8,0.3,OK,,,
cpu_low,18,auto,maximus,tpch_sf1_q19,tpch,1,q19,gpu,527,19,19.3,22.44,212,139,196.7,200.2,6561,75.4,78,3.7,54.2,1.8,1.0,OK,,,
cpu_low,18,auto,maximus,tpch_sf1_q20,tpch,1,q20,gpu,1667,6,6.9,31.07,293,219,117.6,119.4,6563,52.7,55,0.7,54.1,1.8,0.3,OK,,,
cpu_low,18,auto,maximus,tpch_sf1_q21,tpch,1,q21,gpu,162,62,64.3,19.72,184,113,202.0,210.5,12791,89.3,91,12.5,54.2,1.8,3.4,OK,,,
cpu_low,18,auto,maximus,tpch_sf1_q22,tpch,1,q22,gpu,2000,5,6.1,29.92,287,214,75.3,77.0,3453,18.3,19,0.4,54.2,1.8,0.3,OK,,,
cpu_low,18,auto,maximus,tpch_sf2_q1,tpch,2,q1,gpu,1112,9,9.1,28.62,262,188,185.4,188.4,12789,88.0,89,1.7,54.1,1.8,0.5,OK,,,
cpu_low,18,auto,maximus,tpch_sf2_q2,tpch,2,q2,gpu,1667,6,6.7,26.51,253,185,80.9,84.7,6563,33.1,55,0.5,54.2,1.8,0.3,OK,,,
cpu_low,18,auto,maximus,tpch_sf2_q3,tpch,2,q3,gpu,2500,4,4.1,48.40,432,361,161.8,165.3,12789,85.6,87,0.6,53.9,1.8,0.2,OK,,,
cpu_low,18,auto,maximus,tpch_sf2_q4,tpch,2,q4,gpu,3334,3,3.1,55.43,492,417,173.7,175.9,12787,87.1,88,0.5,54.0,1.8,0.2,OK,,,
cpu_low,18,auto,maximus,tpch_sf2_q5,tpch,2,q5,gpu,1667,6,6.1,38.45,349,278,168.4,171.2,12787,78.0,80,1.0,54.1,1.8,0.3,OK,,,
cpu_low,18,auto,maximus,tpch_sf2_q6,tpch,2,q6,gpu,5000,1,1.2,61.54,574,497,178.6,180.6,12785,88.5,90,0.2,54.0,1.8,0.1,OK,,,
cpu_low,18,auto,maximus,tpch_sf2_q7,tpch,2,q7,gpu,2000,5,5.7,45.89,423,347,148.6,151.0,12787,70.3,73,0.7,54.1,1.8,0.3,OK,,,
cpu_low,18,auto,maximus,tpch_sf2_q8,tpch,2,q8,gpu,2000,5,5.2,45.69,417,335,155.2,156.6,12787,72.2,74,0.8,54.1,1.8,0.3,OK,,,
cpu_low,18,auto,maximus,tpch_sf2_q9,tpch,2,q9,gpu,1250,7,8.0,34.66,319,250,176.5,181.5,12789,82.7,84,1.2,54.1,1.8,0.4,OK,,,
cpu_low,18,auto,maximus,tpch_sf2_q10,tpch,2,q10,gpu,2000,5,5.1,41.79,379,309,153.0,155.7,12789,74.7,76,0.8,54.1,1.8,0.3,OK,,,
cpu_low,18,auto,maximus,tpch_sf2_q11,tpch,2,q11,gpu,1667,5,5.9,22.52,213,140,150.3,153.5,6565,51.5,53,0.8,54.3,1.8,0.3,OK,,,
cpu_low,18,auto,maximus,tpch_sf2_q12,tpch,2,q12,gpu,2500,4,4.6,49.17,441,367,158.0,160.0,12787,74.7,76,0.6,54.0,1.8,0.2,OK,,,
cpu_low,18,auto,maximus,tpch_sf2_q13,tpch,2,q13,gpu,345,29,29.7,19.60,184,110,243.8,252.3,6565,92.6,93,7.1,54.4,1.8,1.6,OK,,,
cpu_low,18,auto,maximus,tpch_sf2_q14,tpch,2,q14,gpu,2500,4,4.1,42.25,387,320,150.4,154.1,12785,74.0,76,0.6,54.1,1.8,0.2,OK,,,
cpu_low,18,auto,maximus,tpch_sf2_q15,tpch,2,q15,gpu,3334,3,3.4,52.83,493,417,150.4,153.0,12791,71.6,74,0.5,54.0,1.8,0.2,OK,,,
cpu_low,18,auto,maximus,tpch_sf2_q16,tpch,2,q16,gpu,435,23,23.5,19.97,189,116,122.1,124.6,6561,82.0,84,2.8,54.3,1.8,1.2,OK,,,
cpu_low,18,auto,maximus,tpch_sf2_q17,tpch,2,q17,gpu,1429,7,7.4,33.87,313,242,137.3,139.6,12791,62.1,64,1.0,54.1,1.8,0.4,OK,,,
cpu_low,18,auto,maximus,tpch_sf2_q18,tpch,2,q18,gpu,1250,8,8.1,32.61,299,231,163.8,168.8,12789,84.9,86,1.3,54.1,1.8,0.4,OK,,,
cpu_low,18,auto,maximus,tpch_sf2_q19,tpch,2,q19,gpu,295,34,34.4,22.30,209,137,218.5,224.3,12785,85.3,87,7.4,54.3,1.8,1.8,OK,,,
cpu_low,18,auto,maximus,tpch_sf2_q20,tpch,2,q20,gpu,1250,8,8.2,33.42,311,235,140.4,142.7,12787,67.0,68,1.1,54.2,1.8,0.4,OK,,,
cpu_low,18,auto,maximus,tpch_sf2_q21,tpch,2,q21,gpu,84,119,124.1,19.83,186,104,219.0,222.9,14347,94.3,96,26.1,54.3,1.8,6.5,OK,,,
cpu_low,18,auto,maximus,tpch_sf2_q22,tpch,2,q22,gpu,1667,6,6.2,28.66,272,198,88.2,89.5,6565,26.3,28,0.5,54.2,1.8,0.3,OK,,,
cpu_low,18,auto,sirius,clickbench_sf5_q0,clickbench,5,q0,,5000,,,21.53,211,9,51.4,51.7,283,1.0,1,,53.8,1.8,0.05,OK,0.0010,0.0018,0.05
cpu_low,18,auto,sirius,clickbench_sf5_q1,clickbench,5,q1,,3334,,,24.95,243,128,53.1,53.5,15841,1.5,5,,53.9,1.8,0.16,OK,0.0030,0.0037,0.16
cpu_low,18,auto,sirius,clickbench_sf5_q10,clickbench,5,q10,,1000,,,18.83,180,62,63.3,67.1,15841,19.4,25,,53.9,1.8,0.16,OK,0.0030,0.0058,0.19
cpu_low,18,auto,sirius,clickbench_sf5_q11,clickbench,5,q11,,834,,,18.76,181,67,66.1,71.2,15841,27.3,48,,53.9,1.8,0.16,OK,0.0030,0.0070,0.20
cpu_low,18,auto,sirius,clickbench_sf5_q12,clickbench,5,q12,,1112,,,19.20,185,72,70.6,77.1,15841,20.3,37,,54.2,1.8,0.16,OK,0.0030,0.0055,0.21
cpu_low,18,auto,sirius,clickbench_sf5_q13,clickbench,5,q13,,278,,,17.29,166,46,104.4,128.0,15841,65.6,87,,55.5,1.8,0.17,OK,0.0030,0.0149,0.31
cpu_low,18,auto,sirius,clickbench_sf5_q14,clickbench,5,q14,,1000,,,19.01,183,183,58.9,78.7,15841,8.3,38,,54.0,1.8,0.22,OK,0.0040,0.0060,0.24
cpu_low,18,auto,sirius,clickbench_sf5_q15,clickbench,5,q15,,1667,,,12.90,122,91,51.4,55.7,15815,1.5,29,,53.8,1.8,0.32,OK,0.0060,0.0065,0.31
cpu_low,18,auto,sirius,clickbench_sf5_q16,clickbench,5,q16,,910,,,13.38,126,11,57.4,77.8,15823,11.6,48,,60.7,1.9,0.55,OK,0.0090,0.0098,0.52
cpu_low,18,auto,sirius,clickbench_sf5_q17,clickbench,5,q17,,1250,,,13.41,126,126,52.4,73.2,15807,0.0,0,,53.8,1.8,0.38,OK,0.0070,0.0082,0.37
cpu_low,18,auto,sirius,clickbench_sf5_q18,clickbench,5,q18,,625,,,13.77,130,32,59.4,94.4,15841,19.2,55,,53.8,1.8,0.81,OK,0.0150,0.0160,0.89
cpu_low,18,auto,sirius,clickbench_sf5_q19,clickbench,5,q19,,3334,,,23.15,225,202,54.3,58.5,15841,2.3,9,,53.9,1.8,0.11,OK,0.0020,0.0032,0.11
cpu_low,18,auto,sirius,clickbench_sf5_q2,clickbench,5,q2,,2500,,,12.81,121,1,51.4,51.4,459,9.0,9,,53.5,1.8,0.21,OK,0.0040,0.0044,0.21
cpu_low,18,auto,sirius,clickbench_sf5_q20,clickbench,5,q20,,1429,,,24.16,233,110,130.2,138.2,15841,46.9,49,,53.9,1.8,0.32,OK,0.0060,0.0073,0.78
cpu_low,18,auto,sirius,clickbench_sf5_q21,clickbench,5,q21,,910,,,22.73,219,86,119.8,126.5,15841,41.6,46,,53.9,1.8,0.43,OK,0.0080,0.0093,0.96
cpu_low,18,auto,sirius,clickbench_sf5_q22,clickbench,5,q22,,435,,,22.92,222,65,137.9,146.5,15841,58.2,61,,53.8,1.8,0.70,OK,0.0130,0.0161,1.79
cpu_low,18,auto,sirius,clickbench_sf5_q23,clickbench,5,q23,,834,,,23.11,224,77,115.3,122.3,15841,37.9,42,,53.8,1.8,0.38,OK,0.0070,0.0092,0.81
cpu_low,18,auto,sirius,clickbench_sf5_q24,clickbench,5,q24,,1429,,,21.32,205,205,56.3,64.0,15841,3.8,10,,53.9,1.8,0.22,OK,0.0040,0.0059,0.23
cpu_low,18,auto,sirius,clickbench_sf5_q25,clickbench,5,q25,,345,,,16.84,161,36,102.8,120.2,15841,67.3,85,,54.1,1.8,0.16,OK,0.0030,0.0112,0.31
cpu_low,18,auto,sirius,clickbench_sf5_q26,clickbench,5,q26,,589,,,17.41,168,47,89.0,98.5,15841,47.4,71,,74.0,1.8,0.22,OK,0.0030,0.0075,0.27
cpu_low,18,auto,sirius,clickbench_sf5_q27,clickbench,5,q27,,834,,,20.24,195,58,97.9,107.5,15841,32.4,41,,53.8,1.8,0.27,OK,0.0050,0.0074,0.49
cpu_low,18,auto,sirius,clickbench_sf5_q28,clickbench,5,q28,,0,,,,0,0,,,,,,,,,,FALLBACK,,,
cpu_low,18,auto,sirius,clickbench_sf5_q29,clickbench,5,q29,,136,,,15.37,147,117,52.1,55.5,15841,1.3,9,,53.8,1.8,3.93,OK,0.0730,0.0762,3.80
cpu_low,18,auto,sirius,clickbench_sf5_q3,clickbench,5,q3,,3334,,,12.89,120,1,53.3,53.3,5583,3.0,3,,52.8,1.8,0.16,OK,0.0030,0.0037,0.16
cpu_low,18,auto,sirius,clickbench_sf5_q30,clickbench,5,q30,,1250,,,20.68,200,108,61.5,68.5,15841,8.7,15,,53.8,1.8,0.22,OK,0.0040,0.0059,0.25
cpu_low,18,auto,sirius,clickbench_sf5_q31,clickbench,5,q31,,1250,,,20.69,200,177,58.5,69.6,15841,5.8,13,,53.8,1.8,0.22,OK,0.0040,0.0059,0.23
cpu_low,18,auto,sirius,clickbench_sf5_q32,clickbench,5,q32,,715,,,13.40,125,125,53.3,91.0,15825,0.0,0,,53.8,1.8,0.70,OK,0.0130,0.0139,0.69
cpu_low,18,auto,sirius,clickbench_sf5_q33,clickbench,5,q33,,527,,,14.33,136,38,60.0,95.6,15841,23.9,69,,57.8,1.9,0.75,OK,0.0130,0.0143,0.78
cpu_low,18,auto,sirius,clickbench_sf5_q34,clickbench,5,q34,,527,,,14.58,137,137,53.8,96.4,15841,2.4,73,,54.0,1.8,1.03,OK,0.0190,0.0198,1.02
cpu_low,18,auto,sirius,clickbench_sf5_q35,clickbench,5,q35,,1000,,,13.06,122,99,52.8,77.6,15813,0.5,7,,53.9,1.8,0.54,OK,0.0100,0.0110,0.53
cpu_low,18,auto,sirius,clickbench_sf5_q36,clickbench,5,q36,,1000,,,22.14,214,86,81.2,85.4,15841,26.7,31,,54.1,1.8,0.32,OK,0.0060,0.0080,0.49
cpu_low,18,auto,sirius,clickbench_sf5_q37,clickbench,5,q37,,1000,,,21.98,213,77,86.3,88.5,15841,26.7,29,,53.9,1.8,0.32,OK,0.0060,0.0079,0.52
cpu_low,18,auto,sirius,clickbench_sf5_q38,clickbench,5,q38,,1250,,,21.86,213,102,57.5,59.9,15841,5.8,8,,53.9,1.8,0.22,OK,0.0040,0.0062,0.23
cpu_low,18,auto,sirius,clickbench_sf5_q39,clickbench,5,q39,,589,,,20.67,200,78,61.0,76.5,15841,10.3,39,,54.3,1.8,0.33,OK,0.0060,0.0087,0.37
cpu_low,18,auto,sirius,clickbench_sf5_q4,clickbench,5,q4,,2000,,,12.71,119,96,51.9,61.0,15759,2.9,24,,53.9,1.8,0.22,OK,0.0040,0.0049,0.21
cpu_low,18,auto,sirius,clickbench_sf5_q40,clickbench,5,q40,,1250,,,21.96,213,92,58.7,60.1,15841,5.6,6,,53.9,1.8,0.27,OK,0.0050,0.0071,0.29
cpu_low,18,auto,sirius,clickbench_sf5_q41,clickbench,5,q41,,1429,,,21.62,209,85,61.0,62.1,15841,7.3,8,,53.9,1.8,0.27,OK,0.0050,0.0061,0.30
cpu_low,18,auto,sirius,clickbench_sf5_q42,clickbench,5,q42,,1250,,,22.02,214,86,64.2,65.0,15841,9.3,10,,53.9,1.8,0.32,OK,0.0060,0.0073,0.39
cpu_low,18,auto,sirius,clickbench_sf5_q5,clickbench,5,q5,,257,,,14.18,134,20,88.1,139.1,15839,17.5,22,,53.6,1.8,1.77,OK,0.0330,0.0349,2.91
cpu_low,18,auto,sirius,clickbench_sf5_q6,clickbench,5,q6,,2000,,,12.73,120,1,52.6,52.6,5583,2.0,2,,52.4,1.8,0.21,OK,0.0040,0.0048,0.21
cpu_low,18,auto,sirius,clickbench_sf5_q7,clickbench,5,q7,,2000,,,21.23,206,84,53.9,55.0,15841,2.1,3,,53.9,1.8,0.16,OK,0.0030,0.0042,0.16
cpu_low,18,auto,sirius,clickbench_sf5_q8,clickbench,5,q8,,244,,,14.25,135,11,157.8,178.4,15841,89.5,90,,53.6,1.8,2.20,OK,0.0410,0.0416,6.47
cpu_low,18,auto,sirius,clickbench_sf5_q9,clickbench,5,q9,,228,,,14.40,138,16,142.3,173.0,15841,82.6,87,,53.6,1.8,2.36,OK,0.0440,0.0444,6.26
cpu_low,18,auto,sirius,h2o_sf1gb_q1,h2o,1gb,q1,,1667,,,13.17,124,97,51.2,61.6,15831,1.8,17,,53.9,1.8,0.27,OK,0.0050,0.0058,0.26
cpu_low,18,auto,sirius,h2o_sf1gb_q10,h2o,1gb,q10,,910,,,14.29,135,7,85.1,92.7,15815,46.0,46,,53.7,1.8,0.59,OK,0.0110,0.0123,0.94
cpu_low,18,auto,sirius,h2o_sf1gb_q2,h2o,1gb,q2,,1429,,,13.49,127,11,52.5,61.1,15841,6.2,23,,54.6,1.8,0.33,OK,0.0060,0.0068,0.31
cpu_low,18,auto,sirius,h2o_sf1gb_q3,h2o,1gb,q3,,1250,,,13.43,127,17,59.5,71.1,15791,17.8,39,,54.1,1.8,0.38,OK,0.0070,0.0077,0.42
cpu_low,18,auto,sirius,h2o_sf1gb_q4,h2o,1gb,q4,,1667,,,13.17,124,11,57.5,62.4,15779,1.0,1,,53.8,1.8,0.27,OK,0.0050,0.0062,0.29
cpu_low,18,auto,sirius,h2o_sf1gb_q5,h2o,1gb,q5,,1250,,,13.24,126,1,71.2,71.2,5583,38.0,38,,53.4,1.8,0.37,OK,0.0070,0.0077,0.50
cpu_low,18,auto,sirius,h2o_sf1gb_q6,h2o,1gb,q6,,1112,,,13.24,125,3,57.5,63.5,15835,2.0,2,,54.0,1.8,0.43,OK,0.0080,0.0088,0.46
cpu_low,18,auto,sirius,h2o_sf1gb_q7,h2o,1gb,q7,,1667,,,13.26,124,1,66.3,66.3,5583,29.0,29,,52.9,1.8,0.32,OK,0.0060,0.0068,0.40
cpu_low,18,auto,sirius,h2o_sf1gb_q8,h2o,1gb,q8,,910,,,13.43,126,97,52.0,78.8,15819,0.8,49,,53.9,1.8,0.59,OK,0.0110,0.0114,0.57
cpu_low,18,auto,sirius,h2o_sf1gb_q9,h2o,1gb,q9,,556,,,13.81,129,3,83.0,87.2,15835,46.0,46,,53.8,1.8,0.97,OK,0.0180,0.0190,1.49
cpu_low,18,auto,sirius,h2o_sf2gb_q1,h2o,2gb,q1,,1429,,,13.71,131,103,51.7,70.8,15839,1.4,24,,54.0,1.8,0.32,OK,0.0060,0.0072,0.31
cpu_low,18,auto,sirius,h2o_sf2gb_q10,h2o,2gb,q10,,556,,,15.89,151,33,65.7,130.9,15823,22.2,65,,53.9,1.8,0.92,OK,0.0170,0.0177,1.12
cpu_low,18,auto,sirius,h2o_sf2gb_q2,h2o,2gb,q2,,1250,,,14.23,134,111,53.0,80.4,15817,2.8,26,,53.9,1.8,0.43,OK,0.0080,0.0086,0.42
cpu_low,18,auto,sirius,h2o_sf2gb_q3,h2o,2gb,q3,,910,,,14.27,133,11,73.1,88.7,15839,60.0,60,,53.8,1.8,0.59,OK,0.0110,0.0115,0.80
cpu_low,18,auto,sirius,h2o_sf2gb_q4,h2o,2gb,q4,,1429,,,13.63,129,129,52.3,71.2,15805,0.0,0,,54.1,1.8,0.38,OK,0.0070,0.0078,0.37
cpu_low,18,auto,sirius,h2o_sf2gb_q5,h2o,2gb,q5,,1000,,,13.71,129,6,63.1,85.3,15811,33.3,55,,56.9,1.8,0.57,OK,0.0100,0.0106,0.63
cpu_low,18,auto,sirius,h2o_sf2gb_q6,h2o,2gb,q6,,834,,,13.82,131,4,72.0,85.5,15835,40.0,40,,53.6,1.8,0.64,OK,0.0120,0.0122,0.86
cpu_low,18,auto,sirius,h2o_sf2gb_q7,h2o,2gb,q7,,1250,,,13.88,130,11,70.3,83.3,15829,26.0,26,,53.8,1.8,0.43,OK,0.0080,0.0086,0.56
cpu_low,18,auto,sirius,h2o_sf2gb_q8,h2o,2gb,q8,,667,,,13.77,131,6,71.9,91.0,15841,17.8,62,,53.8,1.8,0.75,OK,0.0140,0.0153,1.01
cpu_low,18,auto,sirius,h2o_sf2gb_q9,h2o,2gb,q9,,371,,,14.66,141,38,67.0,130.7,15839,26.9,64,,53.8,1.8,1.40,OK,0.0260,0.0272,1.74
cpu_low,18,auto,sirius,tpch_sf1_q01,tpch,1,q01,,589,,,18.55,178,148,63.1,98.2,15841,7.2,44,,53.9,1.8,0.27,OK,0.0050,0.0090,0.32
cpu_low,18,auto,sirius,tpch_sf1_q02,tpch,1,q02,,371,,,20.53,199,86,54.6,55.3,15841,5.2,24,,53.8,1.8,0.97,OK,0.0180,0.0207,0.98
cpu_low,18,auto,sirius,tpch_sf1_q03,tpch,1,q03,,770,,,20.30,197,87,58.3,60.2,15841,7.3,15,,53.9,1.8,0.38,OK,0.0070,0.0095,0.41
cpu_low,18,auto,sirius,tpch_sf1_q04,tpch,1,q04,,910,,,20.62,199,172,55.9,63.2,15841,3.4,10,,53.9,1.8,0.32,OK,0.0060,0.0084,0.34
cpu_low,18,auto,sirius,tpch_sf1_q05,tpch,1,q05,,589,,,21.11,204,91,55.3,57.3,15841,3.4,5,,53.9,1.8,0.59,OK,0.0110,0.0137,0.61
cpu_low,18,auto,sirius,tpch_sf1_q06,tpch,1,q06,,1667,,,22.22,215,122,67.6,74.2,15841,11.3,14,,53.9,1.8,0.27,OK,0.0050,0.0057,0.34
cpu_low,18,auto,sirius,tpch_sf1_q07,tpch,1,q07,,455,,,20.59,199,177,53.6,57.6,15841,3.1,15,,53.8,1.8,0.75,OK,0.0140,0.0166,0.75
cpu_low,18,auto,sirius,tpch_sf1_q08,tpch,1,q08,,455,,,21.28,206,80,54.5,56.2,15841,2.6,5,,53.8,1.8,0.86,OK,0.0160,0.0178,0.87
cpu_low,18,auto,sirius,tpch_sf1_q09,tpch,1,q09,,527,,,20.57,199,86,59.6,63.8,15841,6.7,20,,53.8,1.8,0.65,OK,0.0120,0.0142,0.72
cpu_low,18,auto,sirius,tpch_sf1_q10,tpch,1,q10,,556,,,20.30,196,81,57.8,60.4,15841,6.2,9,,53.9,1.8,0.54,OK,0.0100,0.0127,0.58
cpu_low,18,auto,sirius,tpch_sf1_q11,tpch,1,q11,,1429,,,33.12,325,203,53.2,54.6,15841,1.6,2,,53.8,1.8,0.27,OK,0.0050,0.0071,0.27
cpu_low,18,auto,sirius,tpch_sf1_q12,tpch,1,q12,,715,,,19.87,192,82,60.1,62.9,15841,6.7,10,,53.8,1.8,0.38,OK,0.0070,0.0093,0.42
cpu_low,18,auto,sirius,tpch_sf1_q13,tpch,1,q13,,910,,,13.19,125,33,52.7,59.4,15813,0.9,9,,53.7,1.8,0.54,OK,0.0100,0.0111,0.53
cpu_low,18,auto,sirius,tpch_sf1_q14,tpch,1,q14,,1112,,,20.89,202,177,53.7,56.8,15841,2.1,12,,53.8,1.8,0.27,OK,0.0050,0.0071,0.27
cpu_low,18,auto,sirius,tpch_sf1_q15,tpch,1,q15,,834,,,20.71,201,87,54.8,55.6,15841,3.1,6,,53.9,1.8,0.38,OK,0.0070,0.0093,0.38
cpu_low,18,auto,sirius,tpch_sf1_q16,tpch,1,q16,,323,,,17.34,167,73,57.4,63.4,15841,18.5,52,,53.8,1.8,0.43,OK,0.0080,0.0140,0.46
cpu_low,18,auto,sirius,tpch_sf1_q17,tpch,1,q17,,770,,,20.70,199,176,57.5,69.1,15841,6.3,15,,53.9,1.8,0.38,OK,0.0070,0.0100,0.40
cpu_low,18,auto,sirius,tpch_sf1_q18,tpch,1,q18,,589,,,20.68,199,86,80.0,85.3,15841,21.6,24,,53.8,1.8,0.59,OK,0.0110,0.0132,0.88
cpu_low,18,auto,sirius,tpch_sf1_q19,tpch,1,q19,,625,,,20.05,193,107,57.2,62.1,15841,4.5,11,,53.8,1.8,0.43,OK,0.0080,0.0103,0.46
cpu_low,18,auto,sirius,tpch_sf1_q20,tpch,1,q20,,527,,,20.60,200,169,53.2,56.3,15841,2.8,9,,53.8,1.8,0.65,OK,0.0120,0.0143,0.64
cpu_low,18,auto,sirius,tpch_sf1_q21,tpch,1,q21,,358,,,18.98,183,59,63.6,67.2,15841,8.7,15,,53.8,1.8,0.75,OK,0.0140,0.0168,0.89
cpu_low,18,auto,sirius,tpch_sf1_q22,tpch,1,q22,,715,,,21.52,210,88,54.6,55.6,15841,3.1,5,,53.9,1.8,0.54,OK,0.0100,0.0119,0.55
cpu_low,18,auto,sirius,tpch_sf2_q01,tpch,2,q01,,400,,,18.44,177,60,92.8,133.3,15841,23.4,46,,54.3,1.8,0.27,OK,0.0050,0.0116,0.46
cpu_low,18,auto,sirius,tpch_sf2_q02,tpch,2,q02,,371,,,20.68,201,87,56.1,57.6,15841,4.3,6,,53.8,1.8,0.97,OK,0.0180,0.0210,1.01
cpu_low,18,auto,sirius,tpch_sf2_q03,tpch,2,q03,,770,,,21.01,204,74,66.3,68.8,15841,10.9,13,,53.8,1.8,0.43,OK,0.0080,0.0100,0.53
cpu_low,18,auto,sirius,tpch_sf2_q04,tpch,2,q04,,834,,,20.96,203,104,66.3,74.7,15841,9.5,17,,-11770.1,1.8,-82.39,OK,0.0070,0.0093,0.46
cpu_low,18,auto,sirius,tpch_sf2_q05,tpch,2,q05,,556,,,20.73,200,169,54.0,62.0,15841,3.2,28,,53.8,1.8,0.59,OK,0.0110,0.0135,0.59
cpu_low,18,auto,sirius,tpch_sf2_q06,tpch,2,q06,,1429,,,22.70,219,93,91.6,93.2,15841,26.8,28,,53.9,1.8,0.32,OK,0.0060,0.0068,0.55
cpu_low,18,auto,sirius,tpch_sf2_q07,tpch,2,q07,,435,,,20.88,201,117,57.3,61.9,15841,6.0,10,,54.0,1.8,0.81,OK,0.0150,0.0173,0.86
cpu_low,18,auto,sirius,tpch_sf2_q08,tpch,2,q08,,435,,,21.40,208,182,53.2,58.1,15841,2.9,11,,53.9,1.8,0.86,OK,0.0160,0.0176,0.85
cpu_low,18,auto,sirius,tpch_sf2_q09,tpch,2,q09,,477,,,20.51,198,66,68.8,73.1,15841,9.6,17,,53.8,1.8,0.65,OK,0.0120,0.0147,0.83
cpu_low,18,auto,sirius,tpch_sf2_q10,tpch,2,q10,,500,,,20.57,198,91,62.0,67.5,15841,8.7,14,,53.9,1.8,0.54,OK,0.0100,0.0135,0.62
cpu_low,18,auto,sirius,tpch_sf2_q11,tpch,2,q11,,1429,,,33.56,331,301,53.6,56.3,15841,1.6,9,,53.8,1.8,0.27,OK,0.0050,0.0073,0.27
cpu_low,18,auto,sirius,tpch_sf2_q12,tpch,2,q12,,667,,,20.49,197,82,68.2,73.9,15841,11.4,15,,54.0,1.8,0.38,OK,0.0070,0.0104,0.48
cpu_low,18,auto,sirius,tpch_sf2_q13,tpch,2,q13,,770,,,13.48,128,2,51.2,51.2,461,9.0,9,,53.8,1.8,0.65,OK,0.0120,0.0131,0.61
cpu_low,18,auto,sirius,tpch_sf2_q14,tpch,2,q14,,1112,,,21.47,208,179,56.4,63.3,15841,3.5,9,,54.0,1.8,0.27,OK,0.0050,0.0074,0.28
cpu_low,18,auto,sirius,tpch_sf2_q15,tpch,2,q15,,770,,,20.73,201,91,58.7,60.8,15841,5.9,10,,53.9,1.8,0.38,OK,0.0070,0.0098,0.41
cpu_low,18,auto,sirius,tpch_sf2_q16,tpch,2,q16,,323,,,17.55,169,47,67.2,70.6,15841,26.9,46,,53.9,1.8,0.43,OK,0.0080,0.0145,0.54
cpu_low,18,auto,sirius,tpch_sf2_q17,tpch,2,q17,,625,,,19.66,189,74,70.6,80.5,15841,12.6,33,,54.2,1.8,0.38,OK,0.0070,0.0102,0.49
cpu_low,18,auto,sirius,tpch_sf2_q18,tpch,2,q18,,477,,,20.46,198,81,96.8,104.6,15841,36.0,39,,53.8,1.8,0.75,OK,0.0140,0.0154,1.36
cpu_low,18,auto,sirius,tpch_sf2_q19,tpch,2,q19,,589,,,21.11,204,181,57.7,70.4,15841,6.6,44,,54.0,1.8,0.43,OK,0.0080,0.0113,0.46
cpu_low,18,auto,sirius,tpch_sf2_q20,tpch,2,q20,,500,,,20.93,203,81,59.6,60.9,15841,8.9,13,,53.8,1.8,0.70,OK,0.0130,0.0152,0.77
cpu_low,18,auto,sirius,tpch_sf2_q21,tpch,2,q21,,313,,,19.08,182,66,71.3,77.3,15841,14.3,27,,53.8,1.8,0.81,OK,0.0150,0.0186,1.07
cpu_low,18,auto,sirius,tpch_sf2_q22,tpch,2,q22,,715,,,21.41,207,87,56.1,57.7,15841,3.6,5,,53.8,1.8,0.54,OK,0.0100,0.0118,0.56
gpu_low,100,180,maximus,h2o_sf1gb_q1,h2o,1gb,q1,gpu,477,20,20.9,42.39,258,226,32.5,32.7,3447,100.0,100,0.6,105.3,1.8,2.1,OK,,,
gpu_low,100,180,maximus,h2o_sf1gb_q2,h2o,1gb,q2,gpu,323,31,31.2,33.40,210,177,32.3,32.6,3447,100.0,100,1.0,105.3,1.8,3.3,OK,,,
gpu_low,100,180,maximus,h2o_sf1gb_q3,h2o,1gb,q3,gpu,334,30,30.2,34.21,202,202,31.2,34.2,3648,85.4,100,0.9,105.0,1.8,3.1,OK,,,
gpu_low,100,180,maximus,h2o_sf1gb_q4,h2o,1gb,q4,gpu,417,23,23.8,38.89,243,243,30.5,32.8,3648,89.7,100,0.7,105.2,1.8,2.4,OK,,,
gpu_low,100,180,maximus,h2o_sf1gb_q5,h2o,1gb,q5,gpu,358,28,28.4,35.65,206,206,31.3,34.2,3648,88.5,100,0.9,105.6,1.8,3.0,OK,,,
gpu_low,100,180,maximus,h2o_sf1gb_q6,h2o,1gb,q6,gpu,7,1438,1450.6,13.99,142,142,29.8,34.2,3665,80.7,100,42.8,104.7,1.8,150.6,OK,,,
gpu_low,100,180,maximus,h2o_sf1gb_q7,h2o,1gb,q7,gpu,313,32,32.2,32.76,191,190,30.9,33.9,3648,87.1,100,1.0,105.3,1.8,3.4,OK,,,
gpu_low,100,180,maximus,h2o_sf1gb_q9,h2o,1gb,q9,gpu,200,49,50.2,25.82,171,139,32.4,32.8,3447,100.0,100,1.6,105.2,1.8,5.2,OK,,,
gpu_low,100,180,maximus,h2o_sf1gb_q10,h2o,1gb,q10,gpu,143,69,70.3,22.35,176,174,31.0,34.5,3648,86.5,100,2.1,105.3,1.8,7.3,OK,,,
gpu_low,100,180,maximus,h2o_sf2gb_q1,h2o,2gb,q1,gpu,250,39,40.1,44.87,287,256,32.5,32.9,6559,99.9,100,1.3,105.2,1.8,4.1,OK,,,
gpu_low,100,180,maximus,h2o_sf2gb_q2,h2o,2gb,q2,gpu,164,60,61.3,34.49,202,200,30.0,32.8,6559,86.4,100,1.8,105.1,1.8,6.3,OK,,,
gpu_low,100,180,maximus,h2o_sf2gb_q3,h2o,2gb,q3,gpu,173,57,59.2,35.66,211,183,33.5,34.3,6561,99.7,100,1.9,105.5,1.8,6.0,OK,,,
gpu_low,100,180,maximus,h2o_sf2gb_q4,h2o,2gb,q4,gpu,218,45,45.4,40.94,257,257,30.5,33.0,6559,90.8,100,1.4,105.1,1.8,4.7,OK,,,
gpu_low,100,180,maximus,h2o_sf2gb_q5,h2o,2gb,q5,gpu,179,54,55.4,36.16,217,215,31.4,34.4,6561,90.9,100,1.7,104.9,1.8,5.7,OK,,,
gpu_low,100,180,maximus,h2o_sf2gb_q6,h2o,2gb,q6,gpu,4,2982,2996.5,16.62,163,124,33.8,35.3,6557,100.0,100,100.7,103.6,1.8,309.0,OK,,,
gpu_low,100,180,maximus,h2o_sf2gb_q7,h2o,2gb,q7,gpu,162,61,61.9,34.13,200,200,30.8,34.0,6561,88.1,100,1.9,105.4,1.8,6.4,OK,,,
gpu_low,100,180,maximus,h2o_sf2gb_q9,h2o,2gb,q9,gpu,104,97,97.5,27.23,143,142,28.9,32.8,6559,81.7,100,2.8,105.3,1.8,10.2,OK,,,
gpu_low,100,180,maximus,h2o_sf2gb_q10,h2o,2gb,q10,gpu,77,131,132.4,23.96,157,127,33.3,34.3,6561,99.8,100,4.4,105.1,1.8,13.8,OK,,,
gpu_low,100,180,maximus,tpch_sf1_q1,tpch,1,q1,gpu,136,74,74.8,27.91,170,138,32.0,32.8,6565,99.7,100,2.4,105.0,1.8,7.8,OK,,,
gpu_low,100,180,maximus,tpch_sf1_q2,tpch,1,q2,gpu,500,19,20.1,24.08,207,178,26.1,30.0,3451,94.2,96,0.5,104.5,1.8,2.0,OK,,,
gpu_low,100,180,maximus,tpch_sf1_q3,tpch,1,q3,gpu,313,32,32.1,53.08,351,311,31.5,32.0,6565,99.6,100,1.0,104.6,1.8,3.3,OK,,,
gpu_low,100,180,maximus,tpch_sf1_q4,tpch,1,q4,gpu,527,19,19.1,77.67,388,342,32.4,32.6,6563,99.7,100,0.6,105.0,1.8,2.0,OK,,,
gpu_low,100,180,maximus,tpch_sf1_q5,tpch,1,q5,gpu,358,28,28.2,58.98,398,368,32.1,32.6,6563,99.3,100,0.9,104.8,1.8,2.9,OK,,,
gpu_low,100,180,maximus,tpch_sf1_q6,tpch,1,q6,gpu,1250,8,9.3,138.64,663,662,31.8,33.0,6561,94.6,100,0.3,104.8,1.8,0.8,OK,,,
gpu_low,100,180,maximus,tpch_sf1_q7,tpch,1,q7,gpu,417,24,24.2,66.08,391,353,31.9,32.4,6563,99.2,100,0.8,105.2,1.8,2.5,OK,,,
gpu_low,100,180,maximus,tpch_sf1_q8,tpch,1,q8,gpu,477,21,21.2,75.19,443,441,31.2,32.7,6563,92.4,100,0.7,104.9,1.8,2.2,OK,,,
gpu_low,100,180,maximus,tpch_sf1_q9,tpch,1,q9,gpu,223,45,45.9,45.54,263,228,32.2,32.5,6565,99.6,100,1.4,105.2,1.8,4.7,OK,,,
gpu_low,100,180,maximus,tpch_sf1_q10,tpch,1,q10,gpu,527,19,19.1,79.65,401,370,32.1,32.6,6565,99.3,100,0.6,105.2,1.8,2.0,OK,,,
gpu_low,100,180,maximus,tpch_sf1_q11,tpch,1,q11,gpu,400,25,25.9,20.72,174,143,31.9,32.6,3453,97.5,98,0.8,104.8,1.8,2.6,OK,,,
gpu_low,100,180,maximus,tpch_sf1_q12,tpch,1,q12,gpu,589,17,17.1,85.46,444,404,32.5,32.8,6563,99.3,100,0.6,105.3,1.8,1.8,OK,,,
gpu_low,100,180,maximus,tpch_sf1_q13,tpch,1,q13,gpu,60,169,170.2,15.69,159,120,33.4,34.0,3453,99.4,100,5.6,104.3,1.8,17.6,OK,,,
gpu_low,100,180,maximus,tpch_sf1_q14,tpch,1,q14,gpu,834,11,11.9,99.43,457,455,31.4,32.8,6561,93.0,100,0.3,105.3,1.8,1.2,OK,,,
gpu_low,100,180,maximus,tpch_sf1_q15,tpch,1,q15,gpu,910,11,12.0,105.57,495,457,32.4,32.8,6567,98.4,100,0.4,105.1,1.8,1.2,OK,,,
gpu_low,100,180,maximus,tpch_sf1_q16,tpch,1,q16,gpu,44,228,230.2,15.05,172,142,24.8,31.0,3449,99.9,100,5.7,104.0,1.8,23.7,OK,,,
gpu_low,100,180,maximus,tpch_sf1_q17,tpch,1,q17,gpu,477,21,24.4,64.64,507,507,30.6,31.9,6565,91.2,100,0.6,104.3,1.8,2.2,OK,,,
gpu_low,100,180,maximus,tpch_sf1_q18,tpch,1,q18,gpu,205,49,49.3,39.71,246,246,30.3,32.7,6565,87.3,100,1.5,104.6,1.8,5.1,OK,,,
gpu_low,100,180,maximus,tpch_sf1_q19,tpch,1,q19,gpu,44,228,229.8,18.94,155,155,30.2,34.5,6561,80.7,100,6.9,104.3,1.8,23.8,OK,,,
gpu_low,100,180,maximus,tpch_sf1_q20,tpch,1,q20,gpu,304,32,33.2,50.03,342,342,30.2,32.4,6563,93.7,100,1.0,104.7,1.8,3.4,OK,,,
gpu_low,100,180,maximus,tpch_sf1_q21,tpch,1,q21,gpu,13,808,816.9,16.64,140,140,29.6,34.5,12791,83.0,100,23.9,104.6,1.8,84.5,OK,,,
gpu_low,100,180,maximus,tpch_sf1_q22,tpch,1,q22,gpu,1000,10,10.1,40.08,291,289,29.0,31.3,3648,85.3,100,0.3,104.7,1.8,1.0,OK,,,
gpu_low,100,180,maximus,tpch_sf2_q1,tpch,2,q1,gpu,68,148,148.9,29.22,176,146,32.4,34.2,12789,99.4,100,4.8,104.8,1.8,15.5,OK,,,
gpu_low,100,180,maximus,tpch_sf2_q2,tpch,2,q2,gpu,417,23,24.2,31.20,276,276,27.1,33.8,6563,87.5,100,0.6,104.4,1.8,2.4,OK,,,
gpu_low,100,180,maximus,tpch_sf2_q3,tpch,2,q3,gpu,193,52,52.3,63.54,326,324,30.5,33.8,12789,92.7,100,1.6,104.8,1.8,5.5,OK,,,
gpu_low,100,180,maximus,tpch_sf2_q4,tpch,2,q4,gpu,278,36,36.2,82.81,389,350,32.6,34.2,12787,99.9,100,1.2,105.4,1.8,3.8,OK,,,
gpu_low,100,180,maximus,tpch_sf2_q5,tpch,2,q5,gpu,179,56,56.3,60.15,321,321,31.0,34.3,12787,91.3,100,1.7,105.2,1.8,5.9,OK,,,
gpu_low,100,180,maximus,tpch_sf2_q6,tpch,2,q6,gpu,667,15,15.3,148.02,715,711,32.1,34.9,12783,96.2,100,0.5,105.3,1.8,1.6,OK,,,
gpu_low,100,180,maximus,tpch_sf2_q7,tpch,2,q7,gpu,239,42,42.3,75.05,373,338,32.3,34.2,12787,99.0,100,1.4,105.0,1.8,4.4,OK,,,
gpu_low,100,180,maximus,tpch_sf2_q8,tpch,2,q8,gpu,257,39,39.4,81.27,402,402,31.2,34.0,12787,93.4,100,1.2,104.9,1.8,4.1,OK,,,
gpu_low,100,180,maximus,tpch_sf2_q9,tpch,2,q9,gpu,124,81,81.6,50.28,296,295,30.7,33.6,12789,92.3,100,2.5,105.1,1.8,8.5,OK,,,
gpu_low,100,180,maximus,tpch_sf2_q10,tpch,2,q10,gpu,295,34,34.2,88.87,429,373,32.5,32.8,12789,99.7,100,1.1,105.2,1.8,3.6,OK,,,
gpu_low,100,180,maximus,tpch_sf2_q11,tpch,2,q11,gpu,228,44,45.6,22.79,189,159,32.5,34.2,6565,91.9,100,1.4,104.9,1.8,4.6,OK,,,
gpu_low,100,180,maximus,tpch_sf2_q12,tpch,2,q12,gpu,334,30,30.3,96.40,446,444,31.3,33.5,12787,94.7,100,0.9,105.5,1.8,3.2,OK,,,
gpu_low,100,180,maximus,tpch_sf2_q13,tpch,2,q13,gpu,30,339,341.1,16.88,167,124,33.5,34.0,6565,99.9,100,11.4,104.9,1.8,35.6,OK,,,
gpu_low,100,180,maximus,tpch_sf2_q14,tpch,2,q14,gpu,527,19,19.1,123.61,575,529,32.5,32.8,12783,99.5,100,0.6,105.2,1.8,2.0,OK,,,
gpu_low,100,180,maximus,tpch_sf2_q15,tpch,2,q15,gpu,556,18,18.3,126.46,605,555,32.7,33.1,12789,99.9,100,0.6,104.9,1.8,1.9,OK,,,
gpu_low,100,180,maximus,tpch_sf2_q16,tpch,2,q16,gpu,39,261,263.6,16.89,167,166,26.1,34.6,6561,83.4,100,6.8,104.9,1.8,27.4,OK,,,
gpu_low,100,180,maximus,tpch_sf2_q17,tpch,2,q17,gpu,295,33,34.2,76.03,345,301,32.2,32.6,12791,99.9,100,1.1,105.7,1.8,3.5,OK,,,
gpu_low,100,180,maximus,tpch_sf2_q18,tpch,2,q18,gpu,108,93,93.6,42.43,239,237,30.4,34.4,12789,90.4,100,2.8,105.4,1.8,9.8,OK,,,
gpu_low,100,180,maximus,tpch_sf2_q19,tpch,2,q19,gpu,22,454,456.0,20.31,158,115,33.8,34.7,12783,99.7,100,15.4,105.2,1.8,47.8,OK,,,
gpu_low,100,180,maximus,tpch_sf2_q20,tpch,2,q20,gpu,186,54,54.4,59.53,302,301,30.4,33.8,12787,86.3,100,1.6,105.2,1.8,5.7,OK,,,
gpu_low,100,180,maximus,tpch_sf2_q21,tpch,2,q21,gpu,6,1667,1684.3,17.21,141,79,33.4,34.9,14347,100.0,100,55.7,105.4,1.8,175.7,OK,,,
gpu_low,100,180,maximus,tpch_sf2_q22,tpch,2,q22,gpu,715,14,15.4,51.88,359,359,29.9,34.0,6565,86.0,100,0.4,104.9,1.8,1.5,OK,,,
gpu_low,100,180,sirius,clickbench_sf5_q0,clickbench,5,q0,,0,,,,0,0,,,,,,,,,,FAIL,,,
gpu_low,100,180,sirius,clickbench_sf5_q1,clickbench,5,q1,,0,,,,0,0,,,,,,,,,,FAIL,,,
gpu_low,100,180,sirius,clickbench_sf5_q10,clickbench,5,q10,,0,,,,0,0,,,,,,,,,,FAIL,,,
gpu_low,100,180,sirius,clickbench_sf5_q11,clickbench,5,q11,,0,,,,0,0,,,,,,,,,,FAIL,,,
gpu_low,100,180,sirius,clickbench_sf5_q12,clickbench,5,q12,,0,,,,0,0,,,,,,,,,,FAIL,,,
gpu_low,100,180,sirius,clickbench_sf5_q13,clickbench,5,q13,,0,,,,0,0,,,,,,,,,,FAIL,,,
gpu_low,100,180,sirius,clickbench_sf5_q14,clickbench,5,q14,,0,,,,0,0,,,,,,,,,,FAIL,,,
gpu_low,100,180,sirius,clickbench_sf5_q15,clickbench,5,q15,,0,,,,0,0,,,,,,,,,,FAIL,,,
gpu_low,100,180,sirius,clickbench_sf5_q16,clickbench,5,q16,,0,,,,0,0,,,,,,,,,,FAIL,,,
gpu_low,100,180,sirius,clickbench_sf5_q17,clickbench,5,q17,,0,,,,0,0,,,,,,,,,,FAIL,,,
gpu_low,100,180,sirius,clickbench_sf5_q18,clickbench,5,q18,,0,,,,0,0,,,,,,,,,,FAIL,,,
gpu_low,100,180,sirius,clickbench_sf5_q19,clickbench,5,q19,,0,,,,0,0,,,,,,,,,,FAIL,,,
gpu_low,100,180,sirius,clickbench_sf5_q2,clickbench,5,q2,,0,,,,0,0,,,,,,,,,,FAIL,,,
gpu_low,100,180,sirius,clickbench_sf5_q20,clickbench,5,q20,,0,,,,0,0,,,,,,,,,,FAIL,,,
gpu_low,100,180,sirius,clickbench_sf5_q21,clickbench,5,q21,,0,,,,0,0,,,,,,,,,,FAIL,,,
gpu_low,100,180,sirius,clickbench_sf5_q22,clickbench,5,q22,,0,,,,0,0,,,,,,,,,,FAIL,,,
gpu_low,100,180,sirius,clickbench_sf5_q23,clickbench,5,q23,,0,,,,0,0,,,,,,,,,,FAIL,,,
gpu_low,100,180,sirius,clickbench_sf5_q24,clickbench,5,q24,,0,,,,0,0,,,,,,,,,,FAIL,,,
gpu_low,100,180,sirius,clickbench_sf5_q25,clickbench,5,q25,,0,,,,0,0,,,,,,,,,,FAIL,,,
gpu_low,100,180,sirius,clickbench_sf5_q26,clickbench,5,q26,,0,,,,0,0,,,,,,,,,,FAIL,,,
gpu_low,100,180,sirius,clickbench_sf5_q27,clickbench,5,q27,,0,,,,0,0,,,,,,,,,,FAIL,,,
gpu_low,100,180,sirius,clickbench_sf5_q28,clickbench,5,q28,,0,,,,0,0,,,,,,,,,,FAIL,,,
gpu_low,100,180,sirius,clickbench_sf5_q29,clickbench,5,q29,,0,,,,0,0,,,,,,,,,,FAIL,,,
gpu_low,100,180,sirius,clickbench_sf5_q3,clickbench,5,q3,,0,,,,0,0,,,,,,,,,,FAIL,,,
gpu_low,100,180,sirius,clickbench_sf5_q30,clickbench,5,q30,,0,,,,0,0,,,,,,,,,,FAIL,,,
gpu_low,100,180,sirius,clickbench_sf5_q31,clickbench,5,q31,,0,,,,0,0,,,,,,,,,,FAIL,,,
gpu_low,100,180,sirius,clickbench_sf5_q32,clickbench,5,q32,,0,,,,0,0,,,,,,,,,,FAIL,,,
gpu_low,100,180,sirius,clickbench_sf5_q33,clickbench,5,q33,,0,,,,0,0,,,,,,,,,,FAIL,,,
gpu_low,100,180,sirius,clickbench_sf5_q34,clickbench,5,q34,,0,,,,0,0,,,,,,,,,,FAIL,,,
gpu_low,100,180,sirius,clickbench_sf5_q35,clickbench,5,q35,,0,,,,0,0,,,,,,,,,,FAIL,,,
gpu_low,100,180,sirius,clickbench_sf5_q36,clickbench,5,q36,,0,,,,0,0,,,,,,,,,,FAIL,,,
gpu_low,100,180,sirius,clickbench_sf5_q37,clickbench,5,q37,,0,,,,0,0,,,,,,,,,,FAIL,,,
gpu_low,100,180,sirius,clickbench_sf5_q38,clickbench,5,q38,,0,,,,0,0,,,,,,,,,,FAIL,,,
gpu_low,100,180,sirius,clickbench_sf5_q39,clickbench,5,q39,,0,,,,0,0,,,,,,,,,,FAIL,,,
gpu_low,100,180,sirius,clickbench_sf5_q4,clickbench,5,q4,,0,,,,0,0,,,,,,,,,,FAIL,,,
gpu_low,100,180,sirius,clickbench_sf5_q40,clickbench,5,q40,,0,,,,0,0,,,,,,,,,,FAIL,,,
gpu_low,100,180,sirius,clickbench_sf5_q41,clickbench,5,q41,,0,,,,0,0,,,,,,,,,,FAIL,,,
gpu_low,100,180,sirius,clickbench_sf5_q42,clickbench,5,q42,,0,,,,0,0,,,,,,,,,,FAIL,,,
gpu_low,100,180,sirius,clickbench_sf5_q5,clickbench,5,q5,,0,,,,0,0,,,,,,,,,,FAIL,,,
gpu_low,100,180,sirius,clickbench_sf5_q6,clickbench,5,q6,,0,,,,0,0,,,,,,,,,,FAIL,,,
gpu_low,100,180,sirius,clickbench_sf5_q7,clickbench,5,q7,,0,,,,0,0,,,,,,,,,,FAIL,,,
gpu_low,100,180,sirius,clickbench_sf5_q8,clickbench,5,q8,,0,,,,0,0,,,,,,,,,,FAIL,,,
gpu_low,100,180,sirius,clickbench_sf5_q9,clickbench,5,q9,,0,,,,0,0,,,,,,,,,,FAIL,,,
gpu_low,100,180,sirius,h2o_sf1gb_q1,h2o,1gb,q1,,0,,,,0,0,,,,,,,,,,FAIL,,,
gpu_low,100,180,sirius,h2o_sf1gb_q10,h2o,1gb,q10,,0,,,,0,0,,,,,,,,,,FAIL,,,
gpu_low,100,180,sirius,h2o_sf1gb_q2,h2o,1gb,q2,,0,,,,0,0,,,,,,,,,,FAIL,,,
gpu_low,100,180,sirius,h2o_sf1gb_q3,h2o,1gb,q3,,0,,,,0,0,,,,,,,,,,FAIL,,,
gpu_low,100,180,sirius,h2o_sf1gb_q4,h2o,1gb,q4,,0,,,,0,0,,,,,,,,,,FAIL,,,
gpu_low,100,180,sirius,h2o_sf1gb_q5,h2o,1gb,q5,,0,,,,0,0,,,,,,,,,,FAIL,,,
gpu_low,100,180,sirius,h2o_sf1gb_q6,h2o,1gb,q6,,0,,,,0,0,,,,,,,,,,FAIL,,,
gpu_low,100,180,sirius,h2o_sf1gb_q7,h2o,1gb,q7,,0,,,,0,0,,,,,,,,,,FAIL,,,
gpu_low,100,180,sirius,h2o_sf1gb_q8,h2o,1gb,q8,,0,,,,0,0,,,,,,,,,,FAIL,,,
gpu_low,100,180,sirius,h2o_sf1gb_q9,h2o,1gb,q9,,0,,,,0,0,,,,,,,,,,FAIL,,,
gpu_low,100,180,sirius,h2o_sf2gb_q1,h2o,2gb,q1,,0,,,,0,0,,,,,,,,,,FAIL,,,
gpu_low,100,180,sirius,h2o_sf2gb_q10,h2o,2gb,q10,,0,,,,0,0,,,,,,,,,,FAIL,,,
gpu_low,100,180,sirius,h2o_sf2gb_q2,h2o,2gb,q2,,0,,,,0,0,,,,,,,,,,FAIL,,,
gpu_low,100,180,sirius,h2o_sf2gb_q3,h2o,2gb,q3,,0,,,,0,0,,,,,,,,,,FAIL,,,
gpu_low,100,180,sirius,h2o_sf2gb_q4,h2o,2gb,q4,,0,,,,0,0,,,,,,,,,,FAIL,,,
gpu_low,100,180,sirius,h2o_sf2gb_q5,h2o,2gb,q5,,0,,,,0,0,,,,,,,,,,FAIL,,,
gpu_low,100,180,sirius,h2o_sf2gb_q6,h2o,2gb,q6,,0,,,,0,0,,,,,,,,,,FAIL,,,
gpu_low,100,180,sirius,h2o_sf2gb_q7,h2o,2gb,q7,,0,,,,0,0,,,,,,,,,,FAIL,,,
gpu_low,100,180,sirius,h2o_sf2gb_q8,h2o,2gb,q8,,0,,,,0,0,,,,,,,,,,FAIL,,,
gpu_low,100,180,sirius,h2o_sf2gb_q9,h2o,2gb,q9,,0,,,,0,0,,,,,,,,,,FAIL,,,
gpu_low,100,180,sirius,tpch_sf1_q01,tpch,1,q01,,0,,,,0,0,,,,,,,,,,FAIL,,,
gpu_low,100,180,sirius,tpch_sf1_q02,tpch,1,q02,,0,,,,0,0,,,,,,,,,,FAIL,,,
gpu_low,100,180,sirius,tpch_sf1_q03,tpch,1,q03,,0,,,,0,0,,,,,,,,,,FAIL,,,
gpu_low,100,180,sirius,tpch_sf1_q04,tpch,1,q04,,0,,,,0,0,,,,,,,,,,FAIL,,,
gpu_low,100,180,sirius,tpch_sf1_q05,tpch,1,q05,,0,,,,0,0,,,,,,,,,,FAIL,,,
gpu_low,100,180,sirius,tpch_sf1_q06,tpch,1,q06,,0,,,,0,0,,,,,,,,,,FAIL,,,
gpu_low,100,180,sirius,tpch_sf1_q07,tpch,1,q07,,0,,,,0,0,,,,,,,,,,FAIL,,,
gpu_low,100,180,sirius,tpch_sf1_q08,tpch,1,q08,,0,,,,0,0,,,,,,,,,,FAIL,,,
gpu_low,100,180,sirius,tpch_sf1_q09,tpch,1,q09,,0,,,,0,0,,,,,,,,,,FAIL,,,
gpu_low,100,180,sirius,tpch_sf1_q10,tpch,1,q10,,0,,,,0,0,,,,,,,,,,FAIL,,,
gpu_low,100,180,sirius,tpch_sf1_q11,tpch,1,q11,,0,,,,0,0,,,,,,,,,,FAIL,,,
gpu_low,100,180,sirius,tpch_sf1_q12,tpch,1,q12,,0,,,,0,0,,,,,,,,,,FAIL,,,
gpu_low,100,180,sirius,tpch_sf1_q13,tpch,1,q13,,0,,,,0,0,,,,,,,,,,FAIL,,,
gpu_low,100,180,sirius,tpch_sf1_q14,tpch,1,q14,,0,,,,0,0,,,,,,,,,,FAIL,,,
gpu_low,100,180,sirius,tpch_sf1_q15,tpch,1,q15,,0,,,,0,0,,,,,,,,,,FAIL,,,
gpu_low,100,180,sirius,tpch_sf1_q16,tpch,1,q16,,0,,,,0,0,,,,,,,,,,FAIL,,,
gpu_low,100,180,sirius,tpch_sf1_q17,tpch,1,q17,,0,,,,0,0,,,,,,,,,,FAIL,,,
gpu_low,100,180,sirius,tpch_sf1_q18,tpch,1,q18,,0,,,,0,0,,,,,,,,,,FAIL,,,
gpu_low,100,180,sirius,tpch_sf1_q19,tpch,1,q19,,0,,,,0,0,,,,,,,,,,FAIL,,,
gpu_low,100,180,sirius,tpch_sf1_q20,tpch,1,q20,,0,,,,0,0,,,,,,,,,,FAIL,,,
gpu_low,100,180,sirius,tpch_sf1_q21,tpch,1,q21,,0,,,,0,0,,,,,,,,,,FAIL,,,
gpu_low,100,180,sirius,tpch_sf1_q22,tpch,1,q22,,0,,,,0,0,,,,,,,,,,FAIL,,,
gpu_low,100,180,sirius,tpch_sf2_q01,tpch,2,q01,,0,,,,0,0,,,,,,,,,,FAIL,,,
gpu_low,100,180,sirius,tpch_sf2_q02,tpch,2,q02,,0,,,,0,0,,,,,,,,,,FAIL,,,
gpu_low,100,180,sirius,tpch_sf2_q03,tpch,2,q03,,0,,,,0,0,,,,,,,,,,FAIL,,,
gpu_low,100,180,sirius,tpch_sf2_q04,tpch,2,q04,,0,,,,0,0,,,,,,,,,,FAIL,,,
gpu_low,100,180,sirius,tpch_sf2_q05,tpch,2,q05,,0,,,,0,0,,,,,,,,,,FAIL,,,
gpu_low,100,180,sirius,tpch_sf2_q06,tpch,2,q06,,0,,,,0,0,,,,,,,,,,FAIL,,,
gpu_low,100,180,sirius,tpch_sf2_q07,tpch,2,q07,,0,,,,0,0,,,,,,,,,,FAIL,,,
gpu_low,100,180,sirius,tpch_sf2_q08,tpch,2,q08,,0,,,,0,0,,,,,,,,,,FAIL,,,
gpu_low,100,180,sirius,tpch_sf2_q09,tpch,2,q09,,0,,,,0,0,,,,,,,,,,FAIL,,,
gpu_low,100,180,sirius,tpch_sf2_q10,tpch,2,q10,,0,,,,0,0,,,,,,,,,,FAIL,,,
gpu_low,100,180,sirius,tpch_sf2_q11,tpch,2,q11,,0,,,,0,0,,,,,,,,,,FAIL,,,
gpu_low,100,180,sirius,tpch_sf2_q12,tpch,2,q12,,0,,,,0,0,,,,,,,,,,FAIL,,,
gpu_low,100,180,sirius,tpch_sf2_q13,tpch,2,q13,,0,,,,0,0,,,,,,,,,,FAIL,,,
gpu_low,100,180,sirius,tpch_sf2_q14,tpch,2,q14,,0,,,,0,0,,,,,,,,,,FAIL,,,
gpu_low,100,180,sirius,tpch_sf2_q15,tpch,2,q15,,0,,,,0,0,,,,,,,,,,FAIL,,,
gpu_low,100,180,sirius,tpch_sf2_q16,tpch,2,q16,,0,,,,0,0,,,,,,,,,,FAIL,,,
gpu_low,100,180,sirius,tpch_sf2_q17,tpch,2,q17,,0,,,,0,0,,,,,,,,,,FAIL,,,
gpu_low,100,180,sirius,tpch_sf2_q18,tpch,2,q18,,0,,,,0,0,,,,,,,,,,FAIL,,,
gpu_low,100,180,sirius,tpch_sf2_q19,tpch,2,q19,,0,,,,0,0,,,,,,,,,,FAIL,,,
gpu_low,100,180,sirius,tpch_sf2_q20,tpch,2,q20,,0,,,,0,0,,,,,,,,,,FAIL,,,
gpu_low,100,180,sirius,tpch_sf2_q21,tpch,2,q21,,0,,,,0,0,,,,,,,,,,FAIL,,,
gpu_low,100,180,sirius,tpch_sf2_q22,tpch,2,q22,,0,,,,0,0,,,,,,,,,,FAIL,,,
both_low,18,180,sirius,clickbench_sf5_q0,clickbench,5,q0,,3334,,,19.27,175,96,15.6,19.6,15665,4.6,57,,47.9,1.8,0.05,OK,0.0010,0.0019,0.02
both_low,18,180,sirius,clickbench_sf5_q1,clickbench,5,q1,,2000,,,22.57,205,96,19.7,23.1,15841,19.5,100,,-26330.7,1.8,-78.99,OK,0.0030,0.0047,0.06
both_low,18,180,sirius,clickbench_sf5_q10,clickbench,5,q10,,164,,,18.20,159,50,22.3,24.4,15841,74.4,100,,48.3,1.8,0.29,OK,0.0060,0.0261,0.13
both_low,18,180,sirius,clickbench_sf5_q11,clickbench,5,q11,,121,,,18.48,163,45,23.3,24.4,15841,87.0,100,,48.1,1.8,0.29,OK,0.0060,0.0385,0.14
both_low,18,180,sirius,clickbench_sf5_q12,clickbench,5,q12,,228,,,18.91,160,160,18.5,29.4,15841,0.0,0,,48.1,1.8,0.48,OK,0.0100,0.0221,0.18
both_low,18,180,sirius,clickbench_sf5_q13,clickbench,5,q13,,26,,,23.95,211,99,26.3,28.1,15797,98.8,100,,47.5,1.8,18.59,OK,0.3910,0.3918,10.27
both_low,18,180,sirius,clickbench_sf5_q14,clickbench,5,q14,,218,,,18.54,156,48,24.7,29.3,15841,56.7,84,,48.2,1.8,0.48,OK,0.0100,0.0213,0.25
both_low,18,180,sirius,clickbench_sf5_q15,clickbench,5,q15,,286,,,14.73,125,43,19.1,31.2,15841,12.9,86,,47.8,1.8,1.63,OK,0.0340,0.0355,0.65
both_low,18,180,sirius,clickbench_sf5_q16,clickbench,5,q16,,145,,,16.46,139,112,17.5,31.1,15841,16.1,100,,48.3,1.8,3.33,OK,0.0690,0.0702,1.21
both_low,18,180,sirius,clickbench_sf5_q17,clickbench,5,q17,,193,,,15.62,134,33,19.7,31.9,15841,24.5,100,,47.4,1.8,2.46,OK,0.0520,0.0534,1.03
both_low,18,180,sirius,clickbench_sf5_q18,clickbench,5,q18,,77,,,18.62,153,153,18.7,32.2,15839,16.4,100,,47.7,1.8,6.16,OK,0.1290,0.1313,2.41
both_low,18,180,sirius,clickbench_sf5_q19,clickbench,5,q19,,1667,,,24.70,214,188,19.8,24.9,15841,23.5,100,,48.1,1.8,0.24,OK,0.0050,0.0068,0.10
both_low,18,180,sirius,clickbench_sf5_q2,clickbench,5,q2,,1667,,,13.77,120,37,16.7,21.9,15831,5.3,100,,47.5,1.8,0.24,OK,0.0050,0.0067,0.08
both_low,18,180,sirius,clickbench_sf5_q20,clickbench,5,q20,,157,,,24.87,203,181,22.2,32.1,15841,41.3,100,,47.7,1.8,3.01,OK,0.0630,0.0655,1.40
both_low,18,180,sirius,clickbench_sf5_q21,clickbench,5,q21,,132,,,24.77,199,88,27.2,32.2,15841,79.3,100,,47.9,1.8,3.35,OK,0.0700,0.0735,1.90
both_low,18,180,sirius,clickbench_sf5_q22,clickbench,5,q22,,47,,,26.24,214,194,19.9,32.5,15841,36.7,100,,48.1,1.8,6.83,OK,0.1420,0.1964,2.83
both_low,18,180,sirius,clickbench_sf5_q23,clickbench,5,q23,,139,,,25.74,214,93,26.7,31.6,15841,62.6,95,,47.9,1.8,3.02,OK,0.0630,0.0679,1.68
both_low,18,180,sirius,clickbench_sf5_q24,clickbench,5,q24,,477,,,22.05,185,165,19.9,27.0,15841,27.3,62,,47.8,1.8,0.62,OK,0.0130,0.0172,0.26
both_low,18,180,sirius,clickbench_sf5_q25,clickbench,5,q25,,32,,,23.72,208,93,26.0,27.1,15823,88.1,96,,47.7,1.8,15.06,OK,0.3160,0.3181,8.21
both_low,18,180,sirius,clickbench_sf5_q26,clickbench,5,q26,,65,,,20.18,174,79,22.9,26.8,15841,62.4,100,,48.1,1.8,0.48,OK,0.0100,0.0971,0.23
both_low,18,180,sirius,clickbench_sf5_q27,clickbench,5,q27,,85,,,21.11,166,166,19.1,32.5,15841,23.1,100,,47.8,1.8,1.58,OK,0.0330,0.0733,0.63
both_low,18,180,sirius,clickbench_sf5_q28,clickbench,5,q28,,0,,,,0,0,,,,,,,,,,FALLBACK,,,
both_low,18,180,sirius,clickbench_sf5_q29,clickbench,5,q29,,108,,,16.93,151,151,16.2,21.5,15841,8.3,100,,49.3,1.8,4.59,OK,0.0930,0.0963,1.51
both_low,18,180,sirius,clickbench_sf5_q3,clickbench,5,q3,,1667,,,13.67,119,93,15.5,22.7,15811,5.1,100,,48.1,1.8,0.29,OK,0.0060,0.0070,0.09
both_low,18,180,sirius,clickbench_sf5_q30,clickbench,5,q30,,371,,,20.14,171,36,26.2,26.6,15841,58.9,92,,48.4,1.8,0.53,OK,0.0110,0.0162,0.29
both_low,18,180,sirius,clickbench_sf5_q31,clickbench,5,q31,,313,,,19.57,167,72,22.7,29.0,15841,40.4,77,,47.8,1.8,0.53,OK,0.0110,0.0174,0.25
both_low,18,180,sirius,clickbench_sf5_q32,clickbench,5,q32,,75,,,18.11,143,143,18.7,32.8,15839,19.1,100,,47.7,1.8,6.34,OK,0.1330,0.1342,2.49
both_low,18,180,sirius,clickbench_sf5_q33,clickbench,5,q33,,75,,,19.67,163,135,19.2,30.4,15841,20.3,100,,49.4,1.8,6.67,OK,0.1350,0.1356,2.59
both_low,18,180,sirius,clickbench_sf5_q34,clickbench,5,q34,,72,,,19.84,163,32,30.4,30.8,15841,94.6,95,,48.5,1.8,6.78,OK,0.1400,0.1407,4.26
both_low,18,180,sirius,clickbench_sf5_q35,clickbench,5,q35,,139,,,16.04,135,15,31.8,32.8,15841,85.7,87,,48.2,1.8,3.42,OK,0.0710,0.0720,2.26
both_low,18,180,sirius,clickbench_sf5_q36,clickbench,5,q36,,157,,,22.73,175,77,24.1,29.9,15841,55.5,100,,48.0,1.8,1.82,OK,0.0380,0.0494,0.91
both_low,18,180,sirius,clickbench_sf5_q37,clickbench,5,q37,,162,,,23.37,173,145,19.7,31.0,15841,26.5,100,,49.2,1.8,2.21,OK,0.0450,0.0523,0.88
both_low,18,180,sirius,clickbench_sf5_q38,clickbench,5,q38,,589,,,22.11,194,56,23.5,23.7,15841,51.0,51,,48.5,1.8,0.44,OK,0.0090,0.0122,0.21
both_low,18,180,sirius,clickbench_sf5_q39,clickbench,5,q39,,129,,,21.42,183,72,22.0,28.3,15841,48.5,100,,48.0,1.8,0.34,OK,0.0070,0.0377,0.15
both_low,18,180,sirius,clickbench_sf5_q4,clickbench,5,q4,,455,,,14.17,122,96,16.0,28.2,15841,5.3,100,,47.8,1.8,1.00,OK,0.0210,0.0222,0.34
both_low,18,180,sirius,clickbench_sf5_q40,clickbench,5,q40,,589,,,21.97,189,74,23.3,24.7,15841,49.6,53,,48.0,1.8,0.53,OK,0.0110,0.0136,0.26
both_low,18,180,sirius,clickbench_sf5_q41,clickbench,5,q41,,667,,,22.84,196,91,22.4,25.4,15841,37.2,55,,47.9,1.8,0.53,OK,0.0110,0.0137,0.25
both_low,18,180,sirius,clickbench_sf5_q42,clickbench,5,q42,,455,,,22.00,184,156,19.8,26.9,15841,26.2,77,,48.0,1.8,0.72,OK,0.0150,0.0183,0.30
both_low,18,180,sirius,clickbench_sf5_q5,clickbench,5,q5,,28,,,23.87,207,90,27.1,27.9,15805,100.0,100,,47.4,1.8,16.86,OK,0.3560,0.3667,9.66
both_low,18,180,sirius,clickbench_sf5_q6,clickbench,5,q6,,1429,,,13.64,118,118,15.3,20.5,15805,0.0,0,,47.6,1.8,0.24,OK,0.0050,0.0061,0.08
both_low,18,180,sirius,clickbench_sf5_q7,clickbench,5,q7,,1429,,,20.97,188,76,19.5,20.8,15841,24.7,79,,48.6,1.8,0.15,OK,0.0030,0.0053,0.06
both_low,18,180,sirius,clickbench_sf5_q8,clickbench,5,q8,,25,,,23.61,201,111,28.4,32.8,15793,75.6,100,,47.4,1.8,19.42,OK,0.4100,0.4122,11.63
both_low,18,180,sirius,clickbench_sf5_q9,clickbench,5,q9,,24,,,23.54,200,200,22.4,33.1,15789,41.7,100,,47.8,1.8,19.93,OK,0.4170,0.4188,9.35
both_low,18,180,sirius,h2o_sf1gb_q1,h2o,1gb,q1,,0,,,,0,0,,,,,,,,,,FAIL,,,
both_low,18,180,sirius,h2o_sf1gb_q10,h2o,1gb,q10,,0,,,,0,0,,,,,,,,,,FAIL,,,
both_low,18,180,sirius,h2o_sf1gb_q2,h2o,1gb,q2,,0,,,,0,0,,,,,,,,,,FAIL,,,
both_low,18,180,sirius,h2o_sf1gb_q3,h2o,1gb,q3,,0,,,,0,0,,,,,,,,,,FAIL,,,
both_low,18,180,sirius,h2o_sf1gb_q4,h2o,1gb,q4,,0,,,,0,0,,,,,,,,,,FAIL,,,
both_low,18,180,sirius,h2o_sf1gb_q5,h2o,1gb,q5,,0,,,,0,0,,,,,,,,,,FAIL,,,
both_low,18,180,sirius,h2o_sf1gb_q6,h2o,1gb,q6,,0,,,,0,0,,,,,,,,,,FAIL,,,
both_low,18,180,sirius,h2o_sf1gb_q7,h2o,1gb,q7,,0,,,,0,0,,,,,,,,,,FAIL,,,
both_low,18,180,sirius,h2o_sf1gb_q8,h2o,1gb,q8,,0,,,,0,0,,,,,,,,,,FAIL,,,
both_low,18,180,sirius,h2o_sf1gb_q9,h2o,1gb,q9,,0,,,,0,0,,,,,,,,,,FAIL,,,
both_low,18,180,sirius,h2o_sf2gb_q1,h2o,2gb,q1,,0,,,,0,0,,,,,,,,,,FAIL,,,
both_low,18,180,sirius,h2o_sf2gb_q10,h2o,2gb,q10,,0,,,,0,0,,,,,,,,,,FAIL,,,
both_low,18,180,sirius,h2o_sf2gb_q2,h2o,2gb,q2,,148,,,17.24,146,48,22.0,31.6,15841,51.8,100,,48.0,1.8,3.22,OK,0.0670,0.0681,1.47
both_low,18,180,sirius,h2o_sf2gb_q3,h2o,2gb,q3,,145,,,17.10,146,135,18.6,35.8,15841,28.5,100,,48.0,1.8,3.26,OK,0.0680,0.0698,1.26
both_low,18,180,sirius,h2o_sf2gb_q4,h2o,2gb,q4,,193,,,16.15,137,29,23.2,31.6,15837,14.0,100,,48.4,1.8,2.47,OK,0.0510,0.0524,1.18
both_low,18,180,sirius,h2o_sf2gb_q5,h2o,2gb,q5,,154,,,16.56,140,24,30.1,35.4,15837,77.5,94,,47.8,1.8,3.01,OK,0.0630,0.0658,1.90
both_low,18,180,sirius,h2o_sf2gb_q6,h2o,2gb,q6,,83,,,18.43,154,39,29.4,32.5,15839,77.3,97,,47.9,1.8,5.75,OK,0.1200,0.1232,3.52
both_low,18,180,sirius,h2o_sf2gb_q7,h2o,2gb,q7,,130,,,17.04,141,43,23.0,34.4,15839,50.8,96,,48.2,1.8,3.62,OK,0.0750,0.0776,1.73
both_low,18,180,sirius,h2o_sf2gb_q8,h2o,2gb,q8,,113,,,17.25,147,147,18.6,34.7,15841,23.6,100,,48.5,1.8,4.27,OK,0.0880,0.0899,1.64
both_low,18,180,sirius,h2o_sf2gb_q9,h2o,2gb,q9,,32,,,24.56,185,185,21.1,32.9,15829,35.2,100,,48.0,1.8,15.04,OK,0.3130,0.3144,6.59
both_low,18,180,sirius,tpch_sf1_q01,tpch,1,q01,,0,,,,0,0,,,,,,,,,,FAIL,,,
both_low,18,180,sirius,tpch_sf1_q02,tpch,1,q02,,0,,,,0,0,,,,,,,,,,FAIL,,,
both_low,18,180,sirius,tpch_sf1_q03,tpch,1,q03,,0,,,,0,0,,,,,,,,,,FAIL,,,
both_low,18,180,sirius,tpch_sf1_q04,tpch,1,q04,,0,,,,0,0,,,,,,,,,,FAIL,,,
both_low,18,180,sirius,tpch_sf1_q05,tpch,1,q05,,0,,,,0,0,,,,,,,,,,FAIL,,,
both_low,18,180,sirius,tpch_sf1_q06,tpch,1,q06,,0,,,,0,0,,,,,,,,,,FAIL,,,
both_low,18,180,sirius,tpch_sf1_q07,tpch,1,q07,,0,,,,0,0,,,,,,,,,,FAIL,,,
both_low,18,180,sirius,tpch_sf1_q08,tpch,1,q08,,0,,,,0,0,,,,,,,,,,FAIL,,,
both_low,18,180,sirius,tpch_sf1_q09,tpch,1,q09,,0,,,,0,0,,,,,,,,,,FAIL,,,
both_low,18,180,sirius,tpch_sf1_q10,tpch,1,q10,,0,,,,0,0,,,,,,,,,,FAIL,,,
both_low,18,180,sirius,tpch_sf1_q11,tpch,1,q11,,0,,,,0,0,,,,,,,,,,FAIL,,,
both_low,18,180,sirius,tpch_sf1_q12,tpch,1,q12,,0,,,,0,0,,,,,,,,,,FAIL,,,
both_low,18,180,sirius,tpch_sf1_q13,tpch,1,q13,,0,,,,0,0,,,,,,,,,,FAIL,,,
both_low,18,180,sirius,tpch_sf1_q14,tpch,1,q14,,0,,,,0,0,,,,,,,,,,FAIL,,,
both_low,18,180,sirius,tpch_sf1_q15,tpch,1,q15,,0,,,,0,0,,,,,,,,,,FAIL,,,
both_low,18,180,sirius,tpch_sf1_q16,tpch,1,q16,,0,,,,0,0,,,,,,,,,,FAIL,,,
both_low,18,180,sirius,tpch_sf1_q17,tpch,1,q17,,0,,,,0,0,,,,,,,,,,FAIL,,,
both_low,18,180,sirius,tpch_sf1_q18,tpch,1,q18,,0,,,,0,0,,,,,,,,,,FAIL,,,
both_low,18,180,sirius,tpch_sf1_q19,tpch,1,q19,,0,,,,0,0,,,,,,,,,,FAIL,,,
both_low,18,180,sirius,tpch_sf1_q20,tpch,1,q20,,0,,,,0,0,,,,,,,,,,FAIL,,,
both_low,18,180,sirius,tpch_sf1_q21,tpch,1,q21,,0,,,,0,0,,,,,,,,,,FAIL,,,
both_low,18,180,sirius,tpch_sf1_q22,tpch,1,q22,,0,,,,0,0,,,,,,,,,,FAIL,,,
both_low,18,180,sirius,tpch_sf2_q01,tpch,2,q01,,0,,,,0,0,,,,,,,,,,FAIL,,,
both_low,18,180,sirius,tpch_sf2_q02,tpch,2,q02,,0,,,,0,0,,,,,,,,,,FAIL,,,
both_low,18,180,sirius,tpch_sf2_q03,tpch,2,q03,,0,,,,0,0,,,,,,,,,,FAIL,,,
both_low,18,180,sirius,tpch_sf2_q04,tpch,2,q04,,0,,,,0,0,,,,,,,,,,FAIL,,,
both_low,18,180,sirius,tpch_sf2_q05,tpch,2,q05,,0,,,,0,0,,,,,,,,,,FAIL,,,
both_low,18,180,sirius,tpch_sf2_q06,tpch,2,q06,,0,,,,0,0,,,,,,,,,,FAIL,,,
both_low,18,180,sirius,tpch_sf2_q07,tpch,2,q07,,0,,,,0,0,,,,,,,,,,FAIL,,,
both_low,18,180,sirius,tpch_sf2_q08,tpch,2,q08,,0,,,,0,0,,,,,,,,,,FAIL,,,
both_low,18,180,sirius,tpch_sf2_q09,tpch,2,q09,,0,,,,0,0,,,,,,,,,,FAIL,,,
both_low,18,180,sirius,tpch_sf2_q10,tpch,2,q10,,0,,,,0,0,,,,,,,,,,FAIL,,,
both_low,18,180,sirius,tpch_sf2_q11,tpch,2,q11,,0,,,,0,0,,,,,,,,,,FAIL,,,
both_low,18,180,sirius,tpch_sf2_q12,tpch,2,q12,,0,,,,0,0,,,,,,,,,,FAIL,,,
both_low,18,180,sirius,tpch_sf2_q13,tpch,2,q13,,0,,,,0,0,,,,,,,,,,FAIL,,,
both_low,18,180,sirius,tpch_sf2_q14,tpch,2,q14,,0,,,,0,0,,,,,,,,,,FAIL,,,
both_low,18,180,sirius,tpch_sf2_q15,tpch,2,q15,,0,,,,0,0,,,,,,,,,,FAIL,,,
both_low,18,180,sirius,tpch_sf2_q16,tpch,2,q16,,0,,,,0,0,,,,,,,,,,FAIL,,,
both_low,18,180,sirius,tpch_sf2_q17,tpch,2,q17,,0,,,,0,0,,,,,,,,,,FAIL,,,
both_low,18,180,sirius,tpch_sf2_q18,tpch,2,q18,,0,,,,0,0,,,,,,,,,,FAIL,,,
both_low,18,180,sirius,tpch_sf2_q19,tpch,2,q19,,0,,,,0,0,,,,,,,,,,FAIL,,,
both_low,18,180,sirius,tpch_sf2_q20,tpch,2,q20,,0,,,,0,0,,,,,,,,,,FAIL,,,
both_low,18,180,sirius,tpch_sf2_q21,tpch,2,q21,,0,,,,0,0,,,,,,,,,,FAIL,,,
both_low,18,180,sirius,tpch_sf2_q22,tpch,2,q22,,0,,,,0,0,,,,,,,,,,FAIL,,,
