power_limit_w,sm_clock_mhz,engine,benchmark,sf,query,min_ms,avg_power_w,max_power_w,energy_j,cpu_energy_j,avg_gpu_util,status
250,1800,maximus,h2o,1gb,q1,1,113.1,116.0,0.1,0.1,95.9,OK
250,1800,maximus,h2o,1gb,q2,3,111.6,112.8,0.3,0.3,96.0,OK
250,1800,maximus,h2o,1gb,q3,4,112.8,114.6,0.5,0.4,97.0,OK
250,1800,maximus,h2o,1gb,q4,2,106.0,114.8,0.2,0.2,91.6,OK
250,1800,maximus,h2o,1gb,q5,3,115.7,117.5,0.3,0.3,98.0,OK
250,1800,maximus,h2o,1gb,q6,191,104.2,105.5,19.9,20.5,100.0,OK
250,1800,maximus,h2o,1gb,q7,2,128.7,130.5,0.3,0.2,95.9,OK
250,1800,maximus,h2o,1gb,q9,4,112.2,114.2,0.4,0.4,94.9,OK
250,1800,maximus,h2o,1gb,q10,8,113.8,116.3,0.9,0.9,97.0,OK
250,1800,maximus,h2o,2gb,q1,3,116.0,117.5,0.3,0.3,98.0,OK
250,1800,maximus,h2o,2gb,q2,5,104.4,115.0,0.5,0.5,90.1,OK
250,1800,maximus,h2o,2gb,q3,7,115.1,116.5,0.8,0.8,98.3,OK
250,1800,maximus,h2o,2gb,q4,4,114.3,116.3,0.5,0.4,98.3,OK
250,1800,maximus,h2o,2gb,q5,6,103.4,114.9,0.6,0.7,87.6,OK
250,1800,maximus,h2o,2gb,q6,391,106.1,108.0,41.5,42.3,100.0,OK
250,1800,maximus,h2o,2gb,q7,5,132.6,134.1,0.7,0.5,98.0,OK
250,1800,maximus,h2o,2gb,q9,8,115.8,117.3,0.9,0.9,97.0,OK
250,1800,maximus,h2o,2gb,q10,15,118.8,119.8,1.8,1.6,98.2,OK
250,1800,maximus,tpch,1,q1,5,116.4,117.4,0.6,0.5,93.7,OK
250,1800,maximus,tpch,1,q2,3,49.9,57.7,0.1,0.3,55.2,OK
250,1800,maximus,tpch,1,q3,3,97.8,98.8,0.3,0.3,92.0,OK
250,1800,maximus,tpch,1,q4,2,107.1,114.6,0.2,0.2,88.5,OK
250,1800,maximus,tpch,1,q5,3,106.0,107.9,0.3,0.3,88.8,OK
250,1800,maximus,tpch,1,q6,1,115.0,116.8,0.1,0.1,91.3,OK
250,1800,maximus,tpch,1,q7,3,98.0,99.8,0.3,0.3,83.6,OK
250,1800,maximus,tpch,1,q8,2,100.8,102.3,0.2,-10.3,85.2,OK
250,1800,maximus,tpch,1,q9,5,105.8,107.2,0.5,0.5,91.3,OK
250,1800,maximus,tpch,1,q10,2,101.3,103.2,0.2,0.2,85.5,OK
250,1800,maximus,tpch,1,q11,3,84.8,94.0,0.3,0.3,69.9,OK
250,1800,maximus,tpch,1,q12,2,104.9,106.1,0.2,0.2,85.7,OK
250,1800,maximus,tpch,1,q13,20,113.5,115.8,2.3,2.1,96.9,OK
250,1800,maximus,tpch,1,q14,2,96.5,102.3,0.2,0.2,79.2,OK
250,1800,maximus,tpch,1,q15,1,102.5,104.1,0.1,0.1,81.8,OK
250,1800,maximus,tpch,1,q16,28,54.8,55.3,1.5,3.0,95.8,OK
250,1800,maximus,tpch,1,q17,3,86.6,92.2,0.3,0.3,73.9,OK
250,1800,maximus,tpch,1,q18,4,109.6,110.7,0.4,0.4,91.0,OK
250,1800,maximus,tpch,1,q19,24,115.5,117.2,2.8,2.6,92.9,OK
250,1800,maximus,tpch,1,q20,4,92.5,93.8,0.4,0.4,82.6,OK
250,1800,maximus,tpch,1,q21,79,114.1,115.8,9.0,8.6,96.9,OK
250,1800,maximus,tpch,1,q22,2,60.2,72.0,0.1,0.2,45.7,OK
250,1800,maximus,tpch,2,q1,10,120.7,125.6,1.2,1.1,96.5,OK
250,1800,maximus,tpch,2,q2,4,62.9,66.4,0.3,0.4,70.0,OK
250,1800,maximus,tpch,2,q3,5,108.5,109.8,0.5,0.5,95.7,OK
250,1800,maximus,tpch,2,q4,3,116.4,117.7,0.3,0.3,96.0,OK
250,1800,maximus,tpch,2,q5,6,113.6,115.4,0.7,0.6,93.9,OK
250,1800,maximus,tpch,2,q6,1,115.2,121.0,0.1,0.1,92.3,OK
250,1800,maximus,tpch,2,q7,4,108.0,109.8,0.4,0.4,90.3,OK
250,1800,maximus,tpch,2,q8,4,110.1,111.8,0.4,0.4,91.2,OK
250,1800,maximus,tpch,2,q9,9,113.6,114.7,1.0,1.0,95.0,OK
250,1800,maximus,tpch,2,q10,3,110.5,111.9,0.3,0.3,91.4,OK
250,1800,maximus,tpch,2,q11,5,108.9,109.7,0.5,0.5,83.5,OK
250,1800,maximus,tpch,2,q12,3,113.3,114.7,0.3,0.3,91.9,OK
250,1800,maximus,tpch,2,q13,39,119.1,120.8,4.6,4.2,98.1,OK
250,1800,maximus,tpch,2,q14,2,107.7,112.2,0.2,0.2,88.3,OK
250,1800,maximus,tpch,2,q15,2,111.2,113.2,0.2,0.2,89.3,OK
250,1800,maximus,tpch,2,q16,31,62.3,70.8,1.9,3.4,75.6,OK
250,1800,maximus,tpch,2,q17,5,102.7,104.3,0.5,0.5,86.7,OK
250,1800,maximus,tpch,2,q18,7,115.3,116.4,0.8,0.8,94.9,OK
250,1800,maximus,tpch,2,q19,46,121.9,123.6,5.6,5.0,96.1,OK
250,1800,maximus,tpch,2,q20,6,104.5,106.2,0.6,0.6,89.1,OK
250,1800,maximus,tpch,2,q21,155,120.2,122.6,18.6,16.8,98.0,OK
250,1800,maximus,tpch,2,q22,2,71.5,80.5,0.1,0.2,53.5,OK
250,1800,sirius,h2o,1gb,q1,3.0,37.9,44.2,0.11,0.33,3.4,OK
250,1800,sirius,h2o,1gb,q10,9.0,42.7,65.7,0.38,0.98,5.6,OK
250,1800,sirius,h2o,1gb,q2,4.0,38.5,46.8,0.15,0.44,4.3,OK
250,1800,sirius,h2o,1gb,q3,5.0,39.7,50.5,0.20,0.56,7.3,OK
250,1800,sirius,h2o,1gb,q4,3.0,37.9,45.6,0.11,0.32,7.3,OK
250,1800,sirius,h2o,1gb,q5,5.0,39.6,50.0,0.20,0.56,4.8,OK
250,1800,sirius,h2o,1gb,q6,5.0,39.5,50.8,0.20,0.55,4.3,OK
250,1800,sirius,h2o,1gb,q7,3.0,39.2,48.9,0.12,0.33,5.0,OK
250,1800,sirius,h2o,1gb,q8,10.0,40.9,56.0,0.41,1.12,7.1,OK
250,1800,sirius,h2o,1gb,q9,12.0,44.0,68.1,0.53,1.33,10.9,OK
250,1800,sirius,h2o,2gb,q1,4.0,39.0,49.4,0.16,0.44,11.2,OK
250,1800,sirius,h2o,2gb,q10,17.0,48.1,93.0,0.82,1.93,15.0,OK
250,1800,sirius,h2o,2gb,q2,7.0,41.2,55.6,0.29,0.76,10.6,OK
250,1800,sirius,h2o,2gb,q3,11.0,42.6,65.0,0.47,1.19,12.8,OK
250,1800,sirius,h2o,2gb,q4,5.0,38.8,50.0,0.19,0.56,4.0,OK
250,1800,sirius,h2o,2gb,q5,9.0,42.3,62.2,0.38,0.98,10.3,OK
250,1800,sirius,h2o,2gb,q6,10.0,43.5,64.0,0.43,1.09,8.7,OK
250,1800,sirius,h2o,2gb,q7,6.0,41.2,60.2,0.25,0.66,7.2,OK
250,1800,sirius,h2o,2gb,q8,15.0,44.3,70.9,0.66,1.65,21.2,OK
250,1800,sirius,h2o,2gb,q9,22.0,49.2,98.6,1.08,2.41,12.2,OK
250,1800,sirius,tpch,1,q01,1.0,77.1,91.0,0.08,0.11,48.5,OK
250,1800,sirius,tpch,1,q02,5.0,38.5,39.8,0.19,0.56,18.2,OK
250,1800,sirius,tpch,1,q03,2.0,47.4,50.2,0.09,0.22,31.0,OK
250,1800,sirius,tpch,1,q04,1.0,51.9,55.7,0.05,0.11,30.0,OK
250,1800,sirius,tpch,1,q05,2.0,44.1,47.9,0.09,0.22,19.5,OK
250,1800,sirius,tpch,1,q06,2.0,68.4,69.0,0.14,0.22,43.2,OK
250,1800,sirius,tpch,1,q07,4.0,43.3,45.7,0.17,0.44,19.5,OK
250,1800,sirius,tpch,1,q08,4.0,42.6,45.8,0.17,0.44,16.7,OK
250,1800,sirius,tpch,1,q09,3.0,52.2,57.9,0.16,0.33,27.5,OK
250,1800,sirius,tpch,1,q10,2.0,48.0,50.9,0.10,0.22,26.3,OK
250,1800,sirius,tpch,1,q11,1.0,39.1,40.1,0.04,0.11,12.4,OK
250,1800,sirius,tpch,1,q12,2.0,50.3,54.2,0.10,0.22,25.4,OK
250,1800,sirius,tpch,1,q13,6.0,37.3,41.8,0.22,0.67,2.3,OK
250,1800,sirius,tpch,1,q14,1.0,44.4,46.2,0.04,0.11,17.5,OK
250,1800,sirius,tpch,1,q15,1.0,42.9,45.1,0.04,0.11,16.3,OK
250,1800,sirius,tpch,1,q16,2.0,41.8,45.0,0.08,0.23,50.5,OK
250,1800,sirius,tpch,1,q17,1.0,53.8,60.4,0.05,0.11,42.4,OK
250,1800,sirius,tpch,1,q18,4.0,76.2,83.2,0.30,0.44,50.3,OK
250,1800,sirius,tpch,1,q19,2.0,52.8,56.0,0.11,0.22,26.6,OK
250,1800,sirius,tpch,1,q20,3.0,42.2,44.2,0.13,-23.04,26.8,OK
250,1800,sirius,tpch,1,q21,4.0,53.6,62.4,0.21,0.44,37.5,OK
250,1800,sirius,tpch,1,q22,2.0,40.8,42.5,0.08,0.22,18.5,OK
250,1800,sirius,tpch,2,q01,1.0,89.0,111.1,0.09,0.11,57.4,OK
250,1800,sirius,tpch,2,q02,5.0,42.2,43.6,0.21,0.55,23.5,OK
250,1800,sirius,tpch,2,q03,2.0,57.8,62.4,0.12,0.22,39.0,OK
250,1800,sirius,tpch,2,q04,2.0,66.3,72.0,0.13,0.22,40.3,OK
250,1800,sirius,tpch,2,q05,2.0,52.6,58.8,0.11,0.22,26.5,OK
250,1800,sirius,tpch,2,q06,3.0,89.1,90.4,0.27,0.33,61.4,OK
250,1800,sirius,tpch,2,q07,4.0,51.7,55.7,0.21,0.44,27.3,OK
250,1800,sirius,tpch,2,q08,4.0,47.3,53.9,0.19,0.44,17.6,OK
250,1800,sirius,tpch,2,q09,3.0,63.7,71.6,0.19,0.33,37.0,OK
250,1800,sirius,tpch,2,q10,3.0,57.3,62.4,0.17,0.34,33.4,OK
250,1800,sirius,tpch,2,q11,1.0,42.8,44.1,0.04,0.11,16.3,OK
250,1800,sirius,tpch,2,q12,2.0,65.9,71.0,0.13,0.22,41.3,OK
250,1800,sirius,tpch,2,q13,9.0,39.0,47.4,0.35,0.98,5.8,OK
250,1800,sirius,tpch,2,q14,1.0,55.7,59.0,0.06,0.11,27.5,OK
250,1800,sirius,tpch,2,q15,2.0,52.9,55.7,0.11,0.22,25.4,OK
250,1800,sirius,tpch,2,q16,2.0,48.1,52.8,0.10,0.23,54.1,OK
250,1800,sirius,tpch,2,q17,1.0,61.8,71.7,0.06,0.11,44.1,OK
250,1800,sirius,tpch,2,q18,7.0,94.2,102.5,0.66,0.77,62.4,OK
250,1800,sirius,tpch,2,q19,2.0,64.6,70.0,0.13,0.22,35.4,OK
250,1800,sirius,tpch,2,q20,4.0,50.2,53.0,0.20,0.45,34.3,OK
250,1800,sirius,tpch,2,q21,5.0,66.4,75.3,0.33,0.56,49.4,OK
250,1800,sirius,tpch,2,q22,2.0,45.7,48.6,0.09,0.22,22.3,OK
250,2400,maximus,h2o,1gb,q1,1,145.4,146.5,0.1,0.1,95.4,OK
250,2400,maximus,h2o,1gb,q2,2,144.2,147.1,0.3,0.2,95.0,OK
250,2400,maximus,h2o,1gb,q3,3,150.1,151.7,0.5,0.3,96.6,OK
250,2400,maximus,h2o,1gb,q4,1,145.9,147.5,0.1,0.1,96.9,OK
250,2400,maximus,h2o,1gb,q5,2,151.5,153.7,0.3,0.2,97.3,OK
250,2400,maximus,h2o,1gb,q6,144,147.4,148.5,21.2,15.5,100.0,OK
250,2400,maximus,h2o,1gb,q7,2,161.2,164.0,0.3,0.2,95.0,OK
250,2400,maximus,h2o,1gb,q9,3,135.6,148.3,0.4,0.3,85.9,OK
250,2400,maximus,h2o,1gb,q10,6,153.5,155.7,0.9,0.7,96.0,OK
250,2400,maximus,h2o,2gb,q1,2,148.1,150.5,0.3,0.2,97.8,OK
250,2400,maximus,h2o,2gb,q2,4,148.1,149.4,0.6,0.4,97.8,OK
250,2400,maximus,h2o,2gb,q3,5,150.9,155.6,0.8,0.5,98.0,OK
250,2400,maximus,h2o,2gb,q4,3,139.5,149.7,0.4,0.3,93.3,OK
250,2400,maximus,h2o,2gb,q5,5,136.9,151.1,0.7,0.5,91.0,OK
250,2400,maximus,h2o,2gb,q6,296,146.9,153.2,43.5,31.9,98.4,OK
250,2400,maximus,h2o,2gb,q7,3,154.0,168.2,0.5,0.3,91.2,OK
250,2400,maximus,h2o,2gb,q9,6,138.3,152.5,0.8,0.7,86.2,OK
250,2400,maximus,h2o,2gb,q10,12,143.2,162.8,1.7,1.3,81.8,OK
250,2400,maximus,tpch,1,q1,4,150.5,154.1,0.6,0.4,92.7,OK
250,2400,maximus,tpch,1,q2,3,69.3,69.8,0.2,0.3,56.9,OK
250,2400,maximus,tpch,1,q3,2,126.3,127.7,0.3,0.2,91.3,OK
250,2400,maximus,tpch,1,q4,1,138.1,139.6,0.1,0.1,91.7,OK
250,2400,maximus,tpch,1,q5,2,133.5,135.3,0.3,0.2,87.7,OK
250,2400,maximus,tpch,1,q6,0,56.9,102.7,0.0,0.0,39.6,OK
250,2400,maximus,tpch,1,q7,2,121.8,122.8,0.2,0.2,81.9,OK
250,2400,maximus,tpch,1,q8,2,125.7,127.2,0.3,0.2,83.6,OK
250,2400,maximus,tpch,1,q9,4,135.1,137.2,0.5,0.4,90.1,OK
250,2400,maximus,tpch,1,q10,2,123.7,125.0,0.2,0.2,83.4,OK
250,2400,maximus,tpch,1,q11,2,121.1,122.0,0.2,0.2,71.4,OK
250,2400,maximus,tpch,1,q12,2,127.9,129.2,0.3,0.2,84.1,OK
250,2400,maximus,tpch,1,q13,16,170.2,171.8,2.7,1.7,96.0,OK
250,2400,maximus,tpch,1,q14,1,122.5,124.2,0.1,0.1,81.7,OK
250,2400,maximus,tpch,1,q15,1,121.9,126.6,0.1,0.1,78.9,OK
250,2400,maximus,tpch,1,q16,21,72.9,73.4,1.5,2.3,93.9,OK
250,2400,maximus,tpch,1,q17,3,112.1,113.5,0.3,0.3,76.1,OK
250,2400,maximus,tpch,1,q18,3,133.9,135.2,0.4,0.3,91.0,OK
250,2400,maximus,tpch,1,q19,19,159.1,160.7,3.0,2.0,91.6,OK
250,2400,maximus,tpch,1,q20,3,114.4,116.1,0.3,0.3,80.9,OK
250,2400,maximus,tpch,1,q21,63,153.6,159.5,9.7,6.8,96.5,OK
250,2400,maximus,tpch,1,q22,2,76.9,78.0,0.2,0.2,46.8,OK
250,2400,maximus,tpch,2,q1,8,151.4,154.1,1.2,0.9,95.9,OK
250,2400,maximus,tpch,2,q2,3,75.4,84.7,0.2,0.3,60.2,OK
250,2400,maximus,tpch,2,q3,4,133.7,135.4,0.5,0.4,95.0,OK
250,2400,maximus,tpch,2,q4,2,142.8,144.8,0.3,0.2,95.6,OK
250,2400,maximus,tpch,2,q5,4,144.2,145.6,0.6,-28.9,93.2,OK
250,2400,maximus,tpch,2,q6,1,146.0,147.5,0.1,0.1,95.4,OK
250,2400,maximus,tpch,2,q7,3,133.9,135.6,0.4,0.3,89.5,OK
250,2400,maximus,tpch,2,q8,3,137.4,139.2,0.4,0.3,90.9,OK
250,2400,maximus,tpch,2,q9,7,146.0,147.9,1.0,0.8,94.8,OK
250,2400,maximus,tpch,2,q10,3,135.1,136.3,0.4,0.3,90.6,OK
250,2400,maximus,tpch,2,q11,4,145.0,146.4,0.6,0.4,81.6,OK
250,2400,maximus,tpch,2,q12,3,138.5,139.7,0.4,0.3,91.2,OK
250,2400,maximus,tpch,2,q13,30,177.8,179.4,5.3,3.2,98.0,OK
250,2400,maximus,tpch,2,q14,2,134.0,135.6,0.3,0.2,90.0,OK
250,2400,maximus,tpch,2,q15,2,131.4,137.6,0.3,0.2,85.8,OK
250,2400,maximus,tpch,2,q16,24,90.9,92.6,2.2,2.6,94.7,OK
250,2400,maximus,tpch,2,q17,4,120.8,128.8,0.5,0.4,79.1,OK
250,2400,maximus,tpch,2,q18,6,138.7,140.8,0.8,0.6,95.0,OK
250,2400,maximus,tpch,2,q19,36,145.7,169.3,5.2,3.9,81.4,OK
250,2400,maximus,tpch,2,q20,5,121.4,129.6,0.6,0.5,81.5,OK
250,2400,maximus,tpch,2,q21,126,162.3,164.5,20.4,13.8,98.0,OK
250,2400,maximus,tpch,2,q22,2,92.3,93.7,0.2,0.2,57.2,OK
250,2400,sirius,h2o,1gb,q1,2.0,43.5,49.3,0.09,0.22,4.6,OK
250,2400,sirius,h2o,1gb,q10,7.0,49.6,74.0,0.35,0.77,7.3,OK
250,2400,sirius,h2o,1gb,q2,3.0,44.1,65.1,0.13,0.33,1.1,OK
250,2400,sirius,h2o,1gb,q3,4.0,45.5,57.6,0.18,0.43,4.7,OK
250,2400,sirius,h2o,1gb,q4,2.0,44.2,51.0,0.09,0.22,5.8,OK
250,2400,sirius,h2o,1gb,q5,4.0,45.7,57.0,0.18,0.44,10.1,OK
250,2400,sirius,h2o,1gb,q6,5.0,46.2,58.5,0.23,0.55,3.2,OK
250,2400,sirius,h2o,1gb,q7,3.0,45.7,55.8,0.14,0.32,2.3,OK
250,2400,sirius,h2o,1gb,q8,8.0,46.7,63.6,0.37,0.88,9.4,OK
250,2400,sirius,h2o,1gb,q9,11.0,51.2,78.3,0.56,1.19,12.0,OK
250,2400,sirius,h2o,2gb,q1,4.0,46.6,57.8,0.19,0.44,8.4,OK
250,2400,sirius,h2o,2gb,q10,13.0,58.0,108.6,0.75,1.45,14.8,OK
250,2400,sirius,h2o,2gb,q2,5.0,47.8,65.3,0.24,0.55,4.1,OK
250,2400,sirius,h2o,2gb,q3,8.0,51.3,74.2,0.41,0.88,2.7,OK
250,2400,sirius,h2o,2gb,q4,4.0,47.1,59.5,0.19,0.43,9.2,OK
250,2400,sirius,h2o,2gb,q5,7.0,50.2,72.2,0.35,0.77,9.3,OK
250,2400,sirius,h2o,2gb,q6,8.0,50.5,74.8,0.40,0.91,6.5,OK
250,2400,sirius,h2o,2gb,q7,5.0,49.4,68.9,0.25,0.54,3.9,OK
250,2400,sirius,h2o,2gb,q8,12.0,52.6,81.5,0.63,1.30,12.4,OK
250,2400,sirius,h2o,2gb,q9,20.0,59.4,112.0,1.19,2.22,14.9,OK
250,2400,sirius,tpch,1,q01,1.0,95.3,111.3,0.10,0.11,46.7,OK
250,2400,sirius,tpch,1,q02,5.0,47.6,48.7,0.24,0.55,14.1,OK
250,2400,sirius,tpch,1,q03,2.0,59.2,63.2,0.12,0.23,29.0,OK
250,2400,sirius,tpch,1,q04,1.0,66.0,70.1,0.07,0.11,28.5,OK
250,2400,sirius,tpch,1,q05,2.0,56.4,61.5,0.11,0.22,16.4,OK
250,2400,sirius,tpch,1,q06,1.0,83.4,85.0,0.08,0.11,39.6,OK
250,2400,sirius,tpch,1,q07,3.0,54.7,57.7,0.16,0.33,18.0,OK
250,2400,sirius,tpch,1,q08,3.0,54.1,58.6,0.16,0.33,14.7,OK
250,2400,sirius,tpch,1,q09,3.0,67.6,74.3,0.20,0.34,25.7,OK
250,2400,sirius,tpch,1,q10,2.0,58.1,63.4,0.12,0.22,20.7,OK
250,2400,sirius,tpch,1,q11,1.0,49.4,50.2,0.05,0.11,9.8,OK
250,2400,sirius,tpch,1,q12,2.0,64.0,67.2,0.13,0.22,24.2,OK
250,2400,sirius,tpch,1,q13,5.0,46.6,51.8,0.23,0.55,5.6,OK
250,2400,sirius,tpch,1,q14,1.0,54.3,57.0,0.05,0.11,13.5,OK
250,2400,sirius,tpch,1,q15,1.0,54.1,55.9,0.05,0.11,13.3,OK
250,2400,sirius,tpch,1,q16,2.0,54.3,57.7,0.11,0.23,51.6,OK
250,2400,sirius,tpch,1,q17,1.0,73.0,82.0,0.07,0.11,38.2,OK
250,2400,sirius,tpch,1,q18,4.0,101.3,103.1,0.41,0.44,52.5,OK
250,2400,sirius,tpch,1,q19,2.0,64.9,68.7,0.13,0.22,22.1,OK
250,2400,sirius,tpch,1,q20,3.0,53.8,55.8,0.16,0.33,24.5,OK
250,2400,sirius,tpch,1,q21,3.0,71.5,78.9,0.21,0.34,37.4,OK
250,2400,sirius,tpch,1,q22,2.0,52.5,54.9,0.10,0.22,14.4,OK
250,2400,sirius,tpch,2,q01,1.0,109.7,138.7,0.11,0.11,57.1,OK
250,2400,sirius,tpch,2,q02,5.0,54.6,56.1,0.27,0.55,18.2,OK
250,2400,sirius,tpch,2,q03,2.0,74.1,80.4,0.15,0.22,35.9,OK
250,2400,sirius,tpch,2,q04,2.0,83.8,91.5,0.17,0.22,36.9,OK
250,2400,sirius,tpch,2,q05,2.0,68.2,75.3,0.14,0.22,23.7,OK
250,2400,sirius,tpch,2,q06,2.0,112.1,116.1,0.22,0.22,59.5,OK
250,2400,sirius,tpch,2,q07,4.0,67.1,72.5,0.27,0.45,24.5,OK
250,2400,sirius,tpch,2,q08,4.0,63.1,73.2,0.25,0.45,17.3,OK
250,2400,sirius,tpch,2,q09,3.0,83.2,93.3,0.25,-29.26,35.1,OK
250,2400,sirius,tpch,2,q10,3.0,71.2,78.2,0.21,0.34,31.9,OK
250,2400,sirius,tpch,2,q11,1.0,52.7,54.4,0.05,0.11,13.3,OK
250,2400,sirius,tpch,2,q12,2.0,79.1,85.3,0.16,0.23,36.5,OK
250,2400,sirius,tpch,2,q13,7.0,45.8,56.0,0.32,0.76,5.5,OK
250,2400,sirius,tpch,2,q14,1.0,68.7,70.1,0.07,0.11,28.2,OK
250,2400,sirius,tpch,2,q15,2.0,65.3,66.4,0.13,0.23,24.5,OK
250,2400,sirius,tpch,2,q16,2.0,58.2,66.3,0.12,0.23,51.4,OK
250,2400,sirius,tpch,2,q17,1.0,79.5,90.7,0.08,0.11,41.2,OK
250,2400,sirius,tpch,2,q18,7.0,108.8,119.5,0.76,0.77,61.8,OK
250,2400,sirius,tpch,2,q19,2.0,75.9,82.0,0.15,0.23,33.5,OK
250,2400,sirius,tpch,2,q20,3.0,59.6,63.1,0.18,0.34,27.5,OK
250,2400,sirius,tpch,2,q21,4.0,80.3,91.9,0.32,0.45,44.7,OK
250,2400,sirius,tpch,2,q22,2.0,54.3,57.8,0.11,0.22,17.5,OK
250,3090,maximus,h2o,1gb,q1,1,193.0,194.4,0.2,0.1,95.8,OK
250,3090,maximus,h2o,1gb,q2,2,198.8,200.2,0.4,0.2,95.0,OK
250,3090,maximus,h2o,1gb,q3,2,201.0,202.8,0.4,0.2,96.9,OK
250,3090,maximus,h2o,1gb,q4,1,194.3,196.1,0.2,0.1,97.0,OK
250,3090,maximus,h2o,1gb,q5,2,205.5,207.3,0.4,0.2,98.0,OK
250,3090,maximus,h2o,1gb,q6,129,205.4,210.7,26.5,14.1,100.0,OK
250,3090,maximus,h2o,1gb,q7,1,198.0,214.3,0.2,0.1,85.5,OK
250,3090,maximus,h2o,1gb,q9,3,200.0,201.6,0.6,0.3,93.9,OK
250,3090,maximus,h2o,1gb,q10,5,190.7,211.6,1.0,0.5,91.1,OK
250,3090,maximus,h2o,2gb,q1,2,197.5,199.6,0.4,0.2,97.9,OK
250,3090,maximus,h2o,2gb,q2,4,203.2,205.7,0.8,0.4,97.7,OK
250,3090,maximus,h2o,2gb,q3,5,203.8,206.8,1.0,0.5,98.0,OK
250,3090,maximus,h2o,2gb,q4,2,198.7,200.4,0.4,0.2,98.1,OK
250,3090,maximus,h2o,2gb,q5,4,200.7,203.3,0.8,0.4,99.0,OK
250,3090,maximus,h2o,2gb,q6,266,204.9,216.0,54.5,29.1,99.1,OK
250,3090,maximus,h2o,2gb,q7,3,205.4,219.8,0.6,0.3,91.9,OK
250,3090,maximus,h2o,2gb,q9,6,205.2,207.6,1.2,0.7,97.0,OK
250,3090,maximus,h2o,2gb,q10,10,217.7,219.1,2.2,1.1,98.0,OK
250,3090,maximus,tpch,1,q1,4,192.7,195.1,0.8,0.4,93.0,OK
250,3090,maximus,tpch,1,q2,2,90.3,91.5,0.2,0.2,54.3,OK
250,3090,maximus,tpch,1,q3,2,163.5,165.0,0.3,0.2,91.2,OK
250,3090,maximus,tpch,1,q4,1,179.4,181.2,0.2,0.1,92.0,OK
250,3090,maximus,tpch,1,q5,2,170.3,179.5,0.3,0.2,82.1,OK
250,3090,maximus,tpch,1,q6,0,72.8,130.2,0.0,0.0,0.6,OK
250,3090,maximus,tpch,1,q7,2,159.3,160.8,0.3,0.2,81.9,OK
250,3090,maximus,tpch,1,q8,2,164.6,166.9,0.3,0.2,83.2,OK
250,3090,maximus,tpch,1,q9,3,181.3,183.5,0.5,0.3,89.9,OK
250,3090,maximus,tpch,1,q10,2,155.5,163.5,0.3,0.2,79.8,OK
250,3090,maximus,tpch,1,q11,2,163.9,164.8,0.3,0.2,68.5,OK
250,3090,maximus,tpch,1,q12,1,166.9,169.4,0.2,0.1,84.1,OK
250,3090,maximus,tpch,1,q13,14,212.7,251.1,3.0,1.5,78.0,OK
250,3090,maximus,tpch,1,q14,1,159.1,161.2,0.2,0.1,82.0,OK
250,3090,maximus,tpch,1,q15,1,161.2,162.4,0.2,0.1,81.8,OK
250,3090,maximus,tpch,1,q16,18,102.9,104.4,1.9,1.9,93.0,OK
250,3090,maximus,tpch,1,q17,3,140.2,149.8,0.4,0.3,70.9,OK
250,3090,maximus,tpch,1,q18,3,172.6,174.7,0.5,0.3,91.0,OK
250,3090,maximus,tpch,1,q19,17,221.0,222.8,3.8,1.8,90.9,OK
250,3090,maximus,tpch,1,q20,3,142.6,150.9,0.4,0.3,73.1,OK
250,3090,maximus,tpch,1,q21,58,216.4,218.2,12.5,6.3,96.2,OK
250,3090,maximus,tpch,1,q22,2,100.0,102.7,0.2,0.2,44.4,OK
250,3090,maximus,tpch,2,q1,8,197.0,199.3,1.6,0.9,96.0,OK
250,3090,maximus,tpch,2,q2,3,104.8,106.1,0.3,0.3,63.3,OK
250,3090,maximus,tpch,2,q3,3,175.7,177.9,0.5,0.3,95.0,OK
250,3090,maximus,tpch,2,q4,2,185.8,187.7,0.4,0.2,96.0,OK
250,3090,maximus,tpch,2,q5,4,190.7,191.8,0.8,0.4,93.1,OK
250,3090,maximus,tpch,2,q6,1,186.7,188.8,0.2,0.1,95.6,OK
250,3090,maximus,tpch,2,q7,3,174.5,175.9,0.5,0.3,89.7,OK
250,3090,maximus,tpch,2,q8,3,180.1,181.7,0.5,0.3,90.6,OK
250,3090,maximus,tpch,2,q9,6,195.1,197.0,1.2,0.7,94.7,OK
250,3090,maximus,tpch,2,q10,2,175.1,177.3,0.4,0.2,90.7,OK
250,3090,maximus,tpch,2,q11,3,196.9,199.0,0.6,0.3,79.7,OK
250,3090,maximus,tpch,2,q12,2,181.1,182.7,0.4,0.2,91.1,OK
250,3090,maximus,tpch,2,q13,27,212.3,259.9,5.7,2.9,78.3,OK
250,3090,maximus,tpch,2,q14,2,168.4,175.2,0.3,0.2,85.8,OK
250,3090,maximus,tpch,2,q15,1,174.8,176.4,0.2,0.1,90.0,OK
250,3090,maximus,tpch,2,q16,20,131.8,133.8,2.6,2.2,93.8,OK
250,3090,maximus,tpch,2,q17,3,167.1,168.6,0.5,0.3,84.9,OK
250,3090,maximus,tpch,2,q18,6,180.7,182.5,1.1,0.7,94.9,OK
250,3090,maximus,tpch,2,q19,32,233.2,236.0,7.5,3.5,95.1,OK
250,3090,maximus,tpch,2,q20,4,159.8,168.2,0.6,0.4,82.4,OK
250,3090,maximus,tpch,2,q21,116,222.2,226.8,25.8,12.5,97.9,OK
250,3090,maximus,tpch,2,q22,2,120.6,123.3,0.2,0.2,56.0,OK
250,3090,sirius,h2o,1gb,q1,2.0,55.9,63.7,0.11,0.23,3.9,OK
250,3090,sirius,h2o,1gb,q10,7.0,63.4,94.7,0.44,0.78,9.2,OK
250,3090,sirius,h2o,1gb,q2,3.0,57.1,68.6,0.17,0.33,4.9,OK
250,3090,sirius,h2o,1gb,q3,4.0,58.2,74.0,0.23,0.43,1.8,OK
250,3090,sirius,h2o,1gb,q4,2.0,56.2,64.8,0.11,0.22,0.9,OK
250,3090,sirius,h2o,1gb,q5,4.0,58.5,73.5,0.23,0.43,3.0,OK
250,3090,sirius,h2o,1gb,q6,4.0,57.7,73.7,0.23,0.44,0.8,OK
250,3090,sirius,h2o,1gb,q7,3.0,56.8,70.1,0.17,0.33,1.0,OK
250,3090,sirius,h2o,1gb,q8,7.0,59.2,80.8,0.41,0.76,6.2,OK
250,3090,sirius,h2o,1gb,q9,11.0,64.3,99.0,0.71,1.19,9.4,OK
250,3090,sirius,h2o,2gb,q1,3.0,58.3,72.5,0.17,0.33,7.0,OK
250,3090,sirius,h2o,2gb,q10,12.0,69.8,134.0,0.84,1.33,8.9,OK
250,3090,sirius,h2o,2gb,q2,5.0,59.5,93.6,0.30,0.56,3.8,OK
250,3090,sirius,h2o,2gb,q3,8.0,63.6,92.8,0.51,0.90,7.1,OK
250,3090,sirius,h2o,2gb,q4,4.0,58.3,74.5,0.23,0.43,5.2,OK
250,3090,sirius,h2o,2gb,q5,6.0,62.3,90.8,0.37,0.67,6.4,OK
250,3090,sirius,h2o,2gb,q6,8.0,62.8,93.4,0.50,0.87,5.7,OK
250,3090,sirius,h2o,2gb,q7,4.0,62.0,86.2,0.25,0.45,4.3,OK
250,3090,sirius,h2o,2gb,q8,11.0,63.5,104.4,0.70,1.23,10.1,OK
250,3090,sirius,h2o,2gb,q9,19.0,73.3,143.5,1.39,2.07,14.8,OK
250,3090,sirius,tpch,1,q01,1.0,121.3,145.6,0.12,0.11,44.1,OK
250,3090,sirius,tpch,1,q02,4.0,62.7,64.4,0.25,0.44,12.8,OK
250,3090,sirius,tpch,1,q03,2.0,76.9,82.7,0.15,0.22,23.6,OK
250,3090,sirius,tpch,1,q04,1.0,83.2,89.6,0.08,0.11,24.1,OK
250,3090,sirius,tpch,1,q05,2.0,69.4,75.5,0.14,0.22,12.9,OK
250,3090,sirius,tpch,1,q06,1.0,109.9,110.7,0.11,0.11,37.1,OK
250,3090,sirius,tpch,1,q07,3.0,69.8,73.8,0.21,0.33,15.6,OK
250,3090,sirius,tpch,1,q08,3.0,68.0,74.1,0.20,0.33,12.3,OK
250,3090,sirius,tpch,1,q09,3.0,87.0,97.2,0.26,0.33,22.2,OK
250,3090,sirius,tpch,1,q10,2.0,74.4,79.9,0.15,0.22,19.7,OK
250,3090,sirius,tpch,1,q11,1.0,59.6,61.1,0.06,0.11,6.9,OK
250,3090,sirius,tpch,1,q12,2.0,79.9,85.5,0.16,0.23,20.4,OK
250,3090,sirius,tpch,1,q13,4.0,55.6,62.5,0.22,0.44,2.6,OK
250,3090,sirius,tpch,1,q14,1.0,67.6,70.7,0.07,0.11,12.2,OK
250,3090,sirius,tpch,1,q15,1.0,65.6,68.2,0.07,0.11,12.0,OK
250,3090,sirius,tpch,1,q16,1.0,69.1,75.7,0.07,0.11,53.9,OK
250,3090,sirius,tpch,1,q17,1.0,92.8,106.3,0.09,0.11,34.4,OK
250,3090,sirius,tpch,1,q18,4.0,118.7,128.2,0.47,0.44,47.0,OK
250,3090,sirius,tpch,1,q19,2.0,78.7,84.9,0.16,0.22,20.8,OK
250,3090,sirius,tpch,1,q20,3.0,66.2,68.9,0.20,0.33,19.9,OK
250,3090,sirius,tpch,1,q21,3.0,87.5,99.2,0.26,0.34,31.1,OK
250,3090,sirius,tpch,1,q22,2.0,63.1,66.5,0.13,0.22,12.1,OK
250,3090,sirius,tpch,2,q01,1.0,129.3,168.8,0.13,0.11,55.3,OK
250,3090,sirius,tpch,2,q02,5.0,65.9,70.2,0.33,0.56,15.5,OK
250,3090,sirius,tpch,2,q03,2.0,87.7,100.4,0.18,0.22,29.7,OK
250,3090,sirius,tpch,2,q04,2.0,98.5,112.4,0.20,0.22,32.5,OK
250,3090,sirius,tpch,2,q05,2.0,81.5,93.0,0.16,0.22,20.0,OK
250,3090,sirius,tpch,2,q06,2.0,139.0,141.5,0.28,0.22,58.7,OK
250,3090,sirius,tpch,2,q07,4.0,77.9,86.4,0.31,0.44,20.3,OK
250,3090,sirius,tpch,2,q08,3.0,78.2,88.5,0.23,0.33,18.4,OK
250,3090,sirius,tpch,2,q09,3.0,106.6,119.9,0.32,0.34,31.0,OK
250,3090,sirius,tpch,2,q10,3.0,89.5,100.0,0.27,0.34,28.3,OK
250,3090,sirius,tpch,2,q11,1.0,64.7,68.2,0.06,0.11,9.9,OK
250,3090,sirius,tpch,2,q12,2.0,102.0,111.1,0.20,0.22,33.7,OK
250,3090,sirius,tpch,2,q13,7.0,57.7,69.6,0.40,0.76,1.6,OK
250,3090,sirius,tpch,2,q14,1.0,83.9,89.3,0.08,0.11,22.8,OK
250,3090,sirius,tpch,2,q15,2.0,79.3,83.3,0.16,0.22,19.4,OK
250,3090,sirius,tpch,2,q16,2.0,81.0,91.1,0.16,0.23,45.6,OK
250,3090,sirius,tpch,2,q17,1.0,110.1,128.9,0.11,0.11,40.2,OK
250,3090,sirius,tpch,2,q18,7.0,142.2,155.4,1.00,0.77,61.8,OK
250,3090,sirius,tpch,2,q19,2.0,97.4,105.4,0.19,0.22,32.4,OK
250,3090,sirius,tpch,2,q20,3.0,76.8,80.9,0.23,0.34,27.2,OK
250,3090,sirius,tpch,2,q21,4.0,105.3,121.9,0.42,0.45,42.8,OK
250,3090,sirius,tpch,2,q22,2.0,69.3,74.2,0.14,0.22,14.8,OK
300,1800,maximus,h2o,1gb,q1,1,113.2,116.3,0.1,0.1,96.0,OK
300,1800,maximus,h2o,1gb,q2,3,111.2,112.6,0.3,0.3,95.9,OK
300,1800,maximus,h2o,1gb,q3,4,103.5,113.8,0.4,0.4,85.9,OK
300,1800,maximus,h2o,1gb,q4,2,113.1,114.4,0.2,0.2,97.0,OK
300,1800,maximus,h2o,1gb,q5,3,115.0,117.2,0.3,0.3,98.0,OK
300,1800,maximus,h2o,1gb,q6,191,101.7,103.9,19.4,20.8,100.0,OK
300,1800,maximus,h2o,1gb,q7,2,129.5,130.9,0.3,0.2,95.9,OK
300,1800,maximus,h2o,1gb,q9,4,112.4,114.7,0.4,0.4,95.0,OK
300,1800,maximus,h2o,1gb,q10,8,113.5,114.5,0.9,0.9,96.8,OK
300,1800,maximus,h2o,2gb,q1,3,116.5,117.8,0.3,0.3,97.9,OK
300,1800,maximus,h2o,2gb,q2,6,113.4,115.2,0.7,0.7,97.8,OK
300,1800,maximus,h2o,2gb,q3,7,104.4,116.8,0.7,0.8,89.4,OK
300,1800,maximus,h2o,2gb,q4,4,115.2,116.7,0.5,0.4,98.1,OK
300,1800,maximus,h2o,2gb,q5,6,112.5,114.6,0.7,0.7,99.0,OK
300,1800,maximus,h2o,2gb,q6,390,103.0,106.8,40.2,42.2,98.1,OK
300,1800,maximus,h2o,2gb,q7,5,121.6,133.7,0.6,0.5,86.1,OK
300,1800,maximus,h2o,2gb,q9,8,104.8,116.3,0.8,0.9,88.2,OK
300,1800,maximus,h2o,2gb,q10,15,104.8,119.3,1.6,1.6,86.9,OK
300,1800,maximus,tpch,1,q1,5,115.4,117.2,0.6,0.5,93.7,OK
300,1800,maximus,tpch,1,q2,3,52.1,54.5,0.2,0.3,62.3,OK
300,1800,maximus,tpch,1,q3,3,98.2,99.6,0.3,0.3,92.0,OK
300,1800,maximus,tpch,1,q4,2,112.0,114.5,0.2,0.2,92.0,OK
300,1800,maximus,tpch,1,q5,3,106.7,108.1,0.3,0.3,88.7,OK
300,1800,maximus,tpch,1,q6,1,111.9,117.5,0.1,0.1,88.1,OK
300,1800,maximus,tpch,1,q7,3,98.1,99.9,0.3,0.3,83.6,OK
300,1800,maximus,tpch,1,q8,2,101.2,102.6,0.2,0.2,85.2,OK
300,1800,maximus,tpch,1,q9,5,104.9,107.0,0.5,0.5,91.2,OK
300,1800,maximus,tpch,1,q10,2,101.3,102.8,0.2,0.2,85.4,OK
300,1800,maximus,tpch,1,q11,3,92.9,93.7,0.3,0.3,75.6,OK
300,1800,maximus,tpch,1,q12,2,104.9,106.1,0.2,0.2,85.5,OK
300,1800,maximus,tpch,1,q13,20,115.2,116.3,2.3,2.2,96.3,OK
300,1800,maximus,tpch,1,q14,2,100.4,102.0,0.2,0.2,83.3,OK
300,1800,maximus,tpch,1,q15,1,102.2,104.0,0.1,0.1,81.7,OK
300,1800,maximus,tpch,1,q16,28,52.0,59.3,1.5,3.0,81.6,OK
300,1800,maximus,tpch,1,q17,3,90.7,92.6,0.3,0.3,79.2,OK
300,1800,maximus,tpch,1,q18,4,110.2,111.5,0.4,0.4,91.1,OK
300,1800,maximus,tpch,1,q19,24,114.6,116.9,2.7,2.6,93.0,OK
300,1800,maximus,tpch,1,q20,4,92.8,94.3,0.4,0.4,82.8,OK
300,1800,maximus,tpch,1,q21,78,113.9,116.1,8.9,8.4,97.1,OK
300,1800,maximus,tpch,1,q22,2,62.4,63.9,0.1,0.2,49.5,OK
300,1800,maximus,tpch,2,q1,10,121.0,125.9,1.2,1.1,96.5,OK
300,1800,maximus,tpch,2,q2,4,62.4,66.1,0.2,0.4,69.9,OK
300,1800,maximus,tpch,2,q3,5,108.7,110.4,0.5,0.5,95.3,OK
300,1800,maximus,tpch,2,q4,3,116.7,118.0,0.4,0.3,96.0,OK
300,1800,maximus,tpch,2,q5,6,107.2,115.5,0.6,0.6,85.3,OK
300,1800,maximus,tpch,2,q6,1,119.5,121.3,0.1,0.1,96.4,OK
300,1800,maximus,tpch,2,q7,4,108.3,109.9,0.4,0.4,90.4,OK
300,1800,maximus,tpch,2,q8,4,110.2,111.3,0.4,0.4,91.1,OK
300,1800,maximus,tpch,2,q9,9,113.2,115.0,1.0,1.0,94.9,OK
300,1800,maximus,tpch,2,q10,3,105.2,111.8,0.3,0.3,86.0,OK
300,1800,maximus,tpch,2,q11,5,108.5,109.9,0.5,0.5,83.2,OK
300,1800,maximus,tpch,2,q12,3,113.1,114.6,0.3,0.3,91.9,OK
300,1800,maximus,tpch,2,q13,39,119.8,121.1,4.7,4.2,98.0,OK
300,1800,maximus,tpch,2,q14,2,110.6,111.9,0.2,0.2,91.5,OK
300,1800,maximus,tpch,2,q15,2,111.2,112.6,0.2,0.2,89.3,OK
300,1800,maximus,tpch,2,q16,32,67.7,69.0,2.2,3.5,96.0,OK
300,1800,maximus,tpch,2,q17,5,96.9,104.2,0.5,0.5,80.8,OK
300,1800,maximus,tpch,2,q18,7,115.2,117.0,0.8,0.8,95.0,OK
300,1800,maximus,tpch,2,q19,46,106.0,122.5,4.9,5.0,78.2,OK
300,1800,maximus,tpch,2,q20,6,104.3,105.9,0.6,0.6,89.2,OK
300,1800,maximus,tpch,2,q21,155,119.9,121.7,18.6,16.9,99.0,OK
300,1800,maximus,tpch,2,q22,2,74.9,76.2,0.1,0.2,60.6,OK
300,1800,sirius,h2o,1gb,q1,3.0,38.0,43.5,0.11,0.33,1.6,OK
300,1800,sirius,h2o,1gb,q10,9.0,42.3,66.2,0.38,1.01,7.7,OK
300,1800,sirius,h2o,1gb,q2,4.0,38.8,46.6,0.16,0.44,4.8,OK
300,1800,sirius,h2o,1gb,q3,5.0,39.4,50.2,0.20,0.56,4.5,OK
300,1800,sirius,h2o,1gb,q4,3.0,37.9,44.1,0.11,0.33,2.1,OK
300,1800,sirius,h2o,1gb,q5,5.0,39.7,49.6,0.20,0.55,10.1,OK
300,1800,sirius,h2o,1gb,q6,5.0,39.3,50.9,0.20,0.57,5.9,OK
300,1800,sirius,h2o,1gb,q7,3.0,39.3,48.6,0.12,0.33,6.1,OK
300,1800,sirius,h2o,1gb,q8,10.0,39.8,55.3,0.40,1.10,9.1,OK
300,1800,sirius,h2o,1gb,q9,13.0,43.5,68.4,0.56,1.47,12.2,OK
300,1800,sirius,h2o,2gb,q1,4.0,39.0,48.6,0.16,0.45,9.8,OK
300,1800,sirius,h2o,2gb,q10,17.0,45.4,93.9,0.77,1.91,12.5,OK
300,1800,sirius,h2o,2gb,q2,7.0,40.0,55.1,0.28,0.77,10.9,OK
300,1800,sirius,h2o,2gb,q3,11.0,42.7,63.4,0.47,1.21,9.1,OK
300,1800,sirius,h2o,2gb,q4,5.0,38.8,50.5,0.19,0.55,6.4,OK
300,1800,sirius,h2o,2gb,q5,9.0,42.2,62.3,0.38,0.99,8.5,OK
300,1800,sirius,h2o,2gb,q6,10.0,43.0,64.4,0.43,1.09,14.1,OK
300,1800,sirius,h2o,2gb,q7,6.0,40.7,59.9,0.24,0.66,7.0,OK
300,1800,sirius,h2o,2gb,q8,15.0,43.6,71.4,0.65,1.62,7.8,OK
300,1800,sirius,h2o,2gb,q9,22.0,48.8,99.1,1.07,2.44,19.2,OK
300,1800,sirius,tpch,1,q01,1.0,73.7,88.8,0.07,0.11,46.6,OK
300,1800,sirius,tpch,1,q02,5.0,38.5,39.7,0.19,-38.45,17.9,OK
300,1800,sirius,tpch,1,q03,2.0,47.0,49.6,0.09,0.22,29.7,OK
300,1800,sirius,tpch,1,q04,1.0,52.1,55.9,0.05,0.11,29.9,OK
300,1800,sirius,tpch,1,q05,2.0,43.1,46.6,0.09,0.22,17.4,OK
300,1800,sirius,tpch,1,q06,2.0,65.6,70.0,0.13,0.22,40.2,OK
300,1800,sirius,tpch,1,q07,4.0,43.4,45.4,0.17,0.45,20.9,OK
300,1800,sirius,tpch,1,q08,4.0,41.8,44.5,0.17,0.44,16.4,OK
300,1800,sirius,tpch,1,q09,3.0,51.8,56.6,0.16,0.33,27.6,OK
300,1800,sirius,tpch,1,q10,2.0,47.7,50.2,0.10,0.22,26.0,OK
300,1800,sirius,tpch,1,q11,1.0,38.7,39.2,0.04,0.11,12.0,OK
300,1800,sirius,tpch,1,q12,2.0,51.0,53.7,0.10,0.22,27.4,OK
300,1800,sirius,tpch,1,q13,6.0,37.0,41.8,0.22,0.66,2.1,OK
300,1800,sirius,tpch,1,q14,1.0,43.8,45.5,0.04,0.11,16.8,OK
300,1800,sirius,tpch,1,q15,1.0,42.5,44.3,0.04,0.11,15.6,OK
300,1800,sirius,tpch,1,q16,2.0,41.5,45.0,0.08,0.23,46.9,OK
300,1800,sirius,tpch,1,q17,1.0,52.7,58.7,0.05,0.11,36.4,OK
300,1800,sirius,tpch,1,q18,4.0,76.0,83.1,0.30,0.44,46.7,OK
300,1800,sirius,tpch,1,q19,2.0,52.5,55.5,0.10,0.22,24.4,OK
300,1800,sirius,tpch,1,q20,3.0,42.6,43.9,0.13,0.34,26.6,OK
300,1800,sirius,tpch,1,q21,4.0,55.1,61.6,0.22,0.45,38.4,OK
300,1800,sirius,tpch,1,q22,2.0,39.9,42.0,0.08,0.22,14.9,OK
300,1800,sirius,tpch,2,q01,1.0,87.0,110.4,0.09,0.11,53.0,OK
300,1800,sirius,tpch,2,q02,5.0,42.3,43.8,0.21,0.55,22.0,OK
300,1800,sirius,tpch,2,q03,2.0,56.4,61.7,0.11,0.22,38.6,OK
300,1800,sirius,tpch,2,q04,2.0,63.6,70.1,0.13,0.22,38.5,OK
300,1800,sirius,tpch,2,q05,3.0,49.8,57.0,0.15,0.34,23.6,OK
300,1800,sirius,tpch,2,q06,3.0,88.6,90.5,0.27,0.33,62.1,OK
300,1800,sirius,tpch,2,q07,4.0,51.5,55.3,0.21,0.45,28.8,OK
300,1800,sirius,tpch,2,q08,4.0,48.4,53.4,0.19,0.44,20.8,OK
300,1800,sirius,tpch,2,q09,3.0,62.8,72.1,0.19,0.33,37.4,OK
300,1800,sirius,tpch,2,q10,3.0,57.3,62.8,0.17,0.34,33.0,OK
300,1800,sirius,tpch,2,q11,1.0,41.8,43.9,0.04,0.11,14.5,OK
300,1800,sirius,tpch,2,q12,2.0,65.3,70.6,0.13,0.22,40.1,OK
300,1800,sirius,tpch,2,q13,9.0,38.4,47.1,0.35,0.98,3.5,OK
300,1800,sirius,tpch,2,q14,1.0,55.2,58.7,0.06,0.11,27.0,OK
300,1800,sirius,tpch,2,q15,2.0,52.8,55.6,0.11,0.22,24.6,OK
300,1800,sirius,tpch,2,q16,2.0,46.8,52.4,0.09,0.23,47.2,OK
300,1800,sirius,tpch,2,q17,1.0,61.5,71.3,0.06,0.11,41.2,OK
300,1800,sirius,tpch,2,q18,7.0,93.1,101.9,0.65,0.77,62.9,OK
300,1800,sirius,tpch,2,q19,2.0,63.8,69.5,0.13,0.22,32.7,OK
300,1800,sirius,tpch,2,q20,4.0,49.9,52.6,0.20,0.44,32.2,OK
300,1800,sirius,tpch,2,q21,5.0,61.8,75.5,0.31,0.56,38.7,OK
300,1800,sirius,tpch,2,q22,2.0,45.8,47.5,0.09,0.22,22.0,OK
300,2400,maximus,h2o,1gb,q1,1,145.2,147.2,0.1,0.1,95.4,OK
300,2400,maximus,h2o,1gb,q2,2,135.9,146.8,0.3,0.2,85.1,OK
300,2400,maximus,h2o,1gb,q3,3,150.2,151.8,0.5,0.3,96.9,OK
300,2400,maximus,h2o,1gb,q4,1,145.0,146.9,0.1,0.1,96.9,OK
300,2400,maximus,h2o,1gb,q5,2,151.7,153.7,0.3,0.2,97.2,OK
300,2400,maximus,h2o,1gb,q6,144,143.6,148.4,20.7,15.4,100.0,OK
300,2400,maximus,h2o,1gb,q7,2,161.7,164.1,0.3,0.2,94.9,OK
300,2400,maximus,h2o,1gb,q9,3,146.3,148.4,0.4,0.3,93.8,OK
300,2400,maximus,h2o,1gb,q10,6,154.4,155.7,0.9,0.6,95.9,OK
300,2400,maximus,h2o,2gb,q1,2,148.8,150.2,0.3,0.2,97.9,OK
300,2400,maximus,h2o,2gb,q2,4,148.0,149.2,0.6,0.4,97.8,OK
300,2400,maximus,h2o,2gb,q3,5,151.4,154.0,0.8,0.5,98.0,OK
300,2400,maximus,h2o,2gb,q4,3,146.8,149.2,0.4,0.3,98.0,OK
300,2400,maximus,h2o,2gb,q5,5,148.5,150.8,0.7,0.5,99.0,OK
300,2400,maximus,h2o,2gb,q6,296,129.1,153.5,38.2,32.3,81.5,OK
300,2400,maximus,h2o,2gb,q7,3,153.4,168.4,0.5,0.3,95.4,OK
300,2400,maximus,h2o,2gb,q9,6,149.5,152.4,0.9,0.7,97.0,OK
300,2400,maximus,h2o,2gb,q10,12,159.1,162.7,1.9,1.3,98.0,OK
300,2400,maximus,tpch,1,q1,4,151.5,154.6,0.6,0.4,92.6,OK
300,2400,maximus,tpch,1,q2,3,69.6,70.3,0.2,0.3,57.0,OK
300,2400,maximus,tpch,1,q3,2,126.3,127.5,0.3,0.2,91.4,OK
300,2400,maximus,tpch,1,q4,1,134.7,139.5,0.1,0.1,88.5,OK
300,2400,maximus,tpch,1,q5,2,133.5,135.4,0.3,0.2,87.8,OK
300,2400,maximus,tpch,1,q6,0,62.1,69.9,0.0,0.0,88.0,OK
300,2400,maximus,tpch,1,q7,2,121.9,123.3,0.2,0.2,82.2,OK
300,2400,maximus,tpch,1,q8,2,125.5,126.7,0.3,0.2,83.5,OK
300,2400,maximus,tpch,1,q9,4,135.3,137.1,0.5,0.4,90.5,OK
300,2400,maximus,tpch,1,q10,2,123.7,125.2,0.2,-13.7,83.4,OK
300,2400,maximus,tpch,1,q11,2,121.8,123.0,0.2,0.2,71.3,OK
300,2400,maximus,tpch,1,q12,2,128.2,129.2,0.3,0.2,83.9,OK
300,2400,maximus,tpch,1,q13,16,169.5,170.7,2.7,1.7,96.0,OK
300,2400,maximus,tpch,1,q14,1,122.7,124.2,0.1,0.1,82.2,OK
300,2400,maximus,tpch,1,q15,1,124.9,126.6,0.1,0.1,81.9,OK
300,2400,maximus,tpch,1,q16,21,72.4,73.4,1.5,2.3,94.2,OK
300,2400,maximus,tpch,1,q17,3,111.6,113.6,0.3,0.3,76.0,OK
300,2400,maximus,tpch,1,q18,3,132.7,134.7,0.4,0.3,90.9,OK
300,2400,maximus,tpch,1,q19,19,139.4,160.5,2.6,2.1,80.1,OK
300,2400,maximus,tpch,1,q20,3,108.9,115.4,0.3,0.3,75.8,OK
300,2400,maximus,tpch,1,q21,63,154.3,158.1,9.7,6.8,96.5,OK
300,2400,maximus,tpch,1,q22,2,76.1,77.1,0.2,0.2,46.3,OK
300,2400,maximus,tpch,2,q1,8,151.2,153.8,1.2,0.9,96.0,OK
300,2400,maximus,tpch,2,q2,3,78.7,79.9,0.2,0.3,65.4,OK
300,2400,maximus,tpch,2,q3,4,134.0,135.6,0.5,0.4,95.0,OK
300,2400,maximus,tpch,2,q4,2,142.7,144.4,0.3,0.2,95.6,OK
300,2400,maximus,tpch,2,q5,4,143.6,145.2,0.6,0.4,93.3,OK
300,2400,maximus,tpch,2,q6,1,145.7,147.4,0.1,0.1,95.3,OK
300,2400,maximus,tpch,2,q7,3,133.9,135.2,0.4,0.3,89.5,OK
300,2400,maximus,tpch,2,q8,3,137.1,138.6,0.4,0.3,90.8,OK
300,2400,maximus,tpch,2,q9,7,145.8,147.5,1.0,0.8,94.9,OK
300,2400,maximus,tpch,2,q10,3,134.7,136.5,0.4,0.3,90.9,OK
300,2400,maximus,tpch,2,q11,4,145.0,146.5,0.6,0.4,81.3,OK
300,2400,maximus,tpch,2,q12,3,138.8,140.0,0.4,0.3,91.2,OK
300,2400,maximus,tpch,2,q13,31,176.7,180.2,5.5,3.4,98.0,OK
300,2400,maximus,tpch,2,q14,2,130.1,135.6,0.3,0.2,86.0,OK
300,2400,maximus,tpch,2,q15,2,136.1,137.9,0.3,0.2,90.1,OK
300,2400,maximus,tpch,2,q16,24,83.8,93.6,2.0,2.6,78.5,OK
300,2400,maximus,tpch,2,q17,4,120.9,128.6,0.5,0.4,78.4,OK
300,2400,maximus,tpch,2,q18,6,139.5,141.8,0.8,0.7,94.9,OK
300,2400,maximus,tpch,2,q19,36,145.9,168.8,5.3,3.9,78.5,OK
300,2400,maximus,tpch,2,q20,5,128.0,129.7,0.6,0.5,88.2,OK
300,2400,maximus,tpch,2,q21,126,138.5,165.1,17.4,13.6,78.4,OK
300,2400,maximus,tpch,2,q22,2,88.9,93.5,0.2,0.2,51.1,OK
300,2400,sirius,h2o,1gb,q1,2.0,42.9,48.9,0.09,0.22,2.0,OK
300,2400,sirius,h2o,1gb,q10,7.0,47.7,73.9,0.33,0.78,5.0,OK
300,2400,sirius,h2o,1gb,q2,3.0,44.0,53.0,0.13,0.34,4.1,OK
300,2400,sirius,h2o,1gb,q3,4.0,45.1,57.0,0.18,0.45,7.0,OK
300,2400,sirius,h2o,1gb,q4,2.0,43.5,50.1,0.09,0.22,5.1,OK
300,2400,sirius,h2o,1gb,q5,4.0,44.9,56.6,0.18,0.44,4.8,OK
300,2400,sirius,h2o,1gb,q6,5.0,45.4,57.4,0.23,0.55,12.0,OK
300,2400,sirius,h2o,1gb,q7,3.0,45.1,55.3,0.14,0.32,10.4,OK
300,2400,sirius,h2o,1gb,q8,8.0,47.2,62.8,0.38,0.87,7.5,OK
300,2400,sirius,h2o,1gb,q9,11.0,50.1,77.0,0.55,1.19,13.1,OK
300,2400,sirius,h2o,2gb,q1,4.0,46.0,57.0,0.18,0.45,6.0,OK
300,2400,sirius,h2o,2gb,q10,13.0,56.8,107.0,0.74,1.42,9.3,OK
300,2400,sirius,h2o,2gb,q2,5.0,48.1,65.8,0.24,0.55,5.4,OK
300,2400,sirius,h2o,2gb,q3,8.0,50.9,74.1,0.41,0.87,4.0,OK
300,2400,sirius,h2o,2gb,q4,4.0,46.4,61.7,0.19,0.44,3.4,OK
300,2400,sirius,h2o,2gb,q5,7.0,48.8,72.4,0.34,0.77,4.9,OK
300,2400,sirius,h2o,2gb,q6,8.0,50.7,74.1,0.41,0.87,3.3,OK
300,2400,sirius,h2o,2gb,q7,5.0,49.4,69.0,0.25,0.55,7.4,OK
300,2400,sirius,h2o,2gb,q8,12.0,53.1,83.9,0.64,1.32,11.6,OK
300,2400,sirius,h2o,2gb,q9,20.0,58.7,114.3,1.17,2.20,14.2,OK
300,2400,sirius,tpch,1,q01,1.0,90.5,107.2,0.09,0.11,44.1,OK
300,2400,sirius,tpch,1,q02,5.0,47.5,48.9,0.24,0.55,14.4,OK
300,2400,sirius,tpch,1,q03,2.0,59.0,63.0,0.12,0.22,29.2,OK
300,2400,sirius,tpch,1,q04,1.0,64.9,69.5,0.06,0.11,25.9,OK
300,2400,sirius,tpch,1,q05,2.0,55.4,59.7,0.11,0.22,15.8,OK
300,2400,sirius,tpch,1,q06,1.0,84.2,85.7,0.08,0.11,39.9,OK
300,2400,sirius,tpch,1,q07,3.0,54.3,56.9,0.16,0.33,17.0,OK
300,2400,sirius,tpch,1,q08,3.0,51.9,54.8,0.16,0.33,11.8,OK
300,2400,sirius,tpch,1,q09,3.0,67.1,74.6,0.20,0.34,25.2,OK
300,2400,sirius,tpch,1,q10,2.0,59.2,62.6,0.12,0.22,21.8,OK
300,2400,sirius,tpch,1,q11,1.0,48.3,49.0,0.05,0.11,9.0,OK
300,2400,sirius,tpch,1,q12,2.0,63.0,66.5,0.13,0.22,23.3,OK
300,2400,sirius,tpch,1,q13,5.0,46.0,51.0,0.23,0.55,4.8,OK
300,2400,sirius,tpch,1,q14,1.0,54.5,56.3,0.05,0.11,14.0,OK
300,2400,sirius,tpch,1,q15,1.0,53.3,54.9,0.05,-8.34,12.6,OK
300,2400,sirius,tpch,1,q16,2.0,53.7,57.3,0.11,0.23,52.1,OK
300,2400,sirius,tpch,1,q17,1.0,69.2,77.9,0.07,0.11,32.1,OK
300,2400,sirius,tpch,1,q18,4.0,100.1,102.7,0.40,0.44,52.0,OK
300,2400,sirius,tpch,1,q19,2.0,64.3,68.1,0.13,0.23,20.6,OK
300,2400,sirius,tpch,1,q20,3.0,53.4,54.9,0.16,0.33,22.5,OK
300,2400,sirius,tpch,1,q21,3.0,71.0,79.5,0.21,0.34,35.9,OK
300,2400,sirius,tpch,1,q22,2.0,51.3,53.2,0.10,0.22,13.5,OK
300,2400,sirius,tpch,2,q01,1.0,104.6,135.2,0.10,0.11,53.1,OK
300,2400,sirius,tpch,2,q02,5.0,53.5,56.0,0.27,0.55,16.3,OK
300,2400,sirius,tpch,2,q03,2.0,72.6,78.9,0.15,0.23,35.1,OK
300,2400,sirius,tpch,2,q04,2.0,82.4,90.0,0.16,0.22,36.5,OK
300,2400,sirius,tpch,2,q05,2.0,66.8,74.4,0.13,0.22,22.4,OK
300,2400,sirius,tpch,2,q06,2.0,112.3,115.6,0.22,0.22,59.4,OK
300,2400,sirius,tpch,2,q07,4.0,64.7,71.6,0.26,0.45,20.9,OK
300,2400,sirius,tpch,2,q08,4.0,61.3,68.9,0.25,0.45,17.9,OK
300,2400,sirius,tpch,2,q09,3.0,81.8,93.6,0.25,0.34,34.2,OK
300,2400,sirius,tpch,2,q10,3.0,70.0,76.5,0.21,0.34,30.0,OK
300,2400,sirius,tpch,2,q11,1.0,51.0,53.1,0.05,0.11,11.9,OK
300,2400,sirius,tpch,2,q12,2.0,78.4,84.8,0.16,0.22,35.5,OK
300,2400,sirius,tpch,2,q13,7.0,46.2,55.6,0.32,0.77,2.5,OK
300,2400,sirius,tpch,2,q14,1.0,68.0,70.2,0.07,0.11,27.2,OK
300,2400,sirius,tpch,2,q15,2.0,62.2,66.2,0.12,0.22,21.9,OK
300,2400,sirius,tpch,2,q16,2.0,58.4,66.0,0.12,0.23,45.3,OK
300,2400,sirius,tpch,2,q17,1.0,77.9,92.5,0.08,0.11,38.6,OK
300,2400,sirius,tpch,2,q18,7.0,109.2,119.7,0.76,0.78,62.0,OK
300,2400,sirius,tpch,2,q19,2.0,71.6,81.7,0.14,0.22,27.5,OK
300,2400,sirius,tpch,2,q20,3.0,58.9,63.0,0.18,0.34,26.9,OK
300,2400,sirius,tpch,2,q21,4.0,79.8,90.6,0.32,0.45,45.3,OK
300,2400,sirius,tpch,2,q22,2.0,53.4,57.9,0.11,0.22,17.6,OK
300,3090,maximus,h2o,1gb,q1,1,192.6,195.4,0.2,0.1,95.9,OK
300,3090,maximus,h2o,1gb,q2,2,199.3,200.7,0.4,0.2,95.0,OK
300,3090,maximus,h2o,1gb,q3,2,201.7,204.1,0.4,0.2,96.8,OK
300,3090,maximus,h2o,1gb,q4,1,192.7,195.2,0.2,0.1,96.8,OK
300,3090,maximus,h2o,1gb,q5,2,191.5,206.7,0.4,0.2,90.8,OK
300,3090,maximus,h2o,1gb,q6,129,177.8,209.3,22.9,14.0,83.7,OK
300,3090,maximus,h2o,1gb,q7,1,215.4,216.9,0.2,0.1,95.0,OK
300,3090,maximus,h2o,1gb,q9,3,200.5,201.9,0.6,0.3,94.0,OK
300,3090,maximus,h2o,1gb,q10,5,210.0,212.9,1.1,0.5,95.9,OK
300,3090,maximus,h2o,2gb,q1,2,196.8,199.4,0.4,0.2,98.0,OK
300,3090,maximus,h2o,2gb,q2,4,201.8,204.7,0.8,0.4,97.7,OK
300,3090,maximus,h2o,2gb,q3,5,205.4,209.7,1.0,0.5,98.0,OK
300,3090,maximus,h2o,2gb,q4,2,197.3,199.5,0.4,0.2,98.0,OK
300,3090,maximus,h2o,2gb,q5,4,199.7,202.5,0.8,0.4,99.0,OK
300,3090,maximus,h2o,2gb,q6,266,209.7,213.8,55.8,29.2,100.0,OK
300,3090,maximus,h2o,2gb,q7,3,206.4,222.2,0.6,0.3,89.2,OK
300,3090,maximus,h2o,2gb,q9,6,204.5,206.8,1.2,0.7,96.9,OK
300,3090,maximus,h2o,2gb,q10,10,220.4,222.4,2.2,1.1,97.8,OK
300,3090,maximus,tpch,1,q1,4,197.4,199.5,0.8,0.4,92.8,OK
300,3090,maximus,tpch,1,q2,2,91.0,94.0,0.2,0.2,54.4,OK
300,3090,maximus,tpch,1,q3,2,166.1,167.7,0.3,0.2,91.3,OK
300,3090,maximus,tpch,1,q4,1,180.9,182.5,0.2,0.1,92.0,OK
300,3090,maximus,tpch,1,q5,2,179.3,180.9,0.4,0.2,87.5,OK
300,3090,maximus,tpch,1,q6,0,123.6,131.2,0.0,0.0,92.0,OK
300,3090,maximus,tpch,1,q7,2,159.8,161.5,0.3,0.2,82.0,OK
300,3090,maximus,tpch,1,q8,2,158.9,167.2,0.3,0.2,77.8,OK
300,3090,maximus,tpch,1,q9,3,183.9,185.2,0.6,0.3,89.9,OK
300,3090,maximus,tpch,1,q10,2,162.1,163.7,0.3,0.2,83.8,OK
300,3090,maximus,tpch,1,q11,2,166.0,167.8,0.3,0.2,68.7,OK
300,3090,maximus,tpch,1,q12,1,167.7,169.5,0.2,0.1,84.0,OK
300,3090,maximus,tpch,1,q13,14,248.8,253.1,3.5,1.5,95.1,OK
300,3090,maximus,tpch,1,q14,1,155.7,161.5,0.2,0.1,78.9,OK
300,3090,maximus,tpch,1,q15,1,160.9,162.9,0.2,0.1,81.6,OK
300,3090,maximus,tpch,1,q16,18,102.9,103.8,1.9,2.0,93.0,OK
300,3090,maximus,tpch,1,q17,3,140.1,149.8,0.4,0.3,69.1,OK
300,3090,maximus,tpch,1,q18,3,173.2,174.7,0.5,0.3,90.9,OK
300,3090,maximus,tpch,1,q19,16,228.7,231.4,3.7,1.7,91.3,OK
300,3090,maximus,tpch,1,q20,3,149.5,151.6,0.4,0.3,80.3,OK
300,3090,maximus,tpch,1,q21,58,217.1,222.4,12.6,6.4,96.3,OK
300,3090,maximus,tpch,1,q22,2,100.9,101.9,0.2,0.2,44.3,OK
300,3090,maximus,tpch,2,q1,8,198.3,201.1,1.6,0.9,96.0,OK
300,3090,maximus,tpch,2,q2,3,99.3,110.0,0.3,-37.5,55.6,OK
300,3090,maximus,tpch,2,q3,3,175.4,177.6,0.5,0.3,95.0,OK
300,3090,maximus,tpch,2,q4,2,186.7,188.2,0.4,0.2,95.9,OK
300,3090,maximus,tpch,2,q5,4,191.7,193.7,0.8,0.4,93.2,OK
300,3090,maximus,tpch,2,q6,1,188.9,191.4,0.2,0.1,95.4,OK
300,3090,maximus,tpch,2,q7,3,175.4,177.0,0.5,0.3,89.6,OK
300,3090,maximus,tpch,2,q8,3,181.0,182.4,0.5,0.3,90.6,OK
300,3090,maximus,tpch,2,q9,6,196.3,199.0,1.2,0.7,94.7,OK
300,3090,maximus,tpch,2,q10,2,174.7,176.7,0.3,0.2,90.7,OK
300,3090,maximus,tpch,2,q11,3,181.0,202.6,0.5,0.3,73.2,OK
300,3090,maximus,tpch,2,q12,2,181.2,183.0,0.4,0.2,91.1,OK
300,3090,maximus,tpch,2,q13,27,259.1,262.8,7.0,2.9,97.5,OK
300,3090,maximus,tpch,2,q14,2,173.5,175.5,0.3,0.2,89.9,OK
300,3090,maximus,tpch,2,q15,1,172.2,176.9,0.2,0.1,87.7,OK
300,3090,maximus,tpch,2,q16,20,134.0,135.7,2.7,2.2,93.9,OK
300,3090,maximus,tpch,2,q17,3,158.7,169.2,0.5,0.3,79.8,OK
300,3090,maximus,tpch,2,q18,6,179.3,181.6,1.1,0.7,95.1,OK
300,3090,maximus,tpch,2,q19,32,209.9,244.5,6.7,3.5,80.0,OK
300,3090,maximus,tpch,2,q20,4,166.8,168.5,0.7,0.4,88.1,OK
300,3090,maximus,tpch,2,q21,115,228.0,230.7,26.2,12.5,98.1,OK
300,3090,maximus,tpch,2,q22,2,121.5,123.8,0.2,0.2,56.4,OK
300,3090,sirius,h2o,1gb,q1,2.0,55.5,62.9,0.11,0.22,6.4,OK
300,3090,sirius,h2o,1gb,q10,7.0,63.7,95.5,0.45,0.77,5.9,OK
300,3090,sirius,h2o,1gb,q2,3.0,57.2,68.0,0.17,0.33,6.0,OK
300,3090,sirius,h2o,1gb,q3,4.0,57.8,73.9,0.23,0.45,5.7,OK
300,3090,sirius,h2o,1gb,q4,2.0,55.9,64.3,0.11,0.22,2.0,OK
300,3090,sirius,h2o,1gb,q5,4.0,58.3,72.6,0.23,0.44,4.5,OK
300,3090,sirius,h2o,1gb,q6,4.0,58.1,73.9,0.23,0.44,2.2,OK
300,3090,sirius,h2o,1gb,q7,3.0,57.7,70.6,0.17,0.33,1.4,OK
300,3090,sirius,h2o,1gb,q8,7.0,59.1,80.2,0.41,0.76,7.0,OK
300,3090,sirius,h2o,1gb,q9,11.0,64.0,99.2,0.70,1.22,7.1,OK
300,3090,sirius,h2o,2gb,q1,3.0,57.8,72.1,0.17,0.33,4.4,OK
300,3090,sirius,h2o,2gb,q10,12.0,68.4,133.6,0.82,1.36,10.7,OK
300,3090,sirius,h2o,2gb,q2,5.0,60.9,83.0,0.30,0.56,2.5,OK
300,3090,sirius,h2o,2gb,q3,7.0,60.3,93.0,0.42,0.78,6.1,OK
300,3090,sirius,h2o,2gb,q4,4.0,58.0,73.9,0.23,0.44,6.1,OK
300,3090,sirius,h2o,2gb,q5,7.0,61.9,89.8,0.43,0.77,8.4,OK
300,3090,sirius,h2o,2gb,q6,8.0,62.9,91.7,0.50,0.87,5.4,OK
300,3090,sirius,h2o,2gb,q7,5.0,60.4,84.6,0.30,0.56,5.3,OK
300,3090,sirius,h2o,2gb,q8,11.0,66.1,103.8,0.73,1.19,10.3,OK
300,3090,sirius,h2o,2gb,q9,19.0,73.2,141.5,1.39,2.12,16.9,OK
300,3090,sirius,tpch,1,q01,1.0,118.3,145.7,0.12,0.11,44.5,OK
300,3090,sirius,tpch,1,q02,4.0,61.6,70.0,0.25,0.44,12.2,OK
300,3090,sirius,tpch,1,q03,2.0,79.6,82.3,0.16,0.23,28.4,OK
300,3090,sirius,tpch,1,q04,1.0,83.1,89.9,0.08,0.11,23.7,OK
300,3090,sirius,tpch,1,q05,2.0,70.7,76.8,0.14,0.22,15.0,OK
300,3090,sirius,tpch,1,q06,1.0,109.2,110.8,0.11,0.11,37.8,OK
300,3090,sirius,tpch,1,q07,3.0,67.5,73.2,0.20,0.33,14.6,OK
300,3090,sirius,tpch,1,q08,3.0,66.4,71.3,0.20,0.33,12.0,OK
300,3090,sirius,tpch,1,q09,3.0,85.1,95.7,0.26,0.35,20.9,OK
300,3090,sirius,tpch,1,q10,2.0,73.7,79.6,0.15,0.23,18.3,OK
300,3090,sirius,tpch,1,q11,1.0,59.3,62.1,0.06,0.11,7.8,OK
300,3090,sirius,tpch,1,q12,2.0,80.0,85.3,0.16,0.22,21.2,OK
300,3090,sirius,tpch,1,q13,4.0,55.3,62.1,0.22,0.44,2.6,OK
300,3090,sirius,tpch,1,q14,1.0,67.2,69.8,0.07,0.11,12.4,OK
300,3090,sirius,tpch,1,q15,1.0,65.8,68.8,0.07,0.11,12.1,OK
300,3090,sirius,tpch,1,q16,2.0,67.9,74.2,0.14,0.23,45.4,OK
300,3090,sirius,tpch,1,q17,1.0,92.7,105.8,0.09,0.11,31.8,OK
300,3090,sirius,tpch,1,q18,4.0,124.9,128.5,0.50,0.44,51.6,OK
300,3090,sirius,tpch,1,q19,2.0,79.0,84.2,0.16,0.22,21.3,OK
300,3090,sirius,tpch,1,q20,3.0,66.1,69.4,0.20,0.33,20.2,OK
300,3090,sirius,tpch,1,q21,3.0,89.1,100.1,0.27,0.34,38.0,OK
300,3090,sirius,tpch,1,q22,2.0,63.0,67.2,0.13,0.22,12.0,OK
300,3090,sirius,tpch,2,q01,1.0,131.9,167.3,0.13,0.12,51.3,OK
300,3090,sirius,tpch,2,q02,5.0,67.0,70.0,0.34,0.55,15.9,OK
300,3090,sirius,tpch,2,q03,2.0,91.8,100.5,0.18,0.22,32.8,OK
300,3090,sirius,tpch,2,q04,2.0,103.5,114.4,0.21,-16.22,34.2,OK
300,3090,sirius,tpch,2,q05,2.0,82.6,93.8,0.17,0.22,17.9,OK
300,3090,sirius,tpch,2,q06,2.0,139.5,141.1,0.28,0.22,58.1,OK
300,3090,sirius,tpch,2,q07,4.0,81.4,87.6,0.33,0.45,21.4,OK
300,3090,sirius,tpch,2,q08,3.0,79.1,89.2,0.24,0.33,16.6,OK
300,3090,sirius,tpch,2,q09,3.0,105.6,121.5,0.32,0.34,29.9,OK
300,3090,sirius,tpch,2,q10,3.0,89.6,98.4,0.27,0.34,26.8,OK
300,3090,sirius,tpch,2,q11,1.0,65.1,68.0,0.07,0.11,10.2,OK
300,3090,sirius,tpch,2,q12,2.0,102.1,111.5,0.20,0.22,33.4,OK
300,3090,sirius,tpch,2,q13,7.0,57.6,69.6,0.40,0.78,7.6,OK
300,3090,sirius,tpch,2,q14,1.0,83.7,88.5,0.08,0.11,22.7,OK
300,3090,sirius,tpch,2,q15,2.0,79.2,83.5,0.16,0.22,20.0,OK
300,3090,sirius,tpch,2,q16,2.0,80.3,90.3,0.16,0.23,52.2,OK
300,3090,sirius,tpch,2,q17,1.0,111.7,135.7,0.11,0.11,39.6,OK
300,3090,sirius,tpch,2,q18,7.0,141.2,154.6,0.99,0.78,62.9,OK
300,3090,sirius,tpch,2,q19,2.0,95.4,104.7,0.19,0.22,31.5,OK
300,3090,sirius,tpch,2,q20,3.0,77.2,81.4,0.23,0.34,26.9,OK
300,3090,sirius,tpch,2,q21,4.0,105.2,121.5,0.42,0.45,41.6,OK
300,3090,sirius,tpch,2,q22,2.0,70.6,76.8,0.14,0.22,14.8,OK
360,1800,maximus,h2o,1gb,q1,1,111.2,113.0,0.1,0.1,96.0,OK
360,1800,maximus,h2o,1gb,q2,3,109.1,113.0,0.3,0.3,96.0,OK
360,1800,maximus,h2o,1gb,q3,4,111.5,114.3,0.4,0.4,97.0,OK
360,1800,maximus,h2o,1gb,q4,2,111.4,113.8,0.2,0.2,96.9,OK
360,1800,maximus,h2o,1gb,q5,3,106.4,116.3,0.3,0.3,90.0,OK
360,1800,maximus,h2o,1gb,q6,191,100.3,104.1,19.1,20.8,97.6,OK
360,1800,maximus,h2o,1gb,q7,2,128.9,130.1,0.3,0.2,95.9,OK
360,1800,maximus,h2o,1gb,q9,4,112.7,113.8,0.5,0.4,95.0,OK
360,1800,maximus,h2o,1gb,q10,8,114.0,115.5,0.9,0.9,96.8,OK
360,1800,maximus,h2o,2gb,q1,3,115.7,117.4,0.3,0.3,98.0,OK
360,1800,maximus,h2o,2gb,q2,6,112.2,114.2,0.7,0.7,98.0,OK
360,1800,maximus,h2o,2gb,q3,7,113.3,115.9,0.8,0.8,98.7,OK
360,1800,maximus,h2o,2gb,q4,4,113.5,116.0,0.5,0.4,98.5,OK
360,1800,maximus,h2o,2gb,q5,6,112.2,114.2,0.7,0.7,99.0,OK
360,1800,maximus,h2o,2gb,q6,391,102.8,107.0,40.2,42.5,98.8,OK
360,1800,maximus,h2o,2gb,q7,4,121.2,133.4,0.5,0.4,87.7,OK
360,1800,maximus,h2o,2gb,q9,8,104.2,116.4,0.8,0.9,82.4,OK
360,1800,maximus,h2o,2gb,q10,15,118.0,119.2,1.8,1.6,98.1,OK
360,1800,maximus,tpch,1,q1,5,115.7,116.4,0.6,0.5,93.5,OK
360,1800,maximus,tpch,1,q2,3,51.6,53.6,0.2,0.3,62.5,OK
360,1800,maximus,tpch,1,q3,3,97.9,98.9,0.3,0.3,92.0,OK
360,1800,maximus,tpch,1,q4,2,111.5,114.3,0.2,0.2,92.0,OK
360,1800,maximus,tpch,1,q5,3,105.5,107.1,0.3,0.3,88.7,OK
360,1800,maximus,tpch,1,q6,1,114.6,116.5,0.1,0.1,90.9,OK
360,1800,maximus,tpch,1,q7,3,97.9,99.5,0.3,0.3,83.6,OK
360,1800,maximus,tpch,1,q8,2,97.1,102.3,0.2,0.2,80.8,OK
360,1800,maximus,tpch,1,q9,5,104.7,106.4,0.5,0.5,91.1,OK
360,1800,maximus,tpch,1,q10,2,97.1,102.0,0.2,0.2,82.5,OK
360,1800,maximus,tpch,1,q11,3,92.1,92.8,0.3,0.3,75.6,OK
360,1800,maximus,tpch,1,q12,2,104.2,105.6,0.2,0.2,85.4,OK
360,1800,maximus,tpch,1,q13,20,114.1,115.4,2.3,2.2,96.4,OK
360,1800,maximus,tpch,1,q14,2,100.1,101.5,0.2,0.2,83.2,OK
360,1800,maximus,tpch,1,q15,1,101.9,103.4,0.1,0.1,81.9,OK
360,1800,maximus,tpch,1,q16,28,54.3,56.6,1.5,3.0,95.4,OK
360,1800,maximus,tpch,1,q17,3,89.9,91.5,0.3,0.3,79.0,OK
360,1800,maximus,tpch,1,q18,4,108.6,110.6,0.4,0.4,91.0,OK
360,1800,maximus,tpch,1,q19,24,101.1,116.6,2.4,2.6,75.0,OK
360,1800,maximus,tpch,1,q20,4,92.3,93.4,0.4,0.4,82.8,OK
360,1800,maximus,tpch,1,q21,78,113.3,115.1,8.8,8.5,97.0,OK
360,1800,maximus,tpch,1,q22,2,62.0,63.0,0.1,0.2,49.9,OK
360,1800,maximus,tpch,2,q1,10,120.2,123.0,1.2,1.1,96.5,OK
360,1800,maximus,tpch,2,q2,4,62.1,65.9,0.2,0.4,69.3,OK
360,1800,maximus,tpch,2,q3,5,108.5,109.7,0.5,0.5,95.5,OK
360,1800,maximus,tpch,2,q4,3,115.7,117.4,0.3,0.3,95.9,OK
360,1800,maximus,tpch,2,q5,6,113.1,114.7,0.7,0.7,93.9,OK
360,1800,maximus,tpch,2,q6,1,119.0,120.6,0.1,0.1,96.5,OK
360,1800,maximus,tpch,2,q7,4,107.1,108.9,0.4,0.4,90.5,OK
360,1800,maximus,tpch,2,q8,4,105.0,111.1,0.4,0.4,86.0,OK
360,1800,maximus,tpch,2,q9,9,112.8,114.1,1.0,1.0,94.9,OK
360,1800,maximus,tpch,2,q10,3,109.7,111.1,0.3,0.3,91.5,OK
360,1800,maximus,tpch,2,q11,5,107.6,108.8,0.5,0.5,83.4,OK
360,1800,maximus,tpch,2,q12,3,112.4,113.7,0.3,-15.4,92.0,OK
360,1800,maximus,tpch,2,q13,39,101.6,119.9,4.0,4.3,78.2,OK
360,1800,maximus,tpch,2,q14,2,106.8,111.5,0.2,0.2,87.8,OK
360,1800,maximus,tpch,2,q15,2,107.3,112.3,0.2,0.2,84.4,OK
360,1800,maximus,tpch,2,q16,32,66.9,68.8,2.1,3.5,96.0,OK
360,1800,maximus,tpch,2,q17,5,102.6,103.8,0.5,0.5,86.7,OK
360,1800,maximus,tpch,2,q18,7,113.9,116.3,0.8,0.8,95.0,OK
360,1800,maximus,tpch,2,q19,46,105.1,123.0,4.8,5.0,80.1,OK
360,1800,maximus,tpch,2,q20,6,103.8,105.4,0.6,0.7,89.1,OK
360,1800,maximus,tpch,2,q21,155,118.5,121.7,18.4,16.7,98.0,OK
360,1800,maximus,tpch,2,q22,2,74.5,75.9,0.1,0.2,60.1,OK
360,1800,sirius,h2o,1gb,q1,3.0,37.4,43.4,0.11,0.33,4.0,OK
360,1800,sirius,h2o,1gb,q10,9.0,42.7,65.9,0.38,1.00,9.2,OK
360,1800,sirius,h2o,1gb,q2,4.0,38.2,46.4,0.15,0.44,5.0,OK
360,1800,sirius,h2o,1gb,q3,5.0,39.2,50.4,0.20,0.55,6.7,OK
360,1800,sirius,h2o,1gb,q4,3.0,37.9,43.6,0.11,0.33,4.2,OK
360,1800,sirius,h2o,1gb,q5,5.0,39.4,49.8,0.20,0.54,8.1,OK
360,1800,sirius,h2o,1gb,q6,5.0,39.6,50.9,0.20,0.56,4.6,OK
360,1800,sirius,h2o,1gb,q7,3.0,38.9,48.8,0.12,0.33,6.1,OK
360,1800,sirius,h2o,1gb,q8,10.0,40.6,55.6,0.41,1.11,13.6,OK
360,1800,sirius,h2o,1gb,q9,13.0,43.1,68.4,0.56,1.46,14.2,OK
360,1800,sirius,h2o,2gb,q1,4.0,38.8,48.5,0.16,0.44,7.9,OK
360,1800,sirius,h2o,2gb,q10,17.0,48.8,93.8,0.83,1.86,17.2,OK
360,1800,sirius,h2o,2gb,q2,7.0,40.0,56.1,0.28,0.76,3.1,OK
360,1800,sirius,h2o,2gb,q3,11.0,41.7,63.9,0.46,1.22,6.9,OK
360,1800,sirius,h2o,2gb,q4,5.0,38.6,49.6,0.19,0.54,6.7,OK
360,1800,sirius,h2o,2gb,q5,9.0,41.6,61.7,0.37,1.00,10.7,OK
360,1800,sirius,h2o,2gb,q6,10.0,42.3,64.3,0.42,1.10,9.7,OK
360,1800,sirius,h2o,2gb,q7,6.0,40.9,59.5,0.25,0.66,4.7,OK
360,1800,sirius,h2o,2gb,q8,15.0,43.7,70.5,0.66,1.63,14.7,OK
360,1800,sirius,h2o,2gb,q9,22.0,49.0,98.6,1.08,2.40,19.4,OK
360,1800,sirius,tpch,1,q01,1.0,74.3,88.3,0.07,0.11,47.2,OK
360,1800,sirius,tpch,1,q02,5.0,38.1,39.2,0.19,0.56,18.4,OK
360,1800,sirius,tpch,1,q03,2.0,47.1,49.6,0.09,0.22,30.4,OK
360,1800,sirius,tpch,1,q04,1.0,51.2,54.8,0.05,0.11,28.4,OK
360,1800,sirius,tpch,1,q05,2.0,42.3,46.8,0.08,0.22,16.7,OK
360,1800,sirius,tpch,1,q06,2.0,65.1,69.4,0.13,0.22,39.8,OK
360,1800,sirius,tpch,1,q07,4.0,42.9,45.1,0.17,0.44,21.2,OK
360,1800,sirius,tpch,1,q08,3.0,41.7,44.5,0.12,0.33,15.7,OK
360,1800,sirius,tpch,1,q09,3.0,51.8,57.2,0.16,0.33,28.3,OK
360,1800,sirius,tpch,1,q10,2.0,47.0,50.1,0.09,0.22,25.7,OK
360,1800,sirius,tpch,1,q11,1.0,38.1,38.6,0.04,0.11,11.2,OK
360,1800,sirius,tpch,1,q12,2.0,50.4,53.3,0.10,0.22,28.1,OK
360,1800,sirius,tpch,1,q13,6.0,36.9,41.4,0.22,0.67,2.8,OK
360,1800,sirius,tpch,1,q14,1.0,43.6,45.5,0.04,0.11,16.8,OK
360,1800,sirius,tpch,1,q15,1.0,42.4,44.0,0.04,0.11,16.6,OK
360,1800,sirius,tpch,1,q16,2.0,41.0,44.1,0.08,0.23,50.4,OK
360,1800,sirius,tpch,1,q17,1.0,52.3,58.1,0.05,0.11,38.0,OK
360,1800,sirius,tpch,1,q18,4.0,75.5,82.7,0.30,0.44,47.0,OK
360,1800,sirius,tpch,1,q19,2.0,52.1,55.3,0.10,0.22,25.0,OK
360,1800,sirius,tpch,1,q20,3.0,42.3,44.1,0.13,0.33,27.8,OK
360,1800,sirius,tpch,1,q21,4.0,54.8,60.7,0.22,0.45,38.9,OK
360,1800,sirius,tpch,1,q22,2.0,40.1,42.0,0.08,0.22,16.4,OK
360,1800,sirius,tpch,2,q01,1.0,85.9,110.7,0.09,0.11,56.5,OK
360,1800,sirius,tpch,2,q02,5.0,41.6,47.7,0.21,0.55,22.5,OK
360,1800,sirius,tpch,2,q03,2.0,56.3,61.7,0.11,0.22,37.5,OK
360,1800,sirius,tpch,2,q04,2.0,64.4,70.6,0.13,0.22,39.2,OK
360,1800,sirius,tpch,2,q05,3.0,51.1,58.0,0.15,0.33,25.6,OK
360,1800,sirius,tpch,2,q06,3.0,89.5,90.3,0.27,0.33,62.4,OK
360,1800,sirius,tpch,2,q07,4.0,49.4,54.5,0.20,0.44,23.3,OK
360,1800,sirius,tpch,2,q08,4.0,48.4,53.4,0.19,0.44,22.2,OK
360,1800,sirius,tpch,2,q09,3.0,63.8,72.5,0.19,0.34,37.1,OK
360,1800,sirius,tpch,2,q10,3.0,54.6,62.6,0.16,0.33,28.8,OK
360,1800,sirius,tpch,2,q11,1.0,41.7,42.6,0.04,0.11,15.5,OK
360,1800,sirius,tpch,2,q12,2.0,61.8,70.4,0.12,0.22,35.1,OK
360,1800,sirius,tpch,2,q13,9.0,38.7,47.3,0.35,0.99,4.4,OK
360,1800,sirius,tpch,2,q14,1.0,55.4,59.1,0.06,0.11,27.6,OK
360,1800,sirius,tpch,2,q15,2.0,52.8,55.9,0.11,0.22,24.2,OK
360,1800,sirius,tpch,2,q16,2.0,46.9,52.5,0.09,0.23,51.1,OK
360,1800,sirius,tpch,2,q17,1.0,55.8,70.5,0.06,0.11,36.5,OK
360,1800,sirius,tpch,2,q18,7.0,92.1,101.6,0.64,0.78,62.6,OK
360,1800,sirius,tpch,2,q19,2.0,63.7,69.2,0.13,0.22,34.2,OK
360,1800,sirius,tpch,2,q20,4.0,49.9,52.5,0.20,0.45,31.8,OK
360,1800,sirius,tpch,2,q21,5.0,65.3,74.8,0.33,0.56,48.5,OK
360,1800,sirius,tpch,2,q22,2.0,45.0,47.6,0.09,0.22,21.9,OK
360,2400,maximus,h2o,1gb,q1,1,145.6,147.1,0.1,0.1,95.5,OK
360,2400,maximus,h2o,1gb,q2,2,135.7,146.4,0.3,0.2,89.8,OK
360,2400,maximus,h2o,1gb,q3,3,149.7,151.4,0.4,0.3,96.4,OK
360,2400,maximus,h2o,1gb,q4,1,139.3,146.2,0.1,0.1,91.9,OK
360,2400,maximus,h2o,1gb,q5,2,152.2,154.0,0.3,-19.6,97.1,OK
360,2400,maximus,h2o,1gb,q6,144,125.6,147.8,18.1,15.6,80.3,OK
360,2400,maximus,h2o,1gb,q7,2,162.6,164.9,0.3,0.2,95.0,OK
360,2400,maximus,h2o,1gb,q9,3,135.2,148.2,0.4,0.3,84.2,OK
360,2400,maximus,h2o,1gb,q10,6,153.7,155.9,0.9,0.7,95.9,OK
360,2400,maximus,h2o,2gb,q1,2,147.5,150.0,0.3,0.2,98.0,OK
360,2400,maximus,h2o,2gb,q2,4,138.3,149.5,0.6,0.4,88.8,OK
360,2400,maximus,h2o,2gb,q3,5,152.1,154.3,0.8,0.5,98.0,OK
360,2400,maximus,h2o,2gb,q4,3,147.6,149.7,0.4,0.3,98.0,OK
360,2400,maximus,h2o,2gb,q5,5,148.7,151.4,0.7,0.5,98.9,OK
360,2400,maximus,h2o,2gb,q6,296,148.5,152.2,44.0,32.0,100.0,OK
360,2400,maximus,h2o,2gb,q7,3,154.5,169.0,0.5,0.3,88.1,OK
360,2400,maximus,h2o,2gb,q9,6,150.8,152.3,0.9,0.6,97.0,OK
360,2400,maximus,h2o,2gb,q10,11,160.9,162.7,1.8,1.2,98.0,OK
360,2400,maximus,tpch,1,q1,4,152.0,154.2,0.6,0.4,92.5,OK
360,2400,maximus,tpch,1,q2,3,69.5,71.5,0.2,0.3,57.0,OK
360,2400,maximus,tpch,1,q3,2,126.1,127.5,0.3,0.2,91.4,OK
360,2400,maximus,tpch,1,q4,1,137.6,139.6,0.1,0.1,91.8,OK
360,2400,maximus,tpch,1,q5,2,129.0,135.3,0.3,0.2,83.9,OK
360,2400,maximus,tpch,1,q6,0,54.2,97.0,0.0,0.0,18.7,OK
360,2400,maximus,tpch,1,q7,2,121.5,122.7,0.2,0.2,82.0,OK
360,2400,maximus,tpch,1,q8,2,125.3,126.7,0.3,0.2,83.5,OK
360,2400,maximus,tpch,1,q9,4,135.5,137.5,0.5,0.4,90.5,OK
360,2400,maximus,tpch,1,q10,2,119.1,125.2,0.2,0.2,78.2,OK
360,2400,maximus,tpch,1,q11,2,120.6,123.3,0.2,0.2,71.3,OK
360,2400,maximus,tpch,1,q12,2,128.2,129.7,0.3,0.2,84.0,OK
360,2400,maximus,tpch,1,q13,16,168.7,170.2,2.7,1.8,96.0,OK
360,2400,maximus,tpch,1,q14,1,122.4,124.1,0.1,0.1,81.6,OK
360,2400,maximus,tpch,1,q15,1,125.0,126.6,0.1,0.1,81.9,OK
360,2400,maximus,tpch,1,q16,21,72.8,73.8,1.5,2.3,94.0,OK
360,2400,maximus,tpch,1,q17,3,112.4,113.8,0.3,0.3,76.0,OK
360,2400,maximus,tpch,1,q18,3,133.0,135.3,0.4,0.3,91.0,OK
360,2400,maximus,tpch,1,q19,19,159.2,161.1,3.0,2.0,91.7,OK
360,2400,maximus,tpch,1,q20,3,109.5,116.3,0.3,0.3,75.1,OK
360,2400,maximus,tpch,1,q21,63,153.4,158.3,9.7,6.8,96.0,OK
360,2400,maximus,tpch,1,q22,2,76.6,78.0,0.2,0.2,46.3,OK
360,2400,maximus,tpch,2,q1,8,151.6,153.3,1.2,0.9,96.0,OK
360,2400,maximus,tpch,2,q2,3,78.7,82.4,0.2,0.3,65.5,OK
360,2400,maximus,tpch,2,q3,4,133.5,135.2,0.5,0.4,95.0,OK
360,2400,maximus,tpch,2,q4,2,142.4,143.8,0.3,0.2,95.6,OK
360,2400,maximus,tpch,2,q5,4,143.8,145.2,0.6,0.4,93.2,OK
360,2400,maximus,tpch,2,q6,1,145.8,147.5,0.1,0.1,95.2,OK
360,2400,maximus,tpch,2,q7,3,133.6,135.2,0.4,0.3,89.4,OK
360,2400,maximus,tpch,2,q8,3,137.2,138.9,0.4,0.3,90.7,OK
360,2400,maximus,tpch,2,q9,7,145.8,147.9,1.0,0.8,94.7,OK
360,2400,maximus,tpch,2,q10,3,135.2,136.4,0.4,0.3,90.7,OK
360,2400,maximus,tpch,2,q11,4,143.7,145.8,0.6,0.4,81.1,OK
360,2400,maximus,tpch,2,q12,3,138.2,139.7,0.4,0.3,90.9,OK
360,2400,maximus,tpch,2,q13,31,175.5,179.5,5.4,3.3,97.9,OK
360,2400,maximus,tpch,2,q14,2,130.0,135.8,0.3,0.2,85.9,OK
360,2400,maximus,tpch,2,q15,2,136.1,137.6,0.3,0.2,90.2,OK
360,2400,maximus,tpch,2,q16,24,92.0,93.5,2.2,2.6,95.0,OK
360,2400,maximus,tpch,2,q17,4,121.1,128.9,0.5,0.4,79.1,OK
360,2400,maximus,tpch,2,q18,6,139.6,141.0,0.8,0.7,94.9,OK
360,2400,maximus,tpch,2,q19,36,166.5,168.2,6.0,3.9,95.1,OK
360,2400,maximus,tpch,2,q20,5,121.9,129.7,0.6,0.5,81.8,OK
360,2400,maximus,tpch,2,q21,126,162.1,164.9,20.4,13.6,98.1,OK
360,2400,maximus,tpch,2,q22,2,92.1,93.5,0.2,0.2,56.8,OK
360,2400,sirius,h2o,1gb,q1,2.0,43.3,49.6,0.09,0.22,2.8,OK
360,2400,sirius,h2o,1gb,q10,7.0,50.1,75.2,0.35,0.79,3.9,OK
360,2400,sirius,h2o,1gb,q2,3.0,44.6,62.0,0.13,0.33,7.7,OK
360,2400,sirius,h2o,1gb,q3,4.0,46.2,57.9,0.18,0.45,8.1,OK
360,2400,sirius,h2o,1gb,q4,2.0,43.9,56.5,0.09,0.22,6.9,OK
360,2400,sirius,h2o,1gb,q5,4.0,46.2,57.4,0.18,0.43,10.6,OK
360,2400,sirius,h2o,1gb,q6,5.0,46.0,58.6,0.23,0.56,5.8,OK
360,2400,sirius,h2o,1gb,q7,3.0,45.5,55.5,0.14,0.33,5.0,OK
360,2400,sirius,h2o,1gb,q8,8.0,47.9,63.9,0.38,0.87,8.1,OK
360,2400,sirius,h2o,1gb,q9,11.0,52.0,79.5,0.57,1.21,9.1,OK
360,2400,sirius,h2o,2gb,q1,3.0,46.5,57.5,0.14,0.33,5.0,OK
360,2400,sirius,h2o,2gb,q10,13.0,56.2,107.4,0.73,1.45,6.7,OK
360,2400,sirius,h2o,2gb,q2,5.0,48.0,65.8,0.24,0.55,9.6,OK
360,2400,sirius,h2o,2gb,q3,8.0,49.7,74.3,0.40,0.91,6.4,OK
360,2400,sirius,h2o,2gb,q4,4.0,47.4,59.0,0.19,0.44,5.1,OK
360,2400,sirius,h2o,2gb,q5,7.0,50.9,74.3,0.36,0.76,10.5,OK
360,2400,sirius,h2o,2gb,q6,8.0,51.0,75.0,0.41,-128.84,6.3,OK
360,2400,sirius,h2o,2gb,q7,5.0,49.7,68.5,0.25,0.55,7.7,OK
360,2400,sirius,h2o,2gb,q8,12.0,51.8,82.5,0.62,1.34,9.2,OK
360,2400,sirius,h2o,2gb,q9,20.0,59.9,112.1,1.20,2.20,8.3,OK
360,2400,sirius,tpch,1,q01,1.0,90.2,108.5,0.09,0.11,44.4,OK
360,2400,sirius,tpch,1,q02,5.0,47.7,49.0,0.24,0.56,15.0,OK
360,2400,sirius,tpch,1,q03,2.0,58.9,62.5,0.12,0.22,26.5,OK
360,2400,sirius,tpch,1,q04,1.0,64.5,69.1,0.06,0.11,25.7,OK
360,2400,sirius,tpch,1,q05,2.0,55.1,59.3,0.11,0.22,14.8,OK
360,2400,sirius,tpch,1,q06,1.0,85.0,85.7,0.08,0.11,39.1,OK
360,2400,sirius,tpch,1,q07,3.0,54.4,57.2,0.16,0.33,18.3,OK
360,2400,sirius,tpch,1,q08,3.0,52.5,56.2,0.16,0.33,13.5,OK
360,2400,sirius,tpch,1,q09,3.0,66.7,72.1,0.20,0.34,23.5,OK
360,2400,sirius,tpch,1,q10,2.0,58.8,62.1,0.12,0.22,21.2,OK
360,2400,sirius,tpch,1,q11,1.0,48.1,48.9,0.05,0.11,8.1,OK
360,2400,sirius,tpch,1,q12,2.0,63.0,66.7,0.13,0.22,22.4,OK
360,2400,sirius,tpch,1,q13,5.0,46.0,51.5,0.23,0.54,1.8,OK
360,2400,sirius,tpch,1,q14,1.0,54.5,56.6,0.05,0.11,13.4,OK
360,2400,sirius,tpch,1,q15,1.0,53.1,55.1,0.05,0.11,11.9,OK
360,2400,sirius,tpch,1,q16,2.0,52.7,57.0,0.11,0.23,46.1,OK
360,2400,sirius,tpch,1,q17,1.0,69.1,77.8,0.07,0.11,33.8,OK
360,2400,sirius,tpch,1,q18,4.0,94.9,102.9,0.38,0.45,47.4,OK
360,2400,sirius,tpch,1,q19,2.0,65.1,68.3,0.13,0.22,21.9,OK
360,2400,sirius,tpch,1,q20,3.0,53.6,55.1,0.16,0.33,21.8,OK
360,2400,sirius,tpch,1,q21,3.0,71.8,79.5,0.22,0.34,35.0,OK
360,2400,sirius,tpch,1,q22,2.0,51.7,53.4,0.10,0.22,13.3,OK
360,2400,sirius,tpch,2,q01,1.0,108.1,134.3,0.11,0.11,52.5,OK
360,2400,sirius,tpch,2,q02,5.0,54.6,56.0,0.27,0.55,17.8,OK
360,2400,sirius,tpch,2,q03,2.0,72.6,78.3,0.15,0.22,32.7,OK
360,2400,sirius,tpch,2,q04,2.0,82.2,89.7,0.16,0.22,36.6,OK
360,2400,sirius,tpch,2,q05,2.0,66.9,75.7,0.13,0.22,20.7,OK
360,2400,sirius,tpch,2,q06,2.0,111.4,115.8,0.22,0.22,59.4,OK
360,2400,sirius,tpch,2,q07,4.0,66.7,72.0,0.27,0.45,25.3,OK
360,2400,sirius,tpch,2,q08,4.0,61.2,68.1,0.24,0.45,18.5,OK
360,2400,sirius,tpch,2,q09,3.0,80.7,91.5,0.24,0.34,33.2,OK
360,2400,sirius,tpch,2,q10,3.0,69.7,76.4,0.21,0.34,30.0,OK
360,2400,sirius,tpch,2,q11,1.0,49.8,51.9,0.05,0.11,9.7,OK
360,2400,sirius,tpch,2,q12,2.0,76.6,83.2,0.15,0.22,35.5,OK
360,2400,sirius,tpch,2,q13,7.0,45.1,55.0,0.32,0.76,3.1,OK
360,2400,sirius,tpch,2,q14,1.0,64.7,68.3,0.06,0.11,24.0,OK
360,2400,sirius,tpch,2,q15,2.0,64.2,64.7,0.13,0.22,24.4,OK
360,2400,sirius,tpch,2,q16,2.0,58.5,64.8,0.12,0.23,49.9,OK
360,2400,sirius,tpch,2,q17,1.0,78.0,92.2,0.08,0.11,42.8,OK
360,2400,sirius,tpch,2,q18,7.0,111.5,121.9,0.78,0.77,62.5,OK
360,2400,sirius,tpch,2,q19,2.0,76.7,83.2,0.15,0.23,31.8,OK
360,2400,sirius,tpch,2,q20,3.0,59.6,63.0,0.18,0.33,26.7,OK
360,2400,sirius,tpch,2,q21,4.0,80.8,93.7,0.32,0.45,43.4,OK
360,2400,sirius,tpch,2,q22,2.0,54.2,57.1,0.11,0.22,15.6,OK
360,3090,maximus,h2o,1gb,q1,1,193.6,195.7,0.2,0.1,95.9,OK
360,3090,maximus,h2o,1gb,q2,2,197.8,200.3,0.4,0.2,95.0,OK
360,3090,maximus,h2o,1gb,q3,2,203.4,205.5,0.4,0.2,96.8,OK
360,3090,maximus,h2o,1gb,q4,1,195.3,196.8,0.2,0.1,96.9,OK
360,3090,maximus,h2o,1gb,q5,2,204.4,207.4,0.4,0.2,97.9,OK
360,3090,maximus,h2o,1gb,q6,129,206.2,212.4,26.6,14.1,100.0,OK
360,3090,maximus,h2o,1gb,q7,1,213.9,216.5,0.2,0.1,94.9,OK
360,3090,maximus,h2o,1gb,q9,3,197.9,201.3,0.6,0.3,94.0,OK
360,3090,maximus,h2o,1gb,q10,5,210.6,214.0,1.1,0.5,95.9,OK
360,3090,maximus,h2o,2gb,q1,2,197.1,200.2,0.4,0.2,98.0,OK
360,3090,maximus,h2o,2gb,q2,4,188.7,205.6,0.8,0.4,89.8,OK
360,3090,maximus,h2o,2gb,q3,5,205.1,209.6,1.0,0.5,98.0,OK
360,3090,maximus,h2o,2gb,q4,2,198.1,200.8,0.4,0.2,98.0,OK
360,3090,maximus,h2o,2gb,q5,4,201.5,203.4,0.8,0.4,99.0,OK
360,3090,maximus,h2o,2gb,q6,266,182.9,216.7,48.6,28.8,78.9,OK
360,3090,maximus,h2o,2gb,q7,3,219.8,223.5,0.7,0.3,97.7,OK
360,3090,maximus,h2o,2gb,q9,6,205.4,207.5,1.2,0.7,97.0,OK
360,3090,maximus,h2o,2gb,q10,10,199.4,224.3,2.0,-142.1,90.5,OK
360,3090,maximus,tpch,1,q1,4,196.9,201.0,0.8,0.4,92.7,OK
360,3090,maximus,tpch,1,q2,2,87.3,98.0,0.2,0.2,44.2,OK
360,3090,maximus,tpch,1,q3,2,166.8,168.5,0.3,0.2,91.2,OK
360,3090,maximus,tpch,1,q4,1,181.2,183.3,0.2,0.1,92.0,OK
360,3090,maximus,tpch,1,q5,2,179.7,181.7,0.4,0.2,87.4,OK
360,3090,maximus,tpch,1,q6,0,119.6,124.5,0.0,0.0,92.0,OK
360,3090,maximus,tpch,1,q7,2,160.2,161.8,0.3,0.2,81.8,OK
360,3090,maximus,tpch,1,q8,2,166.1,167.3,0.3,0.2,83.4,OK
360,3090,maximus,tpch,1,q9,3,184.7,186.8,0.6,0.3,90.0,OK
360,3090,maximus,tpch,1,q10,2,155.6,164.2,0.3,0.2,78.6,OK
360,3090,maximus,tpch,1,q11,2,154.9,170.5,0.3,0.2,60.5,OK
360,3090,maximus,tpch,1,q12,1,168.4,170.2,0.2,0.1,83.8,OK
360,3090,maximus,tpch,1,q13,14,251.9,253.9,3.5,1.5,95.0,OK
360,3090,maximus,tpch,1,q14,1,156.1,161.7,0.2,0.1,79.0,OK
360,3090,maximus,tpch,1,q15,1,157.2,163.6,0.2,0.1,78.2,OK
360,3090,maximus,tpch,1,q16,18,102.7,104.2,1.8,2.0,93.0,OK
360,3090,maximus,tpch,1,q17,3,149.3,150.7,0.4,0.3,75.9,OK
360,3090,maximus,tpch,1,q18,3,172.9,175.0,0.5,0.3,91.0,OK
360,3090,maximus,tpch,1,q19,16,201.8,232.7,3.2,1.7,78.1,OK
360,3090,maximus,tpch,1,q20,3,143.1,151.6,0.4,0.3,75.3,OK
360,3090,maximus,tpch,1,q21,58,221.0,224.0,12.8,6.3,96.2,OK
360,3090,maximus,tpch,1,q22,2,97.2,133.4,0.2,0.2,41.2,OK
360,3090,maximus,tpch,2,q1,8,200.1,201.8,1.6,0.9,96.0,OK
360,3090,maximus,tpch,2,q2,3,105.2,106.3,0.3,0.3,63.3,OK
360,3090,maximus,tpch,2,q3,3,176.1,177.8,0.5,0.3,95.0,OK
360,3090,maximus,tpch,2,q4,2,186.4,188.7,0.4,0.2,96.0,OK
360,3090,maximus,tpch,2,q5,4,192.3,195.0,0.8,0.4,93.2,OK
360,3090,maximus,tpch,2,q6,1,186.2,191.6,0.2,0.1,92.8,OK
360,3090,maximus,tpch,2,q7,3,169.5,177.7,0.5,0.3,85.2,OK
360,3090,maximus,tpch,2,q8,3,181.7,183.7,0.5,0.3,90.7,OK
360,3090,maximus,tpch,2,q9,6,198.2,200.5,1.2,0.7,94.7,OK
360,3090,maximus,tpch,2,q10,2,176.2,177.5,0.4,0.2,90.7,OK
360,3090,maximus,tpch,2,q11,3,203.6,207.0,0.6,0.3,80.4,OK
360,3090,maximus,tpch,2,q12,2,181.4,183.4,0.4,0.2,91.2,OK
360,3090,maximus,tpch,2,q13,27,220.0,264.7,5.9,2.9,86.8,OK
360,3090,maximus,tpch,2,q14,2,174.5,176.3,0.3,0.2,89.9,OK
360,3090,maximus,tpch,2,q15,1,175.4,177.2,0.2,0.1,89.7,OK
360,3090,maximus,tpch,2,q16,20,121.1,136.6,2.4,2.2,83.9,OK
360,3090,maximus,tpch,2,q17,3,159.8,169.8,0.5,0.3,79.3,OK
360,3090,maximus,tpch,2,q18,6,181.4,182.4,1.1,0.7,95.1,OK
360,3090,maximus,tpch,2,q19,32,239.8,244.3,7.7,3.5,95.0,OK
360,3090,maximus,tpch,2,q20,4,168.0,169.5,0.7,0.4,87.9,OK
360,3090,maximus,tpch,2,q21,115,229.4,231.8,26.4,12.6,98.2,OK
360,3090,maximus,tpch,2,q22,2,120.9,123.3,0.2,0.2,56.0,OK
360,3090,sirius,h2o,1gb,q1,2.0,56.1,64.3,0.11,0.23,3.0,OK
360,3090,sirius,h2o,1gb,q10,7.0,63.3,95.5,0.44,0.76,8.0,OK
360,3090,sirius,h2o,1gb,q2,3.0,57.6,69.4,0.17,0.33,5.6,OK
360,3090,sirius,h2o,1gb,q3,4.0,59.8,73.9,0.24,0.45,6.7,OK
360,3090,sirius,h2o,1gb,q4,2.0,56.5,65.4,0.11,0.22,2.5,OK
360,3090,sirius,h2o,1gb,q5,4.0,57.6,72.4,0.23,0.44,1.5,OK
360,3090,sirius,h2o,1gb,q6,4.0,58.5,74.7,0.23,0.45,9.3,OK
360,3090,sirius,h2o,1gb,q7,3.0,57.6,70.5,0.17,0.33,5.9,OK
360,3090,sirius,h2o,1gb,q8,7.0,60.9,80.7,0.43,0.76,8.2,OK
360,3090,sirius,h2o,1gb,q9,11.0,64.3,100.5,0.71,1.19,11.8,OK
360,3090,sirius,h2o,2gb,q1,3.0,58.6,72.2,0.18,0.33,5.0,OK
360,3090,sirius,h2o,2gb,q10,12.0,68.7,133.9,0.82,1.35,8.4,OK
360,3090,sirius,h2o,2gb,q2,5.0,59.7,83.2,0.30,0.55,7.3,OK
360,3090,sirius,h2o,2gb,q3,7.0,63.0,94.2,0.44,0.80,8.4,OK
360,3090,sirius,h2o,2gb,q4,4.0,59.0,74.2,0.24,0.44,6.7,OK
360,3090,sirius,h2o,2gb,q5,6.0,61.6,91.1,0.37,0.68,8.3,OK
360,3090,sirius,h2o,2gb,q6,8.0,63.9,94.1,0.51,0.87,8.1,OK
360,3090,sirius,h2o,2gb,q7,4.0,60.7,86.4,0.24,0.44,5.0,OK
360,3090,sirius,h2o,2gb,q8,11.0,64.2,105.2,0.71,1.24,8.9,OK
360,3090,sirius,h2o,2gb,q9,19.0,73.1,140.9,1.39,2.08,17.5,OK
360,3090,sirius,tpch,1,q01,1.0,120.1,143.9,0.12,0.11,43.5,OK
360,3090,sirius,tpch,1,q02,4.0,62.6,64.8,0.25,0.44,12.9,OK
360,3090,sirius,tpch,1,q03,2.0,76.8,82.4,0.15,0.22,24.0,OK
360,3090,sirius,tpch,1,q04,1.0,84.2,91.1,0.08,0.11,24.2,OK
360,3090,sirius,tpch,1,q05,2.0,73.1,77.0,0.15,0.22,14.8,OK
360,3090,sirius,tpch,1,q06,1.0,108.8,111.1,0.11,0.11,37.8,OK
360,3090,sirius,tpch,1,q07,3.0,68.3,74.1,0.20,0.33,14.2,OK
360,3090,sirius,tpch,1,q08,3.0,68.1,75.1,0.20,0.34,11.2,OK
360,3090,sirius,tpch,1,q09,3.0,86.2,96.4,0.26,0.33,20.0,OK
360,3090,sirius,tpch,1,q10,2.0,75.5,80.9,0.15,0.22,19.7,OK
360,3090,sirius,tpch,1,q11,1.0,60.2,61.8,0.06,0.11,6.6,OK
360,3090,sirius,tpch,1,q12,2.0,80.2,86.6,0.16,0.22,20.4,OK
360,3090,sirius,tpch,1,q13,4.0,55.8,62.5,0.22,0.44,3.8,OK
360,3090,sirius,tpch,1,q14,1.0,67.5,70.5,0.07,0.11,11.6,OK
360,3090,sirius,tpch,1,q15,1.0,66.0,69.2,0.07,0.11,10.7,OK
360,3090,sirius,tpch,1,q16,1.0,69.2,75.3,0.07,0.11,44.0,OK
360,3090,sirius,tpch,1,q17,1.0,94.5,106.6,0.09,0.11,31.7,OK
360,3090,sirius,tpch,1,q18,4.0,118.9,129.6,0.48,0.44,44.3,OK
360,3090,sirius,tpch,1,q19,2.0,80.4,84.8,0.16,0.22,20.5,OK
360,3090,sirius,tpch,1,q20,3.0,66.6,70.0,0.20,0.34,19.8,OK
360,3090,sirius,tpch,1,q21,3.0,89.3,99.7,0.27,0.34,34.4,OK
360,3090,sirius,tpch,1,q22,2.0,65.2,67.2,0.13,0.22,13.4,OK
360,3090,sirius,tpch,2,q01,1.0,131.1,167.8,0.13,0.11,52.8,OK
360,3090,sirius,tpch,2,q02,5.0,67.8,71.3,0.34,0.55,16.8,OK
360,3090,sirius,tpch,2,q03,2.0,92.9,101.9,0.19,0.22,33.5,OK
360,3090,sirius,tpch,2,q04,2.0,104.4,116.0,0.21,0.22,35.6,OK
360,3090,sirius,tpch,2,q05,2.0,83.6,94.7,0.17,0.22,19.9,OK
360,3090,sirius,tpch,2,q06,2.0,130.5,143.2,0.26,0.22,53.2,OK
360,3090,sirius,tpch,2,q07,4.0,81.2,88.9,0.32,0.45,23.0,OK
360,3090,sirius,tpch,2,q08,3.0,77.2,90.9,0.23,0.34,17.0,OK
360,3090,sirius,tpch,2,q09,3.0,105.4,122.5,0.32,0.34,30.8,OK
360,3090,sirius,tpch,2,q10,3.0,90.6,100.7,0.27,0.34,29.5,OK
360,3090,sirius,tpch,2,q11,1.0,65.9,67.6,0.07,0.11,10.7,OK
360,3090,sirius,tpch,2,q12,2.0,102.5,111.4,0.20,0.22,33.6,OK
360,3090,sirius,tpch,2,q13,7.0,57.6,71.4,0.40,0.78,4.0,OK
360,3090,sirius,tpch,2,q14,1.0,84.3,90.0,0.08,0.11,22.8,OK
360,3090,sirius,tpch,2,q15,2.0,79.4,83.9,0.16,0.22,20.1,OK
360,3090,sirius,tpch,2,q16,2.0,80.6,91.4,0.16,0.23,44.9,OK
360,3090,sirius,tpch,2,q17,1.0,116.0,135.6,0.12,0.11,41.6,OK
360,3090,sirius,tpch,2,q18,7.0,141.8,156.1,0.99,0.77,61.2,OK
360,3090,sirius,tpch,2,q19,2.0,96.4,106.6,0.19,0.22,30.4,OK
360,3090,sirius,tpch,2,q20,3.0,77.6,81.7,0.23,0.34,26.9,OK
360,3090,sirius,tpch,2,q21,4.0,106.4,123.6,0.43,0.44,41.5,OK
360,3090,sirius,tpch,2,q22,2.0,71.2,76.6,0.14,0.22,14.6,OK
450,1800,maximus,h2o,1gb,q1,1,113.9,116.5,0.1,0.1,96.0,OK
450,1800,maximus,h2o,1gb,q2,3,110.9,113.3,0.3,0.3,96.0,OK
450,1800,maximus,h2o,1gb,q3,4,112.9,114.8,0.5,0.4,97.0,OK
450,1800,maximus,h2o,1gb,q4,2,112.4,114.4,0.2,0.2,97.0,OK
450,1800,maximus,h2o,1gb,q5,3,116.0,117.5,0.3,0.3,97.9,OK
450,1800,maximus,h2o,1gb,q6,191,103.4,105.3,19.7,20.7,99.9,OK
450,1800,maximus,h2o,1gb,q7,2,129.1,130.9,0.3,0.2,95.9,OK
450,1800,maximus,h2o,1gb,q9,4,113.3,114.7,0.5,0.4,95.0,OK
450,1800,maximus,h2o,1gb,q10,8,114.2,116.2,0.9,0.9,97.0,OK
450,1800,maximus,h2o,2gb,q1,3,116.3,117.8,0.3,0.3,98.0,OK
450,1800,maximus,h2o,2gb,q2,6,104.0,114.5,0.6,0.6,89.6,OK
450,1800,maximus,h2o,2gb,q3,7,114.1,116.7,0.8,0.8,98.7,OK
450,1800,maximus,h2o,2gb,q4,4,115.1,117.0,0.5,0.4,98.1,OK
450,1800,maximus,h2o,2gb,q5,6,112.4,113.8,0.7,0.6,98.9,OK
450,1800,maximus,h2o,2gb,q6,391,106.2,107.9,41.5,42.4,100.0,OK
450,1800,maximus,h2o,2gb,q7,5,132.0,134.6,0.7,0.5,97.9,OK
450,1800,maximus,h2o,2gb,q9,8,114.6,117.3,0.9,0.9,97.0,OK
450,1800,maximus,h2o,2gb,q10,15,117.1,120.9,1.8,1.6,98.2,OK
450,1800,maximus,tpch,1,q1,5,115.8,117.1,0.6,0.5,93.4,OK
450,1800,maximus,tpch,1,q2,3,52.3,52.6,0.2,0.3,62.3,OK
450,1800,maximus,tpch,1,q3,3,98.8,99.8,0.3,0.3,92.0,OK
450,1800,maximus,tpch,1,q4,2,112.4,114.5,0.2,0.2,92.0,OK
450,1800,maximus,tpch,1,q5,3,106.7,108.0,0.3,0.3,88.7,OK
450,1800,maximus,tpch,1,q6,1,115.3,117.1,0.1,-4.6,90.7,OK
450,1800,maximus,tpch,1,q7,3,93.6,99.9,0.3,0.3,77.5,OK
450,1800,maximus,tpch,1,q8,2,101.4,102.9,0.2,0.2,85.2,OK
450,1800,maximus,tpch,1,q9,5,105.1,107.2,0.5,0.5,91.4,OK
450,1800,maximus,tpch,1,q10,2,101.2,103.2,0.2,0.2,85.4,OK
450,1800,maximus,tpch,1,q11,3,84.4,94.2,0.3,0.3,65.2,OK
450,1800,maximus,tpch,1,q12,2,104.8,105.9,0.2,0.2,85.6,OK
450,1800,maximus,tpch,1,q13,20,114.4,116.0,2.3,2.2,96.8,OK
450,1800,maximus,tpch,1,q14,2,100.1,102.1,0.2,0.2,83.5,OK
450,1800,maximus,tpch,1,q15,1,102.3,103.4,0.1,0.1,81.9,OK
450,1800,maximus,tpch,1,q16,28,51.8,56.6,1.4,3.0,72.1,OK
450,1800,maximus,tpch,1,q17,3,90.5,92.1,0.3,0.3,79.5,OK
450,1800,maximus,tpch,1,q18,4,109.7,111.4,0.4,0.4,91.0,OK
450,1800,maximus,tpch,1,q19,24,115.6,116.7,2.8,2.6,93.3,OK
450,1800,maximus,tpch,1,q20,4,92.5,94.0,0.4,0.4,82.7,OK
450,1800,maximus,tpch,1,q21,79,114.1,116.0,9.0,8.6,97.2,OK
450,1800,maximus,tpch,1,q22,2,62.5,63.7,0.1,0.2,49.6,OK
450,1800,maximus,tpch,2,q1,10,121.3,125.8,1.2,1.1,96.5,OK
450,1800,maximus,tpch,2,q2,4,62.4,66.3,0.2,0.4,69.5,OK
450,1800,maximus,tpch,2,q3,5,109.0,110.5,0.5,0.5,95.6,OK
450,1800,maximus,tpch,2,q4,3,116.8,118.2,0.4,0.3,96.0,OK
450,1800,maximus,tpch,2,q5,6,114.8,116.0,0.7,0.7,94.0,OK
450,1800,maximus,tpch,2,q6,1,120.0,121.5,0.1,0.1,96.5,OK
450,1800,maximus,tpch,2,q7,4,108.3,109.9,0.4,0.4,90.5,OK
450,1800,maximus,tpch,2,q8,4,110.2,112.0,0.4,0.4,91.3,OK
450,1800,maximus,tpch,2,q9,9,113.1,114.8,1.0,1.0,95.0,OK
450,1800,maximus,tpch,2,q10,3,110.4,111.9,0.3,0.3,91.5,OK
450,1800,maximus,tpch,2,q11,5,108.7,109.8,0.5,0.5,83.5,OK
450,1800,maximus,tpch,2,q12,3,113.1,114.5,0.3,0.3,92.0,OK
450,1800,maximus,tpch,2,q13,40,119.1,120.1,4.8,4.4,98.1,OK
450,1800,maximus,tpch,2,q14,2,110.9,112.3,0.2,0.2,91.7,OK
450,1800,maximus,tpch,2,q15,2,111.4,112.9,0.2,0.2,89.0,OK
450,1800,maximus,tpch,2,q16,31,62.2,70.8,1.9,3.3,77.7,OK
450,1800,maximus,tpch,2,q17,5,97.5,104.7,0.5,0.5,79.7,OK
450,1800,maximus,tpch,2,q18,7,114.9,116.8,0.8,0.8,95.0,OK
450,1800,maximus,tpch,2,q19,46,122.1,123.3,5.6,5.0,96.2,OK
450,1800,maximus,tpch,2,q20,6,104.6,106.4,0.6,0.6,89.1,OK
450,1800,maximus,tpch,2,q21,155,102.4,122.5,15.9,16.8,82.2,OK
450,1800,maximus,tpch,2,q22,2,71.3,76.3,0.1,0.2,53.6,OK
450,1800,sirius,h2o,1gb,q1,3.0,38.0,43.3,0.11,0.33,5.6,OK
450,1800,sirius,h2o,1gb,q10,9.0,41.8,65.3,0.38,1.10,6.0,OK
450,1800,sirius,h2o,1gb,q2,4.0,38.6,46.6,0.15,0.49,5.0,OK
450,1800,sirius,h2o,1gb,q3,5.0,39.5,50.1,0.20,0.55,7.9,OK
450,1800,sirius,h2o,1gb,q4,3.0,37.8,43.8,0.11,0.33,2.1,OK
450,1800,sirius,h2o,1gb,q5,5.0,39.4,49.7,0.20,0.55,8.2,OK
450,1800,sirius,h2o,1gb,q6,5.0,39.8,50.8,0.20,0.54,4.6,OK
450,1800,sirius,h2o,1gb,q7,3.0,38.6,48.7,0.12,0.33,5.1,OK
450,1800,sirius,h2o,1gb,q8,10.0,40.6,55.4,0.41,1.08,8.7,OK
450,1800,sirius,h2o,1gb,q9,12.0,43.2,67.9,0.52,1.30,14.8,OK
450,1800,sirius,h2o,2gb,q1,4.0,38.5,48.6,0.15,0.43,11.2,OK
450,1800,sirius,h2o,2gb,q10,17.0,48.3,92.7,0.82,1.87,14.2,OK
450,1800,sirius,h2o,2gb,q2,7.0,40.8,55.8,0.29,0.77,12.5,OK
450,1800,sirius,h2o,2gb,q3,11.0,42.3,63.6,0.47,1.20,12.4,OK
450,1800,sirius,h2o,2gb,q4,5.0,38.8,50.0,0.19,0.56,4.0,OK
450,1800,sirius,h2o,2gb,q5,9.0,42.0,62.0,0.38,1.00,5.4,OK
450,1800,sirius,h2o,2gb,q6,10.0,43.1,65.3,0.43,1.10,6.8,OK
450,1800,sirius,h2o,2gb,q7,6.0,40.5,59.4,0.24,0.66,5.2,OK
450,1800,sirius,h2o,2gb,q8,15.0,44.3,70.8,0.66,1.63,15.9,OK
450,1800,sirius,h2o,2gb,q9,22.0,50.2,99.1,1.10,2.40,13.5,OK
450,1800,sirius,tpch,1,q01,1.0,72.5,89.7,0.07,0.11,45.8,OK
450,1800,sirius,tpch,1,q02,5.0,38.6,39.8,0.19,0.55,18.9,OK
450,1800,sirius,tpch,1,q03,2.0,47.7,50.2,0.10,0.22,33.3,OK
450,1800,sirius,tpch,1,q04,1.0,52.3,55.5,0.05,0.11,29.3,OK
450,1800,sirius,tpch,1,q05,2.0,44.1,46.6,0.09,0.22,19.4,OK
450,1800,sirius,tpch,1,q06,2.0,65.4,69.9,0.13,0.22,41.4,OK
450,1800,sirius,tpch,1,q07,4.0,43.6,45.7,0.17,0.44,20.8,OK
450,1800,sirius,tpch,1,q08,3.0,41.7,44.6,0.13,0.33,15.2,OK
450,1800,sirius,tpch,1,q09,3.0,52.4,58.0,0.16,0.33,29.1,OK
450,1800,sirius,tpch,1,q10,2.0,47.6,50.3,0.10,0.22,26.0,OK
450,1800,sirius,tpch,1,q11,1.0,38.6,39.5,0.04,0.11,11.5,OK
450,1800,sirius,tpch,1,q12,2.0,50.8,53.9,0.10,0.22,28.1,OK
450,1800,sirius,tpch,1,q13,6.0,37.0,41.2,0.22,0.66,2.6,OK
450,1800,sirius,tpch,1,q14,1.0,44.0,45.8,0.04,0.11,17.1,OK
450,1800,sirius,tpch,1,q15,1.0,43.1,44.6,0.04,-7.98,16.1,OK
450,1800,sirius,tpch,1,q16,2.0,41.6,44.7,0.08,0.22,48.8,OK
450,1800,sirius,tpch,1,q17,1.0,52.5,58.3,0.05,0.11,35.5,OK
450,1800,sirius,tpch,1,q18,4.0,76.1,83.5,0.30,0.44,47.8,OK
450,1800,sirius,tpch,1,q19,2.0,50.8,55.5,0.10,0.22,22.8,OK
450,1800,sirius,tpch,1,q20,3.0,42.7,44.0,0.13,0.33,25.3,OK
450,1800,sirius,tpch,1,q21,4.0,56.4,62.4,0.23,0.45,41.6,OK
450,1800,sirius,tpch,1,q22,2.0,40.4,42.3,0.08,0.22,15.8,OK
450,1800,sirius,tpch,2,q01,1.0,87.5,110.0,0.09,0.11,59.9,OK
450,1800,sirius,tpch,2,q02,5.0,42.5,44.1,0.21,0.55,21.9,OK
450,1800,sirius,tpch,2,q03,2.0,57.8,62.7,0.12,0.22,39.1,OK
450,1800,sirius,tpch,2,q04,2.0,64.9,70.9,0.13,0.22,40.3,OK
450,1800,sirius,tpch,2,q05,3.0,49.7,56.7,0.15,0.33,24.7,OK
450,1800,sirius,tpch,2,q06,3.0,89.2,90.8,0.27,0.33,62.3,OK
450,1800,sirius,tpch,2,q07,4.0,51.4,55.0,0.21,0.44,28.6,OK
450,1800,sirius,tpch,2,q08,4.0,48.5,53.4,0.19,0.44,20.8,OK
450,1800,sirius,tpch,2,q09,3.0,63.7,72.7,0.19,0.34,37.6,OK
450,1800,sirius,tpch,2,q10,3.0,57.1,62.6,0.17,0.34,33.6,OK
450,1800,sirius,tpch,2,q11,1.0,42.0,43.0,0.04,0.11,15.7,OK
450,1800,sirius,tpch,2,q12,2.0,65.7,71.2,0.13,0.22,40.1,OK
450,1800,sirius,tpch,2,q13,9.0,39.0,47.3,0.35,0.97,3.4,OK
450,1800,sirius,tpch,2,q14,1.0,55.3,59.1,0.06,0.11,27.9,OK
450,1800,sirius,tpch,2,q15,2.0,51.2,55.6,0.10,0.22,22.8,OK
450,1800,sirius,tpch,2,q16,2.0,47.2,52.8,0.09,0.23,50.9,OK
450,1800,sirius,tpch,2,q17,1.0,61.0,70.4,0.06,0.11,43.7,OK
450,1800,sirius,tpch,2,q18,7.0,92.7,102.2,0.65,0.78,63.0,OK
450,1800,sirius,tpch,2,q19,2.0,63.3,69.5,0.13,0.22,35.4,OK
450,1800,sirius,tpch,2,q20,4.0,49.8,52.5,0.20,0.44,32.1,OK
450,1800,sirius,tpch,2,q21,5.0,66.2,75.6,0.33,0.56,51.2,OK
450,1800,sirius,tpch,2,q22,2.0,44.1,46.8,0.09,0.22,20.6,OK
450,2400,maximus,h2o,1gb,q1,1,145.1,147.0,0.1,0.1,95.6,OK
450,2400,maximus,h2o,1gb,q2,2,146.0,147.4,0.3,0.2,95.0,OK
450,2400,maximus,h2o,1gb,q3,3,149.1,151.8,0.4,0.3,96.5,OK
450,2400,maximus,h2o,1gb,q4,0,137.2,145.4,0.0,0.0,96.9,FAIL
450,2400,maximus,h2o,1gb,q5,2,151.3,153.2,0.3,0.2,97.1,OK
450,2400,maximus,h2o,1gb,q6,144,147.4,148.9,21.2,15.8,100.0,OK
450,2400,maximus,h2o,1gb,q7,2,162.0,164.3,0.3,0.2,94.7,OK
450,2400,maximus,h2o,1gb,q9,3,146.6,148.5,0.4,0.3,93.8,OK
450,2400,maximus,h2o,1gb,q10,6,153.1,156.7,0.9,0.7,96.0,OK
450,2400,maximus,h2o,2gb,q1,2,148.7,150.5,0.3,0.2,97.7,OK
450,2400,maximus,h2o,2gb,q2,4,148.6,150.2,0.6,0.4,97.6,OK
450,2400,maximus,h2o,2gb,q3,5,152.7,155.4,0.8,0.5,98.0,OK
450,2400,maximus,h2o,2gb,q4,3,148.9,150.5,0.4,0.3,98.0,OK
450,2400,maximus,h2o,2gb,q5,5,149.0,150.9,0.7,0.5,98.9,OK
450,2400,maximus,h2o,2gb,q6,296,145.9,152.1,43.2,32.9,99.7,OK
450,2400,maximus,h2o,2gb,q7,3,154.6,169.3,0.5,0.3,86.9,OK
450,2400,maximus,h2o,2gb,q9,6,151.3,153.3,0.9,0.7,97.0,OK
450,2400,maximus,h2o,2gb,q10,11,161.9,163.5,1.8,1.2,97.9,OK
450,2400,maximus,tpch,1,q1,4,151.8,154.0,0.6,0.4,92.5,OK
450,2400,maximus,tpch,1,q2,3,69.8,72.8,0.2,0.3,57.1,OK
450,2400,maximus,tpch,1,q3,2,126.4,128.4,0.3,0.2,91.1,OK
450,2400,maximus,tpch,1,q4,1,134.6,139.7,0.1,0.1,87.8,OK
450,2400,maximus,tpch,1,q5,2,133.8,136.1,0.3,0.2,87.8,OK
450,2400,maximus,tpch,1,q6,0,98.4,103.2,0.0,0.0,89.0,OK
450,2400,maximus,tpch,1,q7,2,122.0,123.5,0.2,0.2,82.1,OK
450,2400,maximus,tpch,1,q8,2,125.9,127.2,0.3,0.2,83.6,OK
450,2400,maximus,tpch,1,q9,4,136.2,137.7,0.5,0.4,90.4,OK
450,2400,maximus,tpch,1,q10,2,123.7,125.5,0.2,0.2,83.5,OK
450,2400,maximus,tpch,1,q11,2,122.1,123.7,0.2,0.2,71.2,OK
450,2400,maximus,tpch,1,q12,2,127.9,130.2,0.3,0.2,84.1,OK
450,2400,maximus,tpch,1,q13,16,169.3,170.9,2.7,1.7,95.6,OK
450,2400,maximus,tpch,1,q14,1,122.8,124.7,0.1,0.1,82.0,OK
450,2400,maximus,tpch,1,q15,1,125.3,126.9,0.1,0.1,82.0,OK
450,2400,maximus,tpch,1,q16,21,72.5,75.1,1.5,2.3,94.0,OK
450,2400,maximus,tpch,1,q17,3,112.1,113.6,0.3,0.3,75.9,OK
450,2400,maximus,tpch,1,q18,3,133.1,135.5,0.4,0.3,90.9,OK
450,2400,maximus,tpch,1,q19,19,159.2,160.5,3.0,2.1,91.7,OK
450,2400,maximus,tpch,1,q20,3,114.7,116.3,0.3,0.3,80.8,OK
450,2400,maximus,tpch,1,q21,63,156.4,159.0,9.9,6.8,95.9,OK
450,2400,maximus,tpch,1,q22,2,74.0,95.7,0.1,0.2,43.6,OK
450,2400,maximus,tpch,2,q1,8,151.0,154.2,1.2,-91.6,95.8,OK
450,2400,maximus,tpch,2,q2,3,78.7,83.2,0.2,0.3,65.3,OK
450,2400,maximus,tpch,2,q3,4,133.9,135.5,0.5,0.4,95.0,OK
450,2400,maximus,tpch,2,q4,2,142.8,144.6,0.3,0.2,95.6,OK
450,2400,maximus,tpch,2,q5,4,144.0,146.0,0.6,0.4,93.3,OK
450,2400,maximus,tpch,2,q6,1,146.0,147.8,0.1,0.1,95.3,OK
450,2400,maximus,tpch,2,q7,3,133.2,135.1,0.4,0.3,89.5,OK
450,2400,maximus,tpch,2,q8,3,132.5,138.9,0.4,0.3,86.5,OK
450,2400,maximus,tpch,2,q9,7,146.0,148.1,1.0,0.8,94.8,OK
450,2400,maximus,tpch,2,q10,3,134.8,136.6,0.4,0.3,90.8,OK
450,2400,maximus,tpch,2,q11,4,128.8,146.8,0.5,0.4,68.4,OK
450,2400,maximus,tpch,2,q12,3,138.6,140.1,0.4,0.3,91.2,OK
450,2400,maximus,tpch,2,q13,31,178.3,179.5,5.5,3.4,98.0,OK
450,2400,maximus,tpch,2,q14,2,134.4,135.9,0.3,0.2,89.9,OK
450,2400,maximus,tpch,2,q15,2,136.3,137.8,0.3,0.2,89.8,OK
450,2400,maximus,tpch,2,q16,24,92.3,94.9,2.2,2.6,95.0,OK
450,2400,maximus,tpch,2,q17,4,127.4,129.2,0.5,0.4,85.2,OK
450,2400,maximus,tpch,2,q18,6,139.6,141.7,0.8,0.7,94.9,OK
450,2400,maximus,tpch,2,q19,36,165.9,170.0,6.0,3.9,95.4,OK
450,2400,maximus,tpch,2,q20,5,122.1,129.9,0.6,0.5,82.5,OK
450,2400,maximus,tpch,2,q21,126,163.2,165.6,20.6,13.8,98.4,OK
450,2400,maximus,tpch,2,q22,2,92.4,94.2,0.2,0.2,56.9,OK
450,2400,sirius,h2o,1gb,q1,2.0,43.6,50.5,0.09,0.22,2.4,OK
450,2400,sirius,h2o,1gb,q10,7.0,49.3,75.2,0.34,0.78,8.9,OK
450,2400,sirius,h2o,1gb,q2,3.0,45.8,54.3,0.14,0.33,3.4,OK
450,2400,sirius,h2o,1gb,q3,4.0,46.9,58.9,0.19,0.44,7.9,OK
450,2400,sirius,h2o,1gb,q4,2.0,44.8,51.6,0.09,0.22,5.2,OK
450,2400,sirius,h2o,1gb,q5,4.0,46.8,58.2,0.19,0.44,14.7,OK
450,2400,sirius,h2o,1gb,q6,5.0,47.0,59.4,0.23,0.54,8.5,OK
450,2400,sirius,h2o,1gb,q7,3.0,46.4,56.7,0.14,0.33,5.3,OK
450,2400,sirius,h2o,1gb,q8,8.0,48.8,64.5,0.39,0.90,9.5,OK
450,2400,sirius,h2o,1gb,q9,11.0,50.2,79.3,0.55,1.25,7.9,OK
450,2400,sirius,h2o,2gb,q1,4.0,46.9,57.9,0.19,0.44,7.1,OK
450,2400,sirius,h2o,2gb,q10,13.0,57.2,107.8,0.74,1.42,12.3,OK
450,2400,sirius,h2o,2gb,q2,5.0,48.2,73.4,0.24,0.55,5.1,OK
450,2400,sirius,h2o,2gb,q3,8.0,51.3,75.1,0.41,0.90,5.4,OK
450,2400,sirius,h2o,2gb,q4,4.0,46.6,59.1,0.19,0.44,4.9,OK
450,2400,sirius,h2o,2gb,q5,7.0,50.3,73.1,0.35,0.76,6.3,OK
450,2400,sirius,h2o,2gb,q6,8.0,50.9,74.7,0.41,0.90,8.1,OK
450,2400,sirius,h2o,2gb,q7,5.0,50.5,69.2,0.25,0.55,5.7,OK
450,2400,sirius,h2o,2gb,q8,12.0,52.7,83.0,0.63,1.31,5.3,OK
450,2400,sirius,h2o,2gb,q9,20.0,59.4,118.2,1.19,2.19,13.8,OK
450,2400,sirius,tpch,1,q01,1.0,93.3,112.4,0.09,0.11,46.6,OK
450,2400,sirius,tpch,1,q02,5.0,47.8,49.4,0.24,0.55,15.0,OK
450,2400,sirius,tpch,1,q03,2.0,59.1,62.8,0.12,0.22,26.7,OK
450,2400,sirius,tpch,1,q04,1.0,64.8,69.2,0.06,0.11,24.9,OK
450,2400,sirius,tpch,1,q05,2.0,55.5,61.0,0.11,0.22,14.1,OK
450,2400,sirius,tpch,1,q06,1.0,85.2,85.9,0.09,0.11,39.1,OK
450,2400,sirius,tpch,1,q07,3.0,54.7,57.3,0.16,0.33,16.6,OK
450,2400,sirius,tpch,1,q08,3.0,53.2,56.6,0.16,0.33,12.8,OK
450,2400,sirius,tpch,1,q09,3.0,67.1,74.8,0.20,0.34,24.0,OK
450,2400,sirius,tpch,1,q10,2.0,59.5,63.1,0.12,0.22,22.5,OK
450,2400,sirius,tpch,1,q11,1.0,48.3,49.2,0.05,0.11,8.5,OK
450,2400,sirius,tpch,1,q12,2.0,61.8,67.0,0.12,0.22,20.6,OK
450,2400,sirius,tpch,1,q13,5.0,46.1,51.6,0.23,0.54,6.4,OK
450,2400,sirius,tpch,1,q14,1.0,54.4,56.4,0.05,0.11,12.6,OK
450,2400,sirius,tpch,1,q15,1.0,53.5,55.3,0.05,0.11,12.9,OK
450,2400,sirius,tpch,1,q16,2.0,54.0,57.9,0.11,0.23,52.8,OK
450,2400,sirius,tpch,1,q17,1.0,69.4,79.1,0.07,0.11,33.0,OK
450,2400,sirius,tpch,1,q18,4.0,94.8,103.2,0.38,0.44,47.0,OK
450,2400,sirius,tpch,1,q19,2.0,62.7,68.4,0.13,0.22,19.4,OK
450,2400,sirius,tpch,1,q20,3.0,53.8,55.4,0.16,0.34,22.8,OK
450,2400,sirius,tpch,1,q21,3.0,71.0,77.9,0.21,0.33,34.5,OK
450,2400,sirius,tpch,1,q22,2.0,52.5,53.6,0.10,0.22,15.2,OK
450,2400,sirius,tpch,2,q01,1.0,109.6,135.9,0.11,0.12,54.5,OK
450,2400,sirius,tpch,2,q02,5.0,54.6,56.2,0.27,0.55,17.4,OK
450,2400,sirius,tpch,2,q03,2.0,73.5,79.5,0.15,0.22,33.5,OK
450,2400,sirius,tpch,2,q04,2.0,82.2,90.8,0.16,0.22,35.3,OK
450,2400,sirius,tpch,2,q05,2.0,66.8,75.4,0.13,0.22,21.5,OK
450,2400,sirius,tpch,2,q06,2.0,111.7,113.3,0.22,0.22,59.4,OK
450,2400,sirius,tpch,2,q07,4.0,65.9,70.8,0.26,-33.83,23.5,OK
450,2400,sirius,tpch,2,q08,4.0,63.4,69.4,0.25,0.45,18.9,OK
450,2400,sirius,tpch,2,q09,3.0,83.5,94.1,0.25,0.34,33.0,OK
450,2400,sirius,tpch,2,q10,3.0,73.4,79.6,0.22,0.33,30.2,OK
450,2400,sirius,tpch,2,q11,1.0,55.0,56.5,0.06,0.11,12.0,OK
450,2400,sirius,tpch,2,q12,2.0,83.3,89.7,0.17,0.22,35.0,OK
450,2400,sirius,tpch,2,q13,7.0,50.7,62.4,0.35,0.77,2.1,OK
450,2400,sirius,tpch,2,q14,1.0,72.6,73.3,0.07,0.11,26.9,OK
450,2400,sirius,tpch,2,q15,2.0,66.9,69.7,0.13,0.22,21.3,OK
450,2400,sirius,tpch,2,q16,2.0,63.2,69.9,0.13,0.23,52.7,OK
450,2400,sirius,tpch,2,q17,1.0,78.1,96.4,0.08,0.11,32.4,OK
450,2400,sirius,tpch,2,q18,7.0,113.7,125.8,0.80,0.78,60.5,OK
450,2400,sirius,tpch,2,q19,2.0,77.4,84.5,0.15,0.23,32.0,OK
450,2400,sirius,tpch,2,q20,3.0,59.1,64.6,0.18,0.34,24.3,OK
450,2400,sirius,tpch,2,q21,4.0,82.5,94.6,0.33,0.45,41.7,OK
450,2400,sirius,tpch,2,q22,2.0,54.5,57.6,0.11,0.22,16.5,OK
450,3090,maximus,h2o,1gb,q1,1,192.5,195.2,0.2,0.1,95.9,OK
450,3090,maximus,h2o,1gb,q2,2,198.1,201.0,0.4,0.2,95.0,OK
450,3090,maximus,h2o,1gb,q3,2,202.3,205.1,0.4,0.2,96.9,OK
450,3090,maximus,h2o,1gb,q4,1,194.1,196.9,0.2,0.1,96.9,OK
450,3090,maximus,h2o,1gb,q5,2,191.7,207.2,0.4,0.2,90.3,OK
450,3090,maximus,h2o,1gb,q6,129,208.5,211.7,26.9,13.9,100.0,OK
450,3090,maximus,h2o,1gb,q7,1,207.1,217.6,0.2,0.1,90.8,OK
450,3090,maximus,h2o,1gb,q9,3,184.7,203.1,0.6,0.3,84.9,OK
450,3090,maximus,h2o,1gb,q10,5,193.3,214.9,1.0,0.5,83.8,OK
450,3090,maximus,h2o,2gb,q1,2,199.1,200.7,0.4,0.2,98.0,OK
450,3090,maximus,h2o,2gb,q2,4,203.5,205.9,0.8,0.4,97.9,OK
450,3090,maximus,h2o,2gb,q3,5,188.9,209.4,0.9,0.5,86.2,OK
450,3090,maximus,h2o,2gb,q4,2,189.6,200.2,0.4,0.2,93.0,OK
450,3090,maximus,h2o,2gb,q5,4,201.9,203.1,0.8,0.4,99.0,OK
450,3090,maximus,h2o,2gb,q6,266,208.5,216.3,55.5,29.0,98.5,OK
450,3090,maximus,h2o,2gb,q7,3,219.9,222.4,0.7,0.3,97.6,OK
450,3090,maximus,h2o,2gb,q9,6,205.6,207.6,1.2,0.7,96.9,OK
450,3090,maximus,h2o,2gb,q10,10,220.6,223.0,2.2,1.1,97.9,OK
450,3090,maximus,tpch,1,q1,4,199.0,200.9,0.8,0.4,92.8,OK
450,3090,maximus,tpch,1,q2,2,88.8,96.8,0.2,0.2,49.0,OK
450,3090,maximus,tpch,1,q3,2,166.8,168.0,0.3,0.2,91.1,OK
450,3090,maximus,tpch,1,q4,1,181.4,183.4,0.2,0.1,91.9,OK
450,3090,maximus,tpch,1,q5,2,180.7,182.2,0.4,0.2,87.4,OK
450,3090,maximus,tpch,1,q6,0,70.9,131.8,0.0,0.0,20.6,OK
450,3090,maximus,tpch,1,q7,2,161.1,162.6,0.3,0.2,82.0,OK
450,3090,maximus,tpch,1,q8,2,165.7,168.2,0.3,0.2,83.2,OK
450,3090,maximus,tpch,1,q9,3,185.1,186.7,0.6,0.3,90.0,OK
450,3090,maximus,tpch,1,q10,2,162.5,164.2,0.3,0.2,83.8,OK
450,3090,maximus,tpch,1,q11,2,155.8,171.9,0.3,0.2,59.4,OK
450,3090,maximus,tpch,1,q12,1,168.5,170.1,0.2,0.1,83.8,OK
450,3090,maximus,tpch,1,q13,14,251.1,254.9,3.5,1.5,95.1,OK
450,3090,maximus,tpch,1,q14,1,159.0,161.2,0.2,0.1,81.0,OK
450,3090,maximus,tpch,1,q15,1,161.4,163.8,0.2,0.1,81.3,OK
450,3090,maximus,tpch,1,q16,18,103.8,104.4,1.9,2.0,93.0,OK
450,3090,maximus,tpch,1,q17,3,148.4,150.9,0.4,0.3,75.9,OK
450,3090,maximus,tpch,1,q18,3,173.2,175.2,0.5,0.3,91.0,OK
450,3090,maximus,tpch,1,q19,16,228.4,232.1,3.7,1.7,91.1,OK
450,3090,maximus,tpch,1,q20,3,143.3,151.8,0.4,0.3,73.6,OK
450,3090,maximus,tpch,1,q21,58,189.1,223.5,11.0,6.3,78.8,OK
450,3090,maximus,tpch,1,q22,2,100.8,101.7,0.2,0.2,44.6,OK
450,3090,maximus,tpch,2,q1,8,199.4,202.7,1.6,0.9,96.0,OK
450,3090,maximus,tpch,2,q2,3,99.6,110.5,0.3,0.3,54.5,OK
450,3090,maximus,tpch,2,q3,3,175.8,178.3,0.5,0.3,95.0,OK
450,3090,maximus,tpch,2,q4,2,181.5,189.5,0.4,0.2,91.4,OK
450,3090,maximus,tpch,2,q5,4,193.5,195.3,0.8,0.4,93.1,OK
450,3090,maximus,tpch,2,q6,1,190.3,192.3,0.2,0.1,95.4,OK
450,3090,maximus,tpch,2,q7,3,176.4,178.2,0.5,0.3,89.7,OK
450,3090,maximus,tpch,2,q8,3,174.9,183.9,0.5,0.3,85.7,OK
450,3090,maximus,tpch,2,q9,6,199.1,201.4,1.2,0.7,94.7,OK
450,3090,maximus,tpch,2,q10,2,176.2,178.1,0.4,0.2,90.7,OK
450,3090,maximus,tpch,2,q11,3,186.2,208.3,0.6,0.3,72.6,OK
450,3090,maximus,tpch,2,q12,2,181.7,183.9,0.4,-7.9,91.2,OK
450,3090,maximus,tpch,2,q13,27,221.4,264.5,6.0,2.9,79.5,OK
450,3090,maximus,tpch,2,q14,2,168.9,176.1,0.3,0.2,86.1,OK
450,3090,maximus,tpch,2,q15,1,175.9,177.8,0.2,0.1,90.1,OK
450,3090,maximus,tpch,2,q16,20,135.0,135.9,2.7,2.2,93.7,OK
450,3090,maximus,tpch,2,q17,3,169.0,170.2,0.5,0.3,84.8,OK
450,3090,maximus,tpch,2,q18,6,180.3,182.9,1.1,0.7,95.1,OK
450,3090,maximus,tpch,2,q19,32,210.3,245.1,6.7,3.5,82.9,OK
450,3090,maximus,tpch,2,q20,4,160.6,169.1,0.6,0.4,83.6,OK
450,3090,maximus,tpch,2,q21,115,228.1,231.5,26.2,12.8,97.8,OK
450,3090,maximus,tpch,2,q22,2,117.4,139.5,0.2,0.2,52.4,OK
450,3090,sirius,h2o,1gb,q1,2.0,56.1,63.7,0.11,0.22,3.8,OK
450,3090,sirius,h2o,1gb,q10,7.0,64.6,96.4,0.45,0.77,5.6,OK
450,3090,sirius,h2o,1gb,q2,3.0,56.9,80.3,0.17,0.33,6.0,OK
450,3090,sirius,h2o,1gb,q3,4.0,59.0,74.1,0.24,0.44,6.9,OK
450,3090,sirius,h2o,1gb,q4,2.0,56.4,65.2,0.11,0.22,4.9,OK
450,3090,sirius,h2o,1gb,q5,4.0,58.6,73.1,0.23,0.44,9.7,OK
450,3090,sirius,h2o,1gb,q6,4.0,57.8,74.5,0.23,0.45,0.8,OK
450,3090,sirius,h2o,1gb,q7,3.0,57.5,70.2,0.17,0.34,1.9,OK
450,3090,sirius,h2o,1gb,q8,7.0,60.2,80.8,0.42,0.76,7.4,OK
450,3090,sirius,h2o,1gb,q9,11.0,65.0,99.8,0.71,1.23,8.9,OK
450,3090,sirius,h2o,2gb,q1,3.0,58.6,72.2,0.18,0.33,9.6,OK
450,3090,sirius,h2o,2gb,q10,12.0,70.6,133.6,0.85,1.38,11.7,OK
450,3090,sirius,h2o,2gb,q2,5.0,59.7,82.0,0.30,0.56,3.6,OK
450,3090,sirius,h2o,2gb,q3,7.0,63.4,94.3,0.44,0.78,6.4,OK
450,3090,sirius,h2o,2gb,q4,4.0,58.5,74.8,0.23,0.44,5.6,OK
450,3090,sirius,h2o,2gb,q5,6.0,63.5,91.5,0.38,0.65,9.3,OK
450,3090,sirius,h2o,2gb,q6,8.0,62.8,93.2,0.50,0.88,6.4,OK
450,3090,sirius,h2o,2gb,q7,4.0,60.2,84.5,0.24,0.45,4.3,OK
450,3090,sirius,h2o,2gb,q8,11.0,66.0,103.4,0.73,1.20,14.4,OK
450,3090,sirius,h2o,2gb,q9,19.0,73.2,145.5,1.39,2.11,15.2,OK
450,3090,sirius,tpch,1,q01,1.0,120.8,144.4,0.12,0.11,45.9,OK
450,3090,sirius,tpch,1,q02,4.0,62.8,65.2,0.25,0.45,12.8,OK
450,3090,sirius,tpch,1,q03,2.0,80.6,82.5,0.16,0.23,29.2,OK
450,3090,sirius,tpch,1,q04,1.0,84.5,91.3,0.08,0.11,25.7,OK
450,3090,sirius,tpch,1,q05,2.0,72.3,80.7,0.14,0.22,14.7,OK
450,3090,sirius,tpch,1,q06,1.0,109.2,110.8,0.11,0.11,38.3,OK
450,3090,sirius,tpch,1,q07,3.0,68.5,74.3,0.21,0.33,15.3,OK
450,3090,sirius,tpch,1,q08,3.0,66.3,71.5,0.20,0.34,11.0,OK
450,3090,sirius,tpch,1,q09,3.0,86.4,96.5,0.26,0.33,21.4,OK
450,3090,sirius,tpch,1,q10,2.0,75.0,80.7,0.15,0.22,20.8,OK
450,3090,sirius,tpch,1,q11,1.0,59.5,61.6,0.06,0.11,7.0,OK
450,3090,sirius,tpch,1,q12,2.0,80.1,85.7,0.16,0.23,21.1,OK
450,3090,sirius,tpch,1,q13,4.0,55.3,62.9,0.22,0.45,3.9,OK
450,3090,sirius,tpch,1,q14,1.0,66.3,70.6,0.07,0.11,11.6,OK
450,3090,sirius,tpch,1,q15,1.0,65.7,68.6,0.07,0.11,12.1,OK
450,3090,sirius,tpch,1,q16,2.0,68.7,76.7,0.14,0.23,50.8,OK
450,3090,sirius,tpch,1,q17,1.0,93.5,108.6,0.09,0.11,32.4,OK
450,3090,sirius,tpch,1,q18,4.0,127.4,128.6,0.51,0.45,52.8,OK
450,3090,sirius,tpch,1,q19,2.0,79.4,85.2,0.16,0.23,20.3,OK
450,3090,sirius,tpch,1,q20,3.0,66.5,68.9,0.20,0.33,21.0,OK
450,3090,sirius,tpch,1,q21,3.0,88.7,99.3,0.27,0.34,34.7,OK
450,3090,sirius,tpch,1,q22,2.0,63.5,67.0,0.13,0.22,12.5,OK
450,3090,sirius,tpch,2,q01,1.0,130.9,170.4,0.13,0.11,53.0,OK
450,3090,sirius,tpch,2,q02,5.0,66.4,76.7,0.33,0.55,14.7,OK
450,3090,sirius,tpch,2,q03,2.0,92.6,103.3,0.19,0.22,31.7,OK
450,3090,sirius,tpch,2,q04,2.0,104.7,115.4,0.21,0.22,35.3,OK
450,3090,sirius,tpch,2,q05,2.0,83.7,96.3,0.17,0.22,19.5,OK
450,3090,sirius,tpch,2,q06,2.0,140.5,142.3,0.28,0.22,58.2,OK
450,3090,sirius,tpch,2,q07,4.0,78.4,87.4,0.31,0.44,19.3,OK
450,3090,sirius,tpch,2,q08,3.0,79.3,89.3,0.24,0.33,16.4,OK
450,3090,sirius,tpch,2,q09,3.0,106.2,122.6,0.32,0.33,28.9,OK
450,3090,sirius,tpch,2,q10,3.0,90.6,99.8,0.27,0.34,27.6,OK
450,3090,sirius,tpch,2,q11,1.0,66.1,68.2,0.07,0.11,10.1,OK
450,3090,sirius,tpch,2,q12,2.0,102.3,112.3,0.20,0.22,32.4,OK
450,3090,sirius,tpch,2,q13,7.0,58.1,69.8,0.41,0.78,4.4,OK
450,3090,sirius,tpch,2,q14,1.0,84.3,89.5,0.08,0.11,21.8,OK
450,3090,sirius,tpch,2,q15,2.0,79.4,83.6,0.16,0.23,19.9,OK
450,3090,sirius,tpch,2,q16,2.0,80.4,90.4,0.16,0.23,49.8,OK
450,3090,sirius,tpch,2,q17,1.0,108.7,130.3,0.11,0.11,33.4,OK
450,3090,sirius,tpch,2,q18,7.0,142.9,155.6,1.00,0.78,59.1,OK
450,3090,sirius,tpch,2,q19,2.0,97.1,105.8,0.19,-16.30,29.1,OK
450,3090,sirius,tpch,2,q20,3.0,74.7,82.0,0.22,0.33,22.6,OK
450,3090,sirius,tpch,2,q21,4.0,105.2,121.0,0.42,0.45,42.5,OK
450,3090,sirius,tpch,2,q22,2.0,70.2,75.0,0.14,0.22,16.0,OK
