engine,benchmark,sf,query,storage,latency_ms,avg_gpu_power_w,avg_cpu_power_w,total_power_w,gpu_energy_j,total_energy_j,status
maximus,tpch,1,q1,gpu,9.5090,251.5,0.0,251.5,2.3915,2.3915,OK
maximus,tpch,1,q2,gpu,7.9040,165.1,0.0,165.1,1.3050,1.3050,OK
maximus,tpch,1,q3,gpu,5.3220,231.7,0.0,231.7,1.2331,1.2331,OK
maximus,tpch,1,q4,gpu,4.1740,231.9,0.0,231.9,0.9680,0.9680,OK
maximus,tpch,1,q5,gpu,50.6470,309.6,0.0,309.6,15.6803,15.6803,OK
maximus,tpch,1,q6,gpu,1.9750,212.2,0.0,212.2,0.4191,0.4191,OK
maximus,tpch,1,q7,gpu,17.2350,282.5,0.0,282.5,4.8689,4.8689,OK
maximus,tpch,1,q8,gpu,48.8360,287.7,0.0,287.7,14.0501,14.0501,OK
maximus,tpch,1,q9,gpu,127.1280,339.1,0.0,339.1,43.1091,43.1091,OK
maximus,tpch,1,q10,gpu,5.0240,239.2,0.0,239.2,1.2017,1.2017,OK
maximus,tpch,1,q11,gpu,11.3000,270.5,0.0,270.5,3.0567,3.0567,OK
maximus,tpch,1,q12,gpu,5.7780,231.2,0.0,231.2,1.3359,1.3359,OK
maximus,tpch,1,q13,gpu,46.9920,432.4,0.0,432.4,20.3193,20.3193,OK
maximus,tpch,1,q14,gpu,4.8930,222.0,0.0,222.0,1.0862,1.0862,OK
maximus,tpch,1,q15,gpu,3.9370,211.0,0.0,211.0,0.8307,0.8307,OK
maximus,tpch,1,q16,gpu,37.3840,328.4,0.0,328.4,12.2769,12.2769,OK
maximus,tpch,1,q17,gpu,6.7910,217.9,0.0,217.9,1.4798,1.4798,OK
maximus,tpch,1,q18,gpu,18.1500,356.9,0.0,356.9,6.4777,6.4777,OK
maximus,tpch,1,q19,gpu,104.2960,388.9,0.0,388.9,40.5607,40.5607,OK
maximus,tpch,1,q20,gpu,7.4800,235.1,0.0,235.1,1.7585,1.7585,OK
maximus,tpch,1,q22,gpu,4.1690,167.6,0.0,167.6,0.6987,0.6987,OK
maximus,tpch,1,q1,cpu,14.5120,125.8,0.0,125.8,1.8256,1.8256,OK
maximus,tpch,1,q2,cpu,8.5400,122.2,0.0,122.2,1.0436,1.0436,OK
maximus,tpch,1,q3,cpu,8.0620,121.0,0.0,121.0,0.9755,0.9755,OK
maximus,tpch,1,q4,cpu,6.0670,120.4,0.0,120.4,0.7305,0.7305,OK
maximus,tpch,1,q5,cpu,94.0190,135.2,0.0,135.2,12.7114,12.7114,OK
maximus,tpch,1,q6,cpu,4.2600,120.6,0.0,120.6,0.5138,0.5138,OK
maximus,tpch,1,q7,cpu,20.3660,125.6,0.0,125.6,2.5580,2.5580,OK
maximus,tpch,1,q8,cpu,103.9890,132.1,0.0,132.1,13.7369,13.7369,OK
maximus,tpch,1,q9,cpu,192.8350,153.7,0.0,153.7,29.6387,29.6387,OK
maximus,tpch,1,q10,cpu,8.3970,120.8,0.0,120.8,1.0144,1.0144,OK
maximus,tpch,1,q11,cpu,12.7850,149.0,0.0,149.0,1.9050,1.9050,OK
maximus,tpch,1,q12,cpu,18.1630,121.7,0.0,121.7,2.2104,2.2104,OK
maximus,tpch,1,q13,cpu,49.3160,233.9,0.0,233.9,11.5350,11.5350,OK
maximus,tpch,1,q14,cpu,15.9040,122.4,0.0,122.4,1.9466,1.9466,OK
maximus,tpch,1,q15,cpu,14.0660,121.3,0.0,121.3,1.7062,1.7062,OK
maximus,tpch,1,q16,cpu,39.2640,182.4,0.0,182.4,7.1618,7.1618,OK
maximus,tpch,1,q17,cpu,194.0870,121.8,0.0,121.8,23.6398,23.6398,OK
maximus,tpch,1,q18,cpu,209.2130,126.6,0.0,126.6,26.4864,26.4864,OK
maximus,tpch,1,q19,cpu,292.5480,154.3,0.0,154.3,45.1402,45.1402,OK
maximus,tpch,1,q20,cpu,20.6260,122.1,0.0,122.1,2.5184,2.5184,OK
maximus,tpch,1,q22,cpu,6.4610,123.2,0.0,123.2,0.7960,0.7960,OK
sirius,tpch,1,q1,gpu,14.0000,196.7,0.0,196.7,2.7538,2.7538,OK
sirius,tpch,1,q2,gpu,23.0000,128.6,0.0,128.6,2.9578,2.9578,OK
sirius,tpch,1,q3,gpu,8.0000,132.2,0.0,132.2,1.0576,1.0576,OK
sirius,tpch,1,q4,gpu,7.0000,133.3,0.0,133.3,0.9331,0.9331,OK
sirius,tpch,1,q5,gpu,29.0000,161.7,0.0,161.7,4.6893,4.6893,OK
sirius,tpch,1,q6,gpu,2.0000,127.7,0.0,127.7,0.2554,0.2554,OK
sirius,tpch,1,q7,gpu,18.0000,119.9,0.0,119.9,2.1582,2.1582,OK
sirius,tpch,1,q8,gpu,17.0000,130.3,0.0,130.3,2.2151,2.2151,OK
sirius,tpch,1,q9,gpu,427.0000,161.3,0.0,161.3,68.8751,68.8751,OK
sirius,tpch,1,q10,gpu,21.0000,156.3,0.0,156.3,3.2823,3.2823,OK
sirius,tpch,1,q11,gpu,3.0000,121.4,0.0,121.4,0.3642,0.3642,OK
sirius,tpch,1,q12,gpu,7.0000,130.3,0.0,130.3,0.9121,0.9121,OK
sirius,tpch,1,q13,gpu,10.0000,157.5,0.0,157.5,1.5750,1.5750,OK
sirius,tpch,1,q14,gpu,3.0000,126.8,0.0,126.8,0.3804,0.3804,OK
sirius,tpch,1,q15,gpu,5.0000,125.8,0.0,125.8,0.6290,0.6290,OK
sirius,tpch,1,q16,gpu,17.0000,145.4,0.0,145.4,2.4718,2.4718,OK
sirius,tpch,1,q17,gpu,27.0000,153.5,0.0,153.5,4.1445,4.1445,OK
sirius,tpch,1,q18,gpu,53.0000,276.0,0.0,276.0,14.6280,14.6280,OK
sirius,tpch,1,q19,gpu,9.0000,149.6,0.0,149.6,1.3464,1.3464,OK
sirius,tpch,1,q20,gpu,9.0000,125.2,0.0,125.2,1.1268,1.1268,OK
sirius,tpch,1,q21,gpu,3567.0000,309.4,0.0,309.4,1103.6298,1103.6298,OK
sirius,tpch,1,q22,gpu,7.0000,123.7,0.0,123.7,0.8659,0.8659,OK
sirius,tpch,1,q1,cpu,14.0000,196.1,0.0,196.1,2.7454,2.7454,OK
sirius,tpch,1,q2,cpu,22.0000,128.3,0.0,128.3,2.8226,2.8226,OK
sirius,tpch,1,q3,cpu,7.0000,132.0,0.0,132.0,0.9240,0.9240,OK
sirius,tpch,1,q4,cpu,6.0000,133.6,0.0,133.6,0.8016,0.8016,OK
sirius,tpch,1,q5,cpu,29.0000,161.3,0.0,161.3,4.6777,4.6777,OK
sirius,tpch,1,q6,cpu,2.0000,121.4,0.0,121.4,0.2428,0.2428,OK
sirius,tpch,1,q7,cpu,18.0000,119.7,0.0,119.7,2.1546,2.1546,OK
sirius,tpch,1,q8,cpu,16.0000,129.5,0.0,129.5,2.0720,2.0720,OK
sirius,tpch,1,q9,cpu,428.0000,161.4,0.0,161.4,69.0792,69.0792,OK
sirius,tpch,1,q10,cpu,21.0000,164.3,0.0,164.3,3.4503,3.4503,OK
sirius,tpch,1,q11,cpu,3.0000,121.2,0.0,121.2,0.3636,0.3636,OK
sirius,tpch,1,q12,cpu,7.0000,130.3,0.0,130.3,0.9121,0.9121,OK
sirius,tpch,1,q13,cpu,9.0000,156.5,0.0,156.5,1.4085,1.4085,OK
sirius,tpch,1,q14,cpu,4.0000,126.7,0.0,126.7,0.5068,0.5068,OK
sirius,tpch,1,q15,cpu,5.0000,126.1,0.0,126.1,0.6305,0.6305,OK
sirius,tpch,1,q16,cpu,16.0000,141.6,0.0,141.6,2.2656,2.2656,OK
sirius,tpch,1,q17,cpu,26.0000,153.6,0.0,153.6,3.9936,3.9936,OK
sirius,tpch,1,q18,cpu,53.0000,276.0,0.0,276.0,14.6280,14.6280,OK
sirius,tpch,1,q19,cpu,10.0000,134.7,0.0,134.7,1.3470,1.3470,OK
sirius,tpch,1,q20,cpu,9.0000,125.5,0.0,125.5,1.1295,1.1295,OK
sirius,tpch,1,q21,cpu,3574.0000,309.8,0.0,309.8,1107.2252,1107.2252,OK
sirius,tpch,1,q22,cpu,7.0000,124.0,0.0,124.0,0.8680,0.8680,OK
maximus,tpch,10,q1,gpu,27.8580,324.2,0.0,324.2,9.0316,9.0316,OK
maximus,tpch,10,q2,gpu,5.4730,194.3,0.0,194.3,1.0634,1.0634,OK
maximus,tpch,10,q3,gpu,10.2900,313.2,0.0,313.2,3.2228,3.2228,OK
maximus,tpch,10,q4,gpu,8.9390,311.7,0.0,311.7,2.7863,2.7863,OK
maximus,tpch,10,q5,gpu,18.8050,317.0,0.0,317.0,5.9612,5.9612,OK
maximus,tpch,10,q6,gpu,5.1400,303.7,0.0,303.7,1.5610,1.5610,OK
maximus,tpch,10,q7,gpu,11.7470,303.4,0.0,303.4,3.5640,3.5640,OK
maximus,tpch,10,q8,gpu,13.5520,304.0,0.0,304.0,4.1198,4.1198,OK
maximus,tpch,10,q9,gpu,25.7300,345.2,0.0,345.2,8.8820,8.8820,OK
maximus,tpch,10,q10,gpu,8.8520,315.9,0.0,315.9,2.7963,2.7963,OK
maximus,tpch,10,q11,gpu,12.1090,275.8,0.0,275.8,3.3397,3.3397,OK
maximus,tpch,10,q12,gpu,12.8040,311.2,0.0,311.2,3.9846,3.9846,OK
maximus,tpch,10,q13,gpu,110.6640,437.8,0.0,437.8,48.4487,48.4487,OK
maximus,tpch,10,q14,gpu,8.4430,299.9,0.0,299.9,2.5321,2.5321,OK
maximus,tpch,10,q15,gpu,7.6070,295.3,0.0,295.3,2.2463,2.2463,OK
maximus,tpch,10,q16,gpu,27.2310,286.5,0.0,286.5,7.8017,7.8017,OK
maximus,tpch,10,q17,gpu,12.7240,282.7,0.0,282.7,3.5971,3.5971,OK
maximus,tpch,10,q18,gpu,9.2430,323.4,0.0,323.4,2.9892,2.9892,OK
maximus,tpch,10,q19,gpu,127.9980,388.6,0.0,388.6,49.7400,49.7400,OK
maximus,tpch,10,q20,gpu,14.8290,324.4,0.0,324.4,4.8105,4.8105,OK
maximus,tpch,10,q21,gpu,266.4400,392.4,0.0,392.4,104.5511,104.5511,OK
maximus,tpch,10,q22,gpu,5.4450,218.2,0.0,218.2,1.1881,1.1881,OK
maximus,tpch,10,q1,cpu,44.9420,126.3,0.0,126.3,5.6762,5.6762,OK
maximus,tpch,10,q2,cpu,20.2380,120.3,0.0,120.3,2.4346,2.4346,OK
maximus,tpch,10,q3,cpu,20.0140,120.6,0.0,120.6,2.4137,2.4137,OK
maximus,tpch,10,q4,cpu,15.0430,120.3,0.0,120.3,1.8097,1.8097,OK
maximus,tpch,10,q5,cpu,161.0490,121.0,0.0,121.0,19.4869,19.4869,OK
maximus,tpch,10,q6,cpu,12.1440,120.2,0.0,120.2,1.4597,1.4597,OK
maximus,tpch,10,q7,cpu,39.3690,120.6,0.0,120.6,4.7479,4.7479,OK
maximus,tpch,10,q8,cpu,192.5770,120.5,0.0,120.5,23.2055,23.2055,OK
maximus,tpch,10,q9,cpu,259.7430,121.9,0.0,121.9,31.6627,31.6627,OK
maximus,tpch,10,q10,cpu,18.8990,120.4,0.0,120.4,2.2754,2.2754,OK
maximus,tpch,10,q11,cpu,107.6070,127.6,0.0,127.6,13.7307,13.7307,OK
maximus,tpch,10,q12,cpu,180.2100,121.2,0.0,121.2,21.8415,21.8415,OK
maximus,tpch,10,q13,cpu,123.5530,194.8,0.0,194.8,24.0681,24.0681,OK
maximus,tpch,10,q14,cpu,42.6930,121.4,0.0,121.4,5.1829,5.1829,OK
maximus,tpch,10,q15,cpu,40.1450,120.8,0.0,120.8,4.8495,4.8495,OK
maximus,tpch,10,q16,cpu,121.5100,131.1,0.0,131.1,15.9300,15.9300,OK
maximus,tpch,10,q17,cpu,820.8450,120.8,0.0,120.8,99.1581,99.1581,OK
maximus,tpch,10,q18,cpu,1033.9800,120.5,0.0,120.5,124.5946,124.5946,OK
maximus,tpch,10,q19,cpu,933.6550,129.9,0.0,129.9,121.2818,121.2818,OK
maximus,tpch,10,q20,cpu,146.3570,122.1,0.0,122.1,17.8702,17.8702,OK
maximus,tpch,10,q21,cpu,448.2990,152.8,0.0,152.8,68.5001,68.5001,OK
maximus,tpch,10,q22,cpu,139.9300,122.1,0.0,122.1,17.0855,17.0855,OK
sirius,tpch,10,q1,gpu,65.0000,341.7,0.0,341.7,22.2105,22.2105,OK
sirius,tpch,10,q2,gpu,23.0000,130.2,0.0,130.2,2.9946,2.9946,OK
sirius,tpch,10,q3,gpu,22.0000,173.7,0.0,173.7,3.8214,3.8214,OK
sirius,tpch,10,q4,gpu,19.0000,185.9,0.0,185.9,3.5321,3.5321,OK
sirius,tpch,10,q5,gpu,95.0000,242.7,0.0,242.7,23.0565,23.0565,OK
sirius,tpch,10,q6,gpu,3.0000,140.0,0.0,140.0,0.4200,0.4200,OK
sirius,tpch,10,q7,gpu,33.0000,124.4,0.0,124.4,4.1052,4.1052,OK
sirius,tpch,10,q8,gpu,32.0000,135.8,0.0,135.8,4.3456,4.3456,OK
sirius,tpch,10,q9,gpu,677.0000,154.8,0.0,154.8,104.7996,104.7996,OK
sirius,tpch,10,q10,gpu,42.0000,180.2,0.0,180.2,7.5684,7.5684,OK
sirius,tpch,10,q11,gpu,7.0000,132.6,0.0,132.6,0.9282,0.9282,OK
sirius,tpch,10,q12,gpu,14.0000,153.8,0.0,153.8,2.1532,2.1532,OK
sirius,tpch,10,q13,gpu,44.0000,345.0,0.0,345.0,15.1800,15.1800,OK
sirius,tpch,10,q14,gpu,6.0000,138.2,0.0,138.2,0.8292,0.8292,OK
sirius,tpch,10,q15,gpu,6.0000,129.4,0.0,129.4,0.7764,0.7764,OK
sirius,tpch,10,q16,gpu,51.0000,203.6,0.0,203.6,10.3836,10.3836,OK
sirius,tpch,10,q17,gpu,64.0000,224.6,0.0,224.6,14.3744,14.3744,OK
sirius,tpch,10,q18,gpu,114.0000,308.9,0.0,308.9,35.2146,35.2146,OK
sirius,tpch,10,q19,gpu,21.0000,164.7,0.0,164.7,3.4587,3.4587,OK
sirius,tpch,10,q20,gpu,15.0000,130.5,0.0,130.5,1.9575,1.9575,OK
sirius,tpch,10,q21,gpu,250.0000,310.4,0.0,310.4,77.6000,77.6000,OK
sirius,tpch,10,q22,gpu,13.0000,145.7,0.0,145.7,1.8941,1.8941,OK
sirius,tpch,10,q1,cpu,63.0000,347.4,0.0,347.4,21.8862,21.8862,OK
sirius,tpch,10,q2,cpu,22.0000,129.4,0.0,129.4,2.8468,2.8468,OK
sirius,tpch,10,q3,cpu,22.0000,175.6,0.0,175.6,3.8632,3.8632,OK
sirius,tpch,10,q4,cpu,19.0000,188.4,0.0,188.4,3.5796,3.5796,OK
sirius,tpch,10,q5,cpu,94.0000,240.0,0.0,240.0,22.5600,22.5600,OK
sirius,tpch,10,q6,cpu,4.0000,137.6,0.0,137.6,0.5504,0.5504,OK
sirius,tpch,10,q7,cpu,33.0000,125.0,0.0,125.0,4.1250,4.1250,OK
sirius,tpch,10,q8,cpu,32.0000,136.9,0.0,136.9,4.3808,4.3808,OK
sirius,tpch,10,q9,cpu,678.0000,155.5,0.0,155.5,105.4290,105.4290,OK
sirius,tpch,10,q10,cpu,41.0000,183.4,0.0,183.4,7.5194,7.5194,OK
sirius,tpch,10,q11,cpu,6.0000,133.4,0.0,133.4,0.8004,0.8004,OK
sirius,tpch,10,q12,cpu,14.0000,155.5,0.0,155.5,2.1770,2.1770,OK
sirius,tpch,10,q13,cpu,44.0000,274.9,0.0,274.9,12.0956,12.0956,OK
sirius,tpch,10,q14,cpu,6.0000,134.3,0.0,134.3,0.8058,0.8058,OK
sirius,tpch,10,q15,cpu,6.0000,131.0,0.0,131.0,0.7860,0.7860,OK
sirius,tpch,10,q16,cpu,51.0000,284.5,0.0,284.5,14.5095,14.5095,OK
sirius,tpch,10,q17,cpu,64.0000,225.1,0.0,225.1,14.4064,14.4064,OK
sirius,tpch,10,q18,cpu,114.0000,299.8,0.0,299.8,34.1772,34.1772,OK
sirius,tpch,10,q19,cpu,21.0000,165.8,0.0,165.8,3.4818,3.4818,OK
sirius,tpch,10,q20,cpu,15.0000,128.6,0.0,128.6,1.9290,1.9290,OK
sirius,tpch,10,q21,cpu,251.0000,311.2,0.0,311.2,78.1112,78.1112,OK
sirius,tpch,10,q22,cpu,14.0000,145.9,0.0,145.9,2.0426,2.0426,OK
maximus,h2o,1gb,q1,gpu,4.2970,198.4,0.0,198.4,0.8525,0.8525,OK
maximus,h2o,1gb,q2,gpu,3.7280,228.4,0.0,228.4,0.8515,0.8515,OK
maximus,h2o,1gb,q3,gpu,25.4900,269.3,0.0,269.3,6.8645,6.8645,OK
maximus,h2o,1gb,q4,gpu,4.3120,206.1,0.0,206.1,0.8887,0.8887,OK
maximus,h2o,1gb,q5,gpu,2.6740,228.1,0.0,228.1,0.6099,0.6099,OK
maximus,h2o,1gb,q6,gpu,68.9120,445.6,0.0,445.6,30.7072,30.7072,OK
maximus,h2o,1gb,q7,gpu,17.7690,277.1,0.0,277.1,4.9238,4.9238,OK
maximus,h2o,1gb,q9,gpu,12.4160,340.0,0.0,340.0,4.2214,4.2214,OK
maximus,h2o,1gb,q10,gpu,139.6580,267.1,0.0,267.1,37.3027,37.3027,OK
maximus,h2o,1gb,q1,cpu,38.3530,122.6,0.0,122.6,4.7021,4.7021,OK
maximus,h2o,1gb,q2,cpu,60.4900,122.1,0.0,122.1,7.3858,7.3858,OK
maximus,h2o,1gb,q3,cpu,97.4110,128.3,0.0,128.3,12.4978,12.4978,OK
maximus,h2o,1gb,q4,cpu,54.9130,120.9,0.0,120.9,6.6390,6.6390,OK
maximus,h2o,1gb,q5,cpu,53.1000,121.6,0.0,121.6,6.4570,6.4570,OK
maximus,h2o,1gb,q6,cpu,109.4920,169.2,0.0,169.2,18.5260,18.5260,OK
maximus,h2o,1gb,q7,cpu,81.5060,127.9,0.0,127.9,10.4246,10.4246,OK
maximus,h2o,1gb,q9,cpu,15.9580,131.7,0.0,131.7,2.1017,2.1017,OK
maximus,h2o,1gb,q10,cpu,293.9650,148.7,0.0,148.7,43.7126,43.7126,OK
sirius,h2o,1gb,q1,gpu,5.0000,143.6,0.0,143.6,0.7180,0.7180,OK
sirius,h2o,1gb,q2,gpu,4.0000,146.8,0.0,146.8,0.5872,0.5872,OK
sirius,h2o,1gb,q3,gpu,93.0000,160.9,0.0,160.9,14.9637,14.9637,OK
sirius,h2o,1gb,q4,gpu,7.0000,182.9,0.0,182.9,1.2803,1.2803,OK
sirius,h2o,1gb,q5,gpu,5.0000,164.9,0.0,164.9,0.8245,0.8245,OK
sirius,h2o,1gb,q6,gpu,7.0000,176.6,0.0,176.6,1.2362,1.2362,OK
sirius,h2o,1gb,q7,gpu,52.0000,168.1,0.0,168.1,8.7412,8.7412,OK
sirius,h2o,1gb,q9,gpu,17.0000,222.4,0.0,222.4,3.7808,3.7808,OK
sirius,h2o,1gb,q10,gpu,509.0000,136.6,0.0,136.6,69.5294,69.5294,OK
sirius,h2o,1gb,q1,cpu,5.0000,144.6,0.0,144.6,0.7230,0.7230,OK
sirius,h2o,1gb,q2,cpu,4.0000,150.1,0.0,150.1,0.6004,0.6004,OK
sirius,h2o,1gb,q3,cpu,68.0000,161.6,0.0,161.6,10.9888,10.9888,OK
sirius,h2o,1gb,q4,cpu,7.0000,154.1,0.0,154.1,1.0787,1.0787,OK
sirius,h2o,1gb,q5,cpu,6.0000,161.0,0.0,161.0,0.9660,0.9660,OK
sirius,h2o,1gb,q6,cpu,7.0000,175.3,0.0,175.3,1.2271,1.2271,OK
sirius,h2o,1gb,q7,cpu,46.0000,171.0,0.0,171.0,7.8660,7.8660,OK
sirius,h2o,1gb,q9,cpu,17.0000,225.3,0.0,225.3,3.8301,3.8301,OK
sirius,h2o,1gb,q10,cpu,496.0000,135.5,0.0,135.5,67.2080,67.2080,OK
maximus,h2o,2gb,q1,gpu,8.0240,255.6,0.0,255.6,2.0509,2.0509,OK
maximus,h2o,2gb,q2,gpu,6.9610,289.4,0.0,289.4,2.0145,2.0145,OK
maximus,h2o,2gb,q3,gpu,36.3530,308.3,0.0,308.3,11.2076,11.2076,OK
maximus,h2o,2gb,q4,gpu,8.1750,262.5,0.0,262.5,2.1459,2.1459,OK
maximus,h2o,2gb,q5,gpu,4.9930,285.1,0.0,285.1,1.4235,1.4235,OK
maximus,h2o,2gb,q6,gpu,150.9400,443.1,0.0,443.1,66.8815,66.8815,OK
maximus,h2o,2gb,q7,gpu,26.1830,315.7,0.0,315.7,8.2660,8.2660,OK
maximus,h2o,2gb,q9,gpu,24.0710,395.2,0.0,395.2,9.5129,9.5129,OK
maximus,h2o,2gb,q10,gpu,283.6510,274.1,0.0,274.1,77.7487,77.7487,OK
maximus,h2o,2gb,q1,cpu,75.0110,122.4,0.0,122.4,9.1813,9.1813,OK
maximus,h2o,2gb,q2,cpu,120.0720,121.9,0.0,121.9,14.6368,14.6368,OK
maximus,h2o,2gb,q3,cpu,179.8120,127.0,0.0,127.0,22.8361,22.8361,OK
maximus,h2o,2gb,q4,cpu,110.5020,120.9,0.0,120.9,13.3597,13.3597,OK
maximus,h2o,2gb,q5,cpu,107.5920,121.8,0.0,121.8,13.1047,13.1047,OK
maximus,h2o,2gb,q6,cpu,234.9670,171.1,0.0,171.1,40.2029,40.2029,OK
maximus,h2o,2gb,q7,cpu,149.8290,127.2,0.0,127.2,19.0582,19.0582,OK
maximus,h2o,2gb,q9,cpu,31.2640,132.5,0.0,132.5,4.1425,4.1425,OK
maximus,h2o,2gb,q10,cpu,576.7370,148.7,0.0,148.7,85.7608,85.7608,OK
sirius,h2o,2gb,q1,gpu,8.0000,162.3,0.0,162.3,1.2984,1.2984,OK
sirius,h2o,2gb,q2,gpu,8.0000,170.0,0.0,170.0,1.3600,1.3600,OK
sirius,h2o,2gb,q3,gpu,86.0000,176.3,0.0,176.3,15.1618,15.1618,OK
sirius,h2o,2gb,q4,gpu,13.0000,186.6,0.0,186.6,2.4258,2.4258,OK
sirius,h2o,2gb,q5,gpu,9.0000,195.6,0.0,195.6,1.7604,1.7604,OK
sirius,h2o,2gb,q6,gpu,13.0000,221.6,0.0,221.6,2.8808,2.8808,OK
sirius,h2o,2gb,q7,gpu,60.0000,188.4,0.0,188.4,11.3040,11.3040,OK
sirius,h2o,2gb,q9,gpu,30.0000,261.2,0.0,261.2,7.8360,7.8360,OK
sirius,h2o,2gb,q10,gpu,1249.0000,136.4,0.0,136.4,170.3636,170.3636,OK
sirius,h2o,2gb,q1,cpu,8.0000,161.3,0.0,161.3,1.2904,1.2904,OK
sirius,h2o,2gb,q2,cpu,8.0000,177.5,0.0,177.5,1.4200,1.4200,OK
sirius,h2o,2gb,q3,cpu,84.0000,174.0,0.0,174.0,14.6160,14.6160,OK
sirius,h2o,2gb,q4,cpu,12.0000,185.3,0.0,185.3,2.2236,2.2236,OK
sirius,h2o,2gb,q5,cpu,10.0000,200.8,0.0,200.8,2.0080,2.0080,OK
sirius,h2o,2gb,q6,cpu,13.0000,221.6,0.0,221.6,2.8808,2.8808,OK
sirius,h2o,2gb,q7,cpu,60.0000,192.5,0.0,192.5,11.5500,11.5500,OK
sirius,h2o,2gb,q9,cpu,29.0000,309.0,0.0,309.0,8.9610,8.9610,OK
sirius,h2o,2gb,q10,cpu,1233.0000,136.4,0.0,136.4,168.1812,168.1812,OK
maximus,h2o,3gb,q1,gpu,11.8990,280.2,0.0,280.2,3.3341,3.3341,OK
maximus,h2o,3gb,q2,gpu,10.2250,324.0,0.0,324.0,3.3129,3.3129,OK
maximus,h2o,3gb,q3,gpu,46.3080,331.8,0.0,331.8,15.3650,15.3650,OK
maximus,h2o,3gb,q4,gpu,12.1000,285.0,0.0,285.0,3.4485,3.4485,OK
maximus,h2o,3gb,q5,gpu,7.3180,324.2,0.0,324.2,2.3725,2.3725,OK
maximus,h2o,3gb,q6,gpu,238.4050,436.3,0.0,436.3,104.0161,104.0161,OK
maximus,h2o,3gb,q7,gpu,34.1210,335.2,0.0,335.2,11.4374,11.4374,OK
maximus,h2o,3gb,q9,gpu,34.6050,420.1,0.0,420.1,14.5376,14.5376,OK
maximus,h2o,3gb,q10,gpu,427.8560,276.5,0.0,276.5,118.3022,118.3022,OK
maximus,h2o,3gb,q1,cpu,113.9550,122.3,0.0,122.3,13.9367,13.9367,OK
maximus,h2o,3gb,q2,cpu,181.0190,122.3,0.0,122.3,22.1386,22.1386,OK
maximus,h2o,3gb,q3,cpu,262.1360,126.8,0.0,126.8,33.2388,33.2388,OK
maximus,h2o,3gb,q4,cpu,167.7080,121.4,0.0,121.4,20.3598,20.3598,OK
maximus,h2o,3gb,q5,cpu,161.1790,121.9,0.0,121.9,19.6477,19.6477,OK
maximus,h2o,3gb,q6,cpu,364.2190,171.1,0.0,171.1,62.3179,62.3179,OK
maximus,h2o,3gb,q7,cpu,221.6780,126.4,0.0,126.4,28.0201,28.0201,OK
maximus,h2o,3gb,q9,cpu,46.5810,132.4,0.0,132.4,6.1673,6.1673,OK
maximus,h2o,3gb,q10,cpu,945.2680,146.3,0.0,146.3,138.2927,138.2927,OK
sirius,h2o,3gb,q1,gpu,11.0000,174.1,0.0,174.1,1.9151,1.9151,OK
sirius,h2o,3gb,q2,gpu,11.0000,193.2,0.0,193.2,2.1252,2.1252,OK
sirius,h2o,3gb,q3,gpu,93.0000,188.6,0.0,188.6,17.5398,17.5398,OK
sirius,h2o,3gb,q4,gpu,17.0000,203.7,0.0,203.7,3.4629,3.4629,OK
sirius,h2o,3gb,q5,gpu,13.0000,223.3,0.0,223.3,2.9029,2.9029,OK
sirius,h2o,3gb,q6,gpu,19.0000,249.5,0.0,249.5,4.7405,4.7405,OK
sirius,h2o,3gb,q7,gpu,69.0000,202.0,0.0,202.0,13.9380,13.9380,OK
sirius,h2o,3gb,q9,gpu,43.0000,282.2,0.0,282.2,12.1346,12.1346,OK
sirius,h2o,3gb,q10,gpu,1967.0000,140.7,0.0,140.7,276.7569,276.7569,OK
sirius,h2o,3gb,q1,cpu,11.0000,223.7,0.0,223.7,2.4607,2.4607,OK
sirius,h2o,3gb,q2,cpu,11.0000,194.6,0.0,194.6,2.1406,2.1406,OK
sirius,h2o,3gb,q3,cpu,109.0000,184.5,0.0,184.5,20.1105,20.1105,OK
sirius,h2o,3gb,q4,cpu,18.0000,205.2,0.0,205.2,3.6936,3.6936,OK
sirius,h2o,3gb,q5,cpu,13.0000,226.2,0.0,226.2,2.9406,2.9406,OK
sirius,h2o,3gb,q6,cpu,18.0000,251.3,0.0,251.3,4.5234,4.5234,OK
sirius,h2o,3gb,q7,cpu,71.0000,205.6,0.0,205.6,14.5976,14.5976,OK
sirius,h2o,3gb,q9,cpu,43.0000,279.5,0.0,279.5,12.0185,12.0185,OK
sirius,h2o,3gb,q10,cpu,1699.0000,135.8,0.0,135.8,230.7242,230.7242,OK
maximus,h2o,4gb,q1,gpu,15.9400,290.3,0.0,290.3,4.6274,4.6274,OK
maximus,h2o,4gb,q2,gpu,13.3220,349.5,0.0,349.5,4.6560,4.6560,OK
maximus,h2o,4gb,q3,gpu,57.4690,338.4,0.0,338.4,19.4475,19.4475,OK
maximus,h2o,4gb,q4,gpu,16.0010,296.6,0.0,296.6,4.7459,4.7459,OK
maximus,h2o,4gb,q5,gpu,9.5650,357.3,0.0,357.3,3.4176,3.4176,OK
maximus,h2o,4gb,q6,gpu,326.9820,433.1,0.0,433.1,141.6159,141.6159,OK
maximus,h2o,4gb,q7,gpu,42.1750,347.5,0.0,347.5,14.6558,14.6558,OK
maximus,h2o,4gb,q9,gpu,45.0360,432.6,0.0,432.6,19.4826,19.4826,OK
maximus,h2o,4gb,q10,gpu,566.4810,281.3,0.0,281.3,159.3511,159.3511,OK
maximus,h2o,4gb,q1,cpu,149.5560,122.2,0.0,122.2,18.2757,18.2757,OK
maximus,h2o,4gb,q2,cpu,241.6550,122.0,0.0,122.0,29.4819,29.4819,OK
maximus,h2o,4gb,q3,cpu,348.8540,126.3,0.0,126.3,44.0603,44.0603,OK
maximus,h2o,4gb,q4,cpu,226.2200,121.3,0.0,121.3,27.4405,27.4405,OK
maximus,h2o,4gb,q5,cpu,215.4970,121.9,0.0,121.9,26.2691,26.2691,OK
maximus,h2o,4gb,q6,cpu,494.7630,170.7,0.0,170.7,84.4560,84.4560,OK
maximus,h2o,4gb,q7,cpu,293.5670,126.5,0.0,126.5,37.1362,37.1362,OK
maximus,h2o,4gb,q9,cpu,59.8990,132.6,0.0,132.6,7.9426,7.9426,OK
maximus,h2o,4gb,q10,cpu,1337.3620,143.7,0.0,143.7,192.1789,192.1789,OK
sirius,h2o,4gb,q1,gpu,14.0000,184.8,0.0,184.8,2.5872,2.5872,OK
sirius,h2o,4gb,q2,gpu,14.0000,203.7,0.0,203.7,2.8518,2.8518,OK
sirius,h2o,4gb,q3,gpu,105.0000,193.6,0.0,193.6,20.3280,20.3280,OK
sirius,h2o,4gb,q4,gpu,24.0000,214.6,0.0,214.6,5.1504,5.1504,OK
sirius,h2o,4gb,q5,gpu,17.0000,241.4,0.0,241.4,4.1038,4.1038,OK
sirius,h2o,4gb,q6,gpu,25.0000,263.2,0.0,263.2,6.5800,6.5800,OK
sirius,h2o,4gb,q7,gpu,76.0000,207.8,0.0,207.8,15.7928,15.7928,OK
sirius,h2o,4gb,q9,gpu,55.0000,285.3,0.0,285.3,15.6915,15.6915,OK
sirius,h2o,4gb,q10,gpu,2579.0000,136.3,0.0,136.3,351.5177,351.5177,OK
sirius,h2o,4gb,q1,cpu,14.0000,185.7,0.0,185.7,2.5998,2.5998,OK
sirius,h2o,4gb,q2,cpu,14.0000,202.5,0.0,202.5,2.8350,2.8350,OK
sirius,h2o,4gb,q3,cpu,112.0000,192.8,0.0,192.8,21.5936,21.5936,OK
sirius,h2o,4gb,q4,cpu,26.0000,214.6,0.0,214.6,5.5796,5.5796,OK
sirius,h2o,4gb,q5,cpu,17.0000,239.5,0.0,239.5,4.0715,4.0715,OK
sirius,h2o,4gb,q6,cpu,25.0000,267.3,0.0,267.3,6.6825,6.6825,OK
sirius,h2o,4gb,q7,cpu,79.0000,206.4,0.0,206.4,16.3056,16.3056,OK
sirius,h2o,4gb,q9,cpu,55.0000,341.1,0.0,341.1,18.7605,18.7605,OK
sirius,h2o,4gb,q10,cpu,2377.0000,135.4,0.0,135.4,321.8458,321.8458,OK
maximus,clickbench,10,q0,gpu,0.3230,270.7,0.0,270.7,0.0874,0.0874,OK
maximus,clickbench,10,q1,gpu,0.4720,269.9,0.0,269.9,0.1274,0.1274,OK
maximus,clickbench,10,q2,gpu,5.0620,253.9,0.0,253.9,1.2852,1.2852,OK
maximus,clickbench,10,q3,gpu,2.9940,258.1,0.0,258.1,0.7728,0.7728,OK
maximus,clickbench,10,q4,gpu,0.7310,276.9,0.0,276.9,0.2024,0.2024,OK
maximus,clickbench,10,q5,gpu,1.3200,275.3,0.0,275.3,0.3634,0.3634,OK
maximus,clickbench,10,q6,gpu,5.6170,254.1,0.0,254.1,1.4273,1.4273,OK
maximus,clickbench,10,q7,gpu,0.5130,263.9,0.0,263.9,0.1354,0.1354,OK
maximus,clickbench,10,q8,gpu,7.3910,324.6,0.0,324.6,2.3991,2.3991,OK
maximus,clickbench,10,q9,gpu,7.6440,327.5,0.0,327.5,2.5034,2.5034,OK
maximus,clickbench,10,q10,gpu,3.1980,266.8,0.0,266.8,0.8532,0.8532,OK
maximus,clickbench,10,q11,gpu,3.7810,263.4,0.0,263.4,0.9959,0.9959,OK
maximus,clickbench,10,q12,gpu,4.8910,263.1,0.0,263.1,1.2868,1.2868,OK
maximus,clickbench,10,q13,gpu,21.8440,258.4,0.0,258.4,5.6445,5.6445,OK
maximus,clickbench,10,q14,gpu,5.1070,269.6,0.0,269.6,1.3768,1.3768,OK
maximus,clickbench,10,q15,gpu,1.0770,281.2,0.0,281.2,0.3029,0.3029,OK
maximus,clickbench,10,q16,gpu,5.2320,270.3,0.0,270.3,1.4142,1.4142,OK
maximus,clickbench,10,q17,gpu,5.2100,274.1,0.0,274.1,1.4281,1.4281,OK
maximus,clickbench,10,q19,gpu,0.1790,280.0,0.0,280.0,0.0501,0.0501,OK
maximus,clickbench,10,q20,gpu,78.0250,438.3,0.0,438.3,34.1984,34.1984,OK
maximus,clickbench,10,q21,gpu,79.4990,434.6,0.0,434.6,34.5503,34.5503,OK
maximus,clickbench,10,q22,gpu,81.6350,410.5,0.0,410.5,33.5112,33.5112,OK
maximus,clickbench,10,q23,gpu,78.1900,439.0,0.0,439.0,34.3254,34.3254,OK
maximus,clickbench,10,q24,gpu,5.5130,269.4,0.0,269.4,1.4852,1.4852,OK
maximus,clickbench,10,q25,gpu,20.6330,257.1,0.0,257.1,5.3047,5.3047,OK
maximus,clickbench,10,q26,gpu,9.4430,260.4,0.0,260.4,2.4590,2.4590,OK
maximus,clickbench,10,q29,gpu,6.0530,247.2,0.0,247.2,1.4963,1.4963,OK
maximus,clickbench,10,q30,gpu,2.7500,284.3,0.0,284.3,0.7818,0.7818,OK
maximus,clickbench,10,q31,gpu,3.3300,284.9,0.0,284.9,0.9487,0.9487,OK
maximus,clickbench,10,q32,gpu,25.1620,294.1,0.0,294.1,7.4001,7.4001,OK
maximus,clickbench,10,q33,gpu,18.7550,259.9,0.0,259.9,4.8744,4.8744,OK
maximus,clickbench,10,q34,gpu,18.4550,260.2,0.0,260.2,4.8020,4.8020,OK
maximus,clickbench,10,q35,gpu,0.9420,283.2,0.0,283.2,0.2668,0.2668,OK
maximus,clickbench,10,q36,gpu,1.2810,282.7,0.0,282.7,0.3621,0.3621,OK
maximus,clickbench,10,q37,gpu,1.3050,276.8,0.0,276.8,0.3612,0.3612,OK
maximus,clickbench,10,q38,gpu,0.8880,282.8,0.0,282.8,0.2511,0.2511,OK
maximus,clickbench,10,q39,gpu,0.6310,273.8,0.0,273.8,0.1728,0.1728,OK
maximus,clickbench,10,q40,gpu,1.0090,278.0,0.0,278.0,0.2805,0.2805,OK
maximus,clickbench,10,q41,gpu,0.8910,276.2,0.0,276.2,0.2461,0.2461,OK
sirius,clickbench,10,q0,gpu,1.0000,120.5,0.0,120.5,0.1205,0.1205,OK
sirius,clickbench,10,q1,gpu,1.0000,120.6,0.0,120.6,0.1206,0.1206,OK
sirius,clickbench,10,q2,gpu,2.0000,120.6,0.0,120.6,0.2412,0.2412,OK
sirius,clickbench,10,q3,gpu,1.0000,120.7,0.0,120.7,0.1207,0.1207,OK
sirius,clickbench,10,q4,gpu,2.0000,127.3,0.0,127.3,0.2546,0.2546,OK
sirius,clickbench,10,q5,gpu,22.0000,217.7,0.0,217.7,4.7894,4.7894,OK
sirius,clickbench,10,q6,gpu,1.0000,121.1,0.0,121.1,0.1211,0.1211,OK
sirius,clickbench,10,q7,gpu,2.0000,120.9,0.0,120.9,0.2418,0.2418,OK
sirius,clickbench,10,q8,gpu,9.0000,211.6,0.0,211.6,1.9044,1.9044,OK
sirius,clickbench,10,q9,gpu,9.0000,209.8,0.0,209.8,1.8882,1.8882,OK
sirius,clickbench,10,q10,gpu,5.0000,127.4,0.0,127.4,0.6370,0.6370,OK
sirius,clickbench,10,q11,gpu,5.0000,127.6,0.0,127.6,0.6380,0.6380,OK
sirius,clickbench,10,q12,gpu,4.0000,135.5,0.0,135.5,0.5420,0.5420,OK
sirius,clickbench,10,q13,gpu,21.0000,187.1,0.0,187.1,3.9291,3.9291,OK
sirius,clickbench,10,q14,gpu,4.0000,136.2,0.0,136.2,0.5448,0.5448,OK
sirius,clickbench,10,q15,gpu,2.0000,122.8,0.0,122.8,0.2456,0.2456,OK
sirius,clickbench,10,q16,gpu,5.0000,147.1,0.0,147.1,0.7355,0.7355,OK
sirius,clickbench,10,q17,gpu,4.0000,142.3,0.0,142.3,0.5692,0.5692,OK
sirius,clickbench,10,q19,gpu,1.0000,121.3,0.0,121.3,0.1213,0.1213,OK
sirius,clickbench,10,q20,gpu,5.0000,147.7,0.0,147.7,0.7385,0.7385,OK
sirius,clickbench,10,q21,gpu,7.0000,152.0,0.0,152.0,1.0640,1.0640,OK
sirius,clickbench,10,q22,gpu,15.0000,174.0,0.0,174.0,2.6100,2.6100,OK
sirius,clickbench,10,q23,gpu,7.0000,144.9,0.0,144.9,1.0143,1.0143,OK
sirius,clickbench,10,q24,gpu,2.0000,121.9,0.0,121.9,0.2438,0.2438,OK
sirius,clickbench,10,q25,gpu,19.0000,184.3,0.0,184.3,3.5017,3.5017,OK
sirius,clickbench,10,q26,gpu,8.0000,142.1,0.0,142.1,1.1368,1.1368,OK
sirius,clickbench,10,q29,gpu,33.0000,120.5,0.0,120.5,3.9765,3.9765,OK
sirius,clickbench,10,q30,gpu,3.0000,128.1,0.0,128.1,0.3843,0.3843,OK
sirius,clickbench,10,q31,gpu,3.0000,129.2,0.0,129.2,0.3876,0.3876,OK
sirius,clickbench,10,q32,gpu,6.0000,172.5,0.0,172.5,1.0350,1.0350,OK
sirius,clickbench,10,q33,gpu,8.0000,177.3,0.0,177.3,1.4184,1.4184,OK
sirius,clickbench,10,q34,gpu,9.0000,178.7,0.0,178.7,1.6083,1.6083,OK
sirius,clickbench,10,q35,gpu,4.0000,137.3,0.0,137.3,0.5492,0.5492,OK
sirius,clickbench,10,q36,gpu,3.0000,128.6,0.0,128.6,0.3858,0.3858,OK
sirius,clickbench,10,q37,gpu,2.0000,124.9,0.0,124.9,0.2498,0.2498,OK
sirius,clickbench,10,q38,gpu,3.0000,121.1,0.0,121.1,0.3633,0.3633,OK
sirius,clickbench,10,q39,gpu,6.0000,133.9,0.0,133.9,0.8034,0.8034,OK
sirius,clickbench,10,q40,gpu,3.0000,121.3,0.0,121.3,0.3639,0.3639,OK
sirius,clickbench,10,q41,gpu,2.0000,120.8,0.0,120.8,0.2416,0.2416,OK
sirius,clickbench,10,q0,cpu,1.0000,120.2,0.0,120.2,0.1202,0.1202,OK
sirius,clickbench,10,q1,cpu,1.0000,120.4,0.0,120.4,0.1204,0.1204,OK
sirius,clickbench,10,q2,cpu,2.0000,120.9,0.0,120.9,0.2418,0.2418,OK
sirius,clickbench,10,q3,cpu,1.0000,120.5,0.0,120.5,0.1205,0.1205,OK
sirius,clickbench,10,q4,cpu,1.0000,121.1,0.0,121.1,0.1211,0.1211,OK
sirius,clickbench,10,q5,cpu,22.0000,217.6,0.0,217.6,4.7872,4.7872,OK
sirius,clickbench,10,q6,cpu,2.0000,120.9,0.0,120.9,0.2418,0.2418,OK
sirius,clickbench,10,q7,cpu,2.0000,120.6,0.0,120.6,0.2412,0.2412,OK
sirius,clickbench,10,q8,cpu,9.0000,208.5,0.0,208.5,1.8765,1.8765,OK
sirius,clickbench,10,q9,cpu,10.0000,212.6,0.0,212.6,2.1260,2.1260,OK
sirius,clickbench,10,q10,cpu,4.0000,127.6,0.0,127.6,0.5104,0.5104,OK
sirius,clickbench,10,q11,cpu,5.0000,127.0,0.0,127.0,0.6350,0.6350,OK
sirius,clickbench,10,q12,cpu,3.0000,136.9,0.0,136.9,0.4107,0.4107,OK
sirius,clickbench,10,q13,cpu,20.0000,187.2,0.0,187.2,3.7440,3.7440,OK
sirius,clickbench,10,q14,cpu,5.0000,138.7,0.0,138.7,0.6935,0.6935,OK
sirius,clickbench,10,q15,cpu,2.0000,131.4,0.0,131.4,0.2628,0.2628,OK
sirius,clickbench,10,q16,cpu,5.0000,150.2,0.0,150.2,0.7510,0.7510,OK
sirius,clickbench,10,q17,cpu,4.0000,138.8,0.0,138.8,0.5552,0.5552,OK
sirius,clickbench,10,q19,cpu,1.0000,120.8,0.0,120.8,0.1208,0.1208,OK
sirius,clickbench,10,q20,cpu,5.0000,147.2,0.0,147.2,0.7360,0.7360,OK
sirius,clickbench,10,q21,cpu,7.0000,150.9,0.0,150.9,1.0563,1.0563,OK
sirius,clickbench,10,q22,cpu,16.0000,172.8,0.0,172.8,2.7648,2.7648,OK
sirius,clickbench,10,q23,cpu,7.0000,145.9,0.0,145.9,1.0213,1.0213,OK
sirius,clickbench,10,q24,cpu,2.0000,121.5,0.0,121.5,0.2430,0.2430,OK
sirius,clickbench,10,q25,cpu,17.0000,186.4,0.0,186.4,3.1688,3.1688,OK
sirius,clickbench,10,q26,cpu,7.0000,142.1,0.0,142.1,0.9947,0.9947,OK
sirius,clickbench,10,q29,cpu,32.0000,120.1,0.0,120.1,3.8432,3.8432,OK
sirius,clickbench,10,q30,cpu,2.0000,127.5,0.0,127.5,0.2550,0.2550,OK
sirius,clickbench,10,q31,cpu,3.0000,128.5,0.0,128.5,0.3855,0.3855,OK
sirius,clickbench,10,q32,cpu,7.0000,176.2,0.0,176.2,1.2334,1.2334,OK
sirius,clickbench,10,q33,cpu,9.0000,180.5,0.0,180.5,1.6245,1.6245,OK
sirius,clickbench,10,q34,cpu,9.0000,184.6,0.0,184.6,1.6614,1.6614,OK
sirius,clickbench,10,q35,cpu,4.0000,150.2,0.0,150.2,0.6008,0.6008,OK
sirius,clickbench,10,q36,cpu,3.0000,128.2,0.0,128.2,0.3846,0.3846,OK
sirius,clickbench,10,q37,cpu,3.0000,125.8,0.0,125.8,0.3774,0.3774,OK
sirius,clickbench,10,q38,cpu,2.0000,124.3,0.0,124.3,0.2486,0.2486,OK
sirius,clickbench,10,q39,cpu,7.0000,133.2,0.0,133.2,0.9324,0.9324,OK
sirius,clickbench,10,q40,cpu,3.0000,125.4,0.0,125.4,0.3762,0.3762,OK
sirius,clickbench,10,q41,cpu,2.0000,121.0,0.0,121.0,0.2420,0.2420,OK
