category,engine,benchmark,sf,query,storage,n_reps,run3_ms,min_ms,status
full,maximus,tpch,1,q1,gpu,3,9.5090,9.5090,OK
full,maximus,tpch,1,q2,gpu,3,7.9040,7.9040,OK
full,maximus,tpch,1,q3,gpu,3,5.3220,5.3220,OK
full,maximus,tpch,1,q4,gpu,3,4.1740,4.1740,OK
full,maximus,tpch,1,q5,gpu,3,50.6470,50.6030,OK
full,maximus,tpch,1,q6,gpu,3,1.9750,1.9750,OK
full,maximus,tpch,1,q7,gpu,3,17.2350,17.2350,OK
full,maximus,tpch,1,q8,gpu,3,48.8360,48.8360,OK
full,maximus,tpch,1,q9,gpu,3,127.1280,126.8440,OK
full,maximus,tpch,1,q10,gpu,3,5.0240,5.0240,OK
full,maximus,tpch,1,q11,gpu,3,11.3000,11.3000,OK
full,maximus,tpch,1,q12,gpu,3,5.7780,5.7780,OK
full,maximus,tpch,1,q13,gpu,3,46.9920,46.9920,OK
full,maximus,tpch,1,q14,gpu,3,4.8930,4.8930,OK
full,maximus,tpch,1,q15,gpu,3,3.9370,3.9370,OK
full,maximus,tpch,1,q16,gpu,3,37.3840,37.3840,OK
full,maximus,tpch,1,q17,gpu,3,6.7910,6.7910,OK
full,maximus,tpch,1,q18,gpu,3,18.1500,18.1500,OK
full,maximus,tpch,1,q19,gpu,3,104.2960,104.2300,OK
full,maximus,tpch,1,q20,gpu,3,7.4800,7.4800,OK
full,maximus,tpch,1,q21,gpu,0,,,OOM
full,maximus,tpch,1,q22,gpu,3,4.1690,4.1690,OK
full,maximus,tpch,1,q1,cpu,3,14.5120,14.5120,OK
full,maximus,tpch,1,q2,cpu,3,8.5400,8.5400,OK
full,maximus,tpch,1,q3,cpu,3,8.0620,8.0620,OK
full,maximus,tpch,1,q4,cpu,3,6.0670,6.0670,OK
full,maximus,tpch,1,q5,cpu,3,94.0190,94.0190,OK
full,maximus,tpch,1,q6,cpu,3,4.2600,4.2600,OK
full,maximus,tpch,1,q7,cpu,3,20.3660,20.3660,OK
full,maximus,tpch,1,q8,cpu,3,103.9890,103.9890,OK
full,maximus,tpch,1,q9,cpu,3,192.8350,192.8350,OK
full,maximus,tpch,1,q10,cpu,3,8.3970,8.0830,OK
full,maximus,tpch,1,q11,cpu,3,12.7850,12.7850,OK
full,maximus,tpch,1,q12,cpu,3,18.1630,18.1480,OK
full,maximus,tpch,1,q13,cpu,3,49.3160,49.3160,OK
full,maximus,tpch,1,q14,cpu,3,15.9040,15.9040,OK
full,maximus,tpch,1,q15,cpu,3,14.0660,14.0660,OK
full,maximus,tpch,1,q16,cpu,3,39.2640,39.1030,OK
full,maximus,tpch,1,q17,cpu,3,194.0870,193.7630,OK
full,maximus,tpch,1,q18,cpu,3,209.2130,208.7520,OK
full,maximus,tpch,1,q19,cpu,3,292.5480,291.3850,OK
full,maximus,tpch,1,q20,cpu,3,20.6260,20.5050,OK
full,maximus,tpch,1,q21,cpu,0,,,OOM
full,maximus,tpch,1,q22,cpu,3,6.4610,6.4610,OK
full,sirius,tpch,1,q1,gpu,3,14.0000,14.0000,OK
full,sirius,tpch,1,q2,gpu,3,23.0000,22.0000,OK
full,sirius,tpch,1,q3,gpu,3,8.0000,7.0000,OK
full,sirius,tpch,1,q4,gpu,3,7.0000,6.0000,OK
full,sirius,tpch,1,q5,gpu,3,29.0000,29.0000,OK
full,sirius,tpch,1,q6,gpu,3,2.0000,1.0000,OK
full,sirius,tpch,1,q7,gpu,3,18.0000,18.0000,OK
full,sirius,tpch,1,q8,gpu,3,17.0000,15.0000,OK
full,sirius,tpch,1,q9,gpu,3,427.0000,421.0000,OK
full,sirius,tpch,1,q10,gpu,3,21.0000,20.0000,OK
full,sirius,tpch,1,q11,gpu,3,3.0000,3.0000,OK
full,sirius,tpch,1,q12,gpu,3,7.0000,7.0000,OK
full,sirius,tpch,1,q13,gpu,3,10.0000,9.0000,OK
full,sirius,tpch,1,q14,gpu,3,3.0000,3.0000,OK
full,sirius,tpch,1,q15,gpu,3,5.0000,5.0000,OK
full,sirius,tpch,1,q16,gpu,3,17.0000,17.0000,OK
full,sirius,tpch,1,q17,gpu,3,27.0000,27.0000,OK
full,sirius,tpch,1,q18,gpu,3,53.0000,53.0000,OK
full,sirius,tpch,1,q19,gpu,3,9.0000,9.0000,OK
full,sirius,tpch,1,q20,gpu,3,9.0000,9.0000,OK
full,sirius,tpch,1,q21,gpu,3,3567.0000,3567.0000,OK
full,sirius,tpch,1,q22,gpu,3,7.0000,7.0000,OK
full,sirius,tpch,1,q1,cpu,3,14.0000,14.0000,OK
full,sirius,tpch,1,q2,cpu,3,22.0000,22.0000,OK
full,sirius,tpch,1,q3,cpu,3,7.0000,7.0000,OK
full,sirius,tpch,1,q4,cpu,3,6.0000,6.0000,OK
full,sirius,tpch,1,q5,cpu,3,29.0000,29.0000,OK
full,sirius,tpch,1,q6,cpu,3,2.0000,2.0000,OK
full,sirius,tpch,1,q7,cpu,3,18.0000,18.0000,OK
full,sirius,tpch,1,q8,cpu,3,16.0000,16.0000,OK
full,sirius,tpch,1,q9,cpu,3,428.0000,422.0000,OK
full,sirius,tpch,1,q10,cpu,3,21.0000,21.0000,OK
full,sirius,tpch,1,q11,cpu,3,3.0000,3.0000,OK
full,sirius,tpch,1,q12,cpu,3,7.0000,7.0000,OK
full,sirius,tpch,1,q13,cpu,3,9.0000,9.0000,OK
full,sirius,tpch,1,q14,cpu,3,4.0000,3.0000,OK
full,sirius,tpch,1,q15,cpu,3,5.0000,4.0000,OK
full,sirius,tpch,1,q16,cpu,3,16.0000,16.0000,OK
full,sirius,tpch,1,q17,cpu,3,26.0000,26.0000,OK
full,sirius,tpch,1,q18,cpu,3,53.0000,53.0000,OK
full,sirius,tpch,1,q19,cpu,3,10.0000,9.0000,OK
full,sirius,tpch,1,q20,cpu,3,9.0000,9.0000,OK
full,sirius,tpch,1,q21,cpu,3,3574.0000,3574.0000,OK
full,sirius,tpch,1,q22,cpu,3,7.0000,7.0000,OK
full,maximus,tpch,10,q1,gpu,3,27.8580,27.8580,OK
full,maximus,tpch,10,q2,gpu,3,5.4730,5.4730,OK
full,maximus,tpch,10,q3,gpu,3,10.2900,10.2900,OK
full,maximus,tpch,10,q4,gpu,3,8.9390,8.9390,OK
full,maximus,tpch,10,q5,gpu,3,18.8050,18.8050,OK
full,maximus,tpch,10,q6,gpu,3,5.1400,5.1400,OK
full,maximus,tpch,10,q7,gpu,3,11.7470,11.7470,OK
full,maximus,tpch,10,q8,gpu,3,13.5520,13.5520,OK
full,maximus,tpch,10,q9,gpu,3,25.7300,25.7300,OK
full,maximus,tpch,10,q10,gpu,3,8.8520,8.8520,OK
full,maximus,tpch,10,q11,gpu,3,12.1090,12.1090,OK
full,maximus,tpch,10,q12,gpu,3,12.8040,12.8040,OK
full,maximus,tpch,10,q13,gpu,3,110.6640,110.4800,OK
full,maximus,tpch,10,q14,gpu,3,8.4430,8.4430,OK
full,maximus,tpch,10,q15,gpu,3,7.6070,7.6070,OK
full,maximus,tpch,10,q16,gpu,3,27.2310,27.1560,OK
full,maximus,tpch,10,q17,gpu,3,12.7240,12.7240,OK
full,maximus,tpch,10,q18,gpu,3,9.2430,9.2430,OK
full,maximus,tpch,10,q19,gpu,3,127.9980,127.9820,OK
full,maximus,tpch,10,q20,gpu,3,14.8290,14.8240,OK
full,maximus,tpch,10,q21,gpu,3,266.4400,266.4400,OK
full,maximus,tpch,10,q22,gpu,3,5.4450,5.4450,OK
full,maximus,tpch,10,q1,cpu,3,44.9420,44.9420,OK
full,maximus,tpch,10,q2,cpu,3,20.2380,20.2380,OK
full,maximus,tpch,10,q3,cpu,3,20.0140,19.5980,OK
full,maximus,tpch,10,q4,cpu,3,15.0430,15.0240,OK
full,maximus,tpch,10,q5,cpu,3,161.0490,161.0330,OK
full,maximus,tpch,10,q6,cpu,3,12.1440,12.1440,OK
full,maximus,tpch,10,q7,cpu,3,39.3690,39.2890,OK
full,maximus,tpch,10,q8,cpu,3,192.5770,192.5770,OK
full,maximus,tpch,10,q9,cpu,3,259.7430,259.7430,OK
full,maximus,tpch,10,q10,cpu,3,18.8990,18.6940,OK
full,maximus,tpch,10,q11,cpu,3,107.6070,107.5080,OK
full,maximus,tpch,10,q12,cpu,3,180.2100,179.7730,OK
full,maximus,tpch,10,q13,cpu,3,123.5530,123.5040,OK
full,maximus,tpch,10,q14,cpu,3,42.6930,42.4910,OK
full,maximus,tpch,10,q15,cpu,3,40.1450,40.1450,OK
full,maximus,tpch,10,q16,cpu,3,121.5100,121.5100,OK
full,maximus,tpch,10,q17,cpu,3,820.8450,820.8450,OK
full,maximus,tpch,10,q18,cpu,3,1033.9800,1033.9800,OK
full,maximus,tpch,10,q19,cpu,3,933.6550,933.6550,OK
full,maximus,tpch,10,q20,cpu,3,146.3570,145.7830,OK
full,maximus,tpch,10,q21,cpu,3,448.2990,448.2990,OK
full,maximus,tpch,10,q22,cpu,3,139.9300,139.8970,OK
full,sirius,tpch,10,q1,gpu,3,65.0000,65.0000,OK
full,sirius,tpch,10,q2,gpu,3,23.0000,21.0000,OK
full,sirius,tpch,10,q3,gpu,3,22.0000,22.0000,OK
full,sirius,tpch,10,q4,gpu,3,19.0000,19.0000,OK
full,sirius,tpch,10,q5,gpu,3,95.0000,94.0000,OK
full,sirius,tpch,10,q6,gpu,3,3.0000,3.0000,OK
full,sirius,tpch,10,q7,gpu,3,33.0000,33.0000,OK
full,sirius,tpch,10,q8,gpu,3,32.0000,32.0000,OK
full,sirius,tpch,10,q9,gpu,3,677.0000,672.0000,OK
full,sirius,tpch,10,q10,gpu,3,42.0000,41.0000,OK
full,sirius,tpch,10,q11,gpu,3,7.0000,6.0000,OK
full,sirius,tpch,10,q12,gpu,3,14.0000,14.0000,OK
full,sirius,tpch,10,q13,gpu,3,44.0000,44.0000,OK
full,sirius,tpch,10,q14,gpu,3,6.0000,6.0000,OK
full,sirius,tpch,10,q15,gpu,3,6.0000,6.0000,OK
full,sirius,tpch,10,q16,gpu,3,51.0000,51.0000,OK
full,sirius,tpch,10,q17,gpu,3,64.0000,63.0000,OK
full,sirius,tpch,10,q18,gpu,3,114.0000,114.0000,OK
full,sirius,tpch,10,q19,gpu,3,21.0000,21.0000,OK
full,sirius,tpch,10,q20,gpu,3,15.0000,15.0000,OK
full,sirius,tpch,10,q21,gpu,3,250.0000,250.0000,OK
full,sirius,tpch,10,q22,gpu,3,13.0000,13.0000,OK
full,sirius,tpch,10,q1,cpu,3,63.0000,63.0000,OK
full,sirius,tpch,10,q2,cpu,3,22.0000,22.0000,OK
full,sirius,tpch,10,q3,cpu,3,22.0000,21.0000,OK
full,sirius,tpch,10,q4,cpu,3,19.0000,19.0000,OK
full,sirius,tpch,10,q5,cpu,3,94.0000,94.0000,OK
full,sirius,tpch,10,q6,cpu,3,4.0000,3.0000,OK
full,sirius,tpch,10,q7,cpu,3,33.0000,33.0000,OK
full,sirius,tpch,10,q8,cpu,3,32.0000,32.0000,OK
full,sirius,tpch,10,q9,cpu,3,678.0000,662.0000,OK
full,sirius,tpch,10,q10,cpu,3,41.0000,41.0000,OK
full,sirius,tpch,10,q11,cpu,3,6.0000,6.0000,OK
full,sirius,tpch,10,q12,cpu,3,14.0000,14.0000,OK
full,sirius,tpch,10,q13,cpu,3,44.0000,44.0000,OK
full,sirius,tpch,10,q14,cpu,3,6.0000,6.0000,OK
full,sirius,tpch,10,q15,cpu,3,6.0000,6.0000,OK
full,sirius,tpch,10,q16,cpu,3,51.0000,51.0000,OK
full,sirius,tpch,10,q17,cpu,3,64.0000,63.0000,OK
full,sirius,tpch,10,q18,cpu,3,114.0000,114.0000,OK
full,sirius,tpch,10,q19,cpu,3,21.0000,21.0000,OK
full,sirius,tpch,10,q20,cpu,3,15.0000,15.0000,OK
full,sirius,tpch,10,q21,cpu,3,251.0000,251.0000,OK
full,sirius,tpch,10,q22,cpu,3,14.0000,13.0000,OK
full,maximus,h2o,1gb,q1,gpu,3,4.2970,4.2970,OK
full,maximus,h2o,1gb,q2,gpu,3,3.7280,3.7280,OK
full,maximus,h2o,1gb,q3,gpu,3,25.4900,25.4900,OK
full,maximus,h2o,1gb,q4,gpu,3,4.3120,4.3120,OK
full,maximus,h2o,1gb,q5,gpu,3,2.6740,2.6740,OK
full,maximus,h2o,1gb,q6,gpu,3,68.9120,68.9120,OK
full,maximus,h2o,1gb,q7,gpu,3,17.7690,17.7690,OK
full,maximus,h2o,1gb,q9,gpu,3,12.4160,12.4160,OK
full,maximus,h2o,1gb,q10,gpu,3,139.6580,139.6580,OK
full,maximus,h2o,1gb,q1,cpu,3,38.3530,38.1360,OK
full,maximus,h2o,1gb,q2,cpu,3,60.4900,60.4900,OK
full,maximus,h2o,1gb,q3,cpu,3,97.4110,97.2910,OK
full,maximus,h2o,1gb,q4,cpu,3,54.9130,54.9130,OK
full,maximus,h2o,1gb,q5,cpu,3,53.1000,53.1000,OK
full,maximus,h2o,1gb,q6,cpu,3,109.4920,109.4920,OK
full,maximus,h2o,1gb,q7,cpu,3,81.5060,80.9850,OK
full,maximus,h2o,1gb,q9,cpu,3,15.9580,15.9580,OK
full,maximus,h2o,1gb,q10,cpu,3,293.9650,293.9650,OK
full,sirius,h2o,1gb,q1,gpu,3,5.0000,5.0000,OK
full,sirius,h2o,1gb,q2,gpu,3,4.0000,4.0000,OK
full,sirius,h2o,1gb,q3,gpu,3,93.0000,76.0000,OK
full,sirius,h2o,1gb,q4,gpu,3,7.0000,7.0000,OK
full,sirius,h2o,1gb,q5,gpu,3,5.0000,5.0000,OK
full,sirius,h2o,1gb,q6,gpu,3,7.0000,7.0000,OK
full,sirius,h2o,1gb,q7,gpu,3,52.0000,50.0000,OK
full,sirius,h2o,1gb,q9,gpu,3,17.0000,17.0000,OK
full,sirius,h2o,1gb,q10,gpu,3,509.0000,506.0000,OK
full,sirius,h2o,1gb,q1,cpu,3,5.0000,4.0000,OK
full,sirius,h2o,1gb,q2,cpu,3,4.0000,4.0000,OK
full,sirius,h2o,1gb,q3,cpu,3,68.0000,67.0000,OK
full,sirius,h2o,1gb,q4,cpu,3,7.0000,7.0000,OK
full,sirius,h2o,1gb,q5,cpu,3,6.0000,5.0000,OK
full,sirius,h2o,1gb,q6,cpu,3,7.0000,7.0000,OK
full,sirius,h2o,1gb,q7,cpu,3,46.0000,46.0000,OK
full,sirius,h2o,1gb,q9,cpu,3,17.0000,17.0000,OK
full,sirius,h2o,1gb,q10,cpu,3,496.0000,496.0000,OK
full,maximus,h2o,2gb,q1,gpu,3,8.0240,8.0240,OK
full,maximus,h2o,2gb,q2,gpu,3,6.9610,6.9610,OK
full,maximus,h2o,2gb,q3,gpu,3,36.3530,36.3530,OK
full,maximus,h2o,2gb,q4,gpu,3,8.1750,8.1750,OK
full,maximus,h2o,2gb,q5,gpu,3,4.9930,4.9930,OK
full,maximus,h2o,2gb,q6,gpu,3,150.9400,150.9400,OK
full,maximus,h2o,2gb,q7,gpu,3,26.1830,26.1830,OK
full,maximus,h2o,2gb,q9,gpu,3,24.0710,22.9830,OK
full,maximus,h2o,2gb,q10,gpu,3,283.6510,283.6200,OK
full,maximus,h2o,2gb,q1,cpu,3,75.0110,74.9410,OK
full,maximus,h2o,2gb,q2,cpu,3,120.0720,120.0720,OK
full,maximus,h2o,2gb,q3,cpu,3,179.8120,179.8120,OK
full,maximus,h2o,2gb,q4,cpu,3,110.5020,110.2160,OK
full,maximus,h2o,2gb,q5,cpu,3,107.5920,107.2950,OK
full,maximus,h2o,2gb,q6,cpu,3,234.9670,234.7250,OK
full,maximus,h2o,2gb,q7,cpu,3,149.8290,149.5630,OK
full,maximus,h2o,2gb,q9,cpu,3,31.2640,30.2520,OK
full,maximus,h2o,2gb,q10,cpu,3,576.7370,567.1410,OK
full,sirius,h2o,2gb,q1,gpu,3,8.0000,8.0000,OK
full,sirius,h2o,2gb,q2,gpu,3,8.0000,7.0000,OK
full,sirius,h2o,2gb,q3,gpu,3,86.0000,83.0000,OK
full,sirius,h2o,2gb,q4,gpu,3,13.0000,13.0000,OK
full,sirius,h2o,2gb,q5,gpu,3,9.0000,9.0000,OK
full,sirius,h2o,2gb,q6,gpu,3,13.0000,13.0000,OK
full,sirius,h2o,2gb,q7,gpu,3,60.0000,60.0000,OK
full,sirius,h2o,2gb,q9,gpu,3,30.0000,30.0000,OK
full,sirius,h2o,2gb,q10,gpu,3,1249.0000,1123.0000,OK
full,sirius,h2o,2gb,q1,cpu,3,8.0000,8.0000,OK
full,sirius,h2o,2gb,q2,cpu,3,8.0000,8.0000,OK
full,sirius,h2o,2gb,q3,cpu,3,84.0000,84.0000,OK
full,sirius,h2o,2gb,q4,cpu,3,12.0000,12.0000,OK
full,sirius,h2o,2gb,q5,cpu,3,10.0000,9.0000,OK
full,sirius,h2o,2gb,q6,cpu,3,13.0000,13.0000,OK
full,sirius,h2o,2gb,q7,cpu,3,60.0000,60.0000,OK
full,sirius,h2o,2gb,q9,cpu,3,29.0000,29.0000,OK
full,sirius,h2o,2gb,q10,cpu,3,1233.0000,1125.0000,OK
full,maximus,h2o,3gb,q1,gpu,3,11.8990,11.8990,OK
full,maximus,h2o,3gb,q2,gpu,3,10.2250,10.0330,OK
full,maximus,h2o,3gb,q3,gpu,3,46.3080,46.3080,OK
full,maximus,h2o,3gb,q4,gpu,3,12.1000,12.1000,OK
full,maximus,h2o,3gb,q5,gpu,3,7.3180,7.3180,OK
full,maximus,h2o,3gb,q6,gpu,3,238.4050,238.4050,OK
full,maximus,h2o,3gb,q7,gpu,3,34.1210,34.1210,OK
full,maximus,h2o,3gb,q9,gpu,3,34.6050,34.6050,OK
full,maximus,h2o,3gb,q10,gpu,3,427.8560,427.8560,OK
full,maximus,h2o,3gb,q1,cpu,3,113.9550,113.9550,OK
full,maximus,h2o,3gb,q2,cpu,3,181.0190,180.8050,OK
full,maximus,h2o,3gb,q3,cpu,3,262.1360,261.6480,OK
full,maximus,h2o,3gb,q4,cpu,3,167.7080,167.0370,OK
full,maximus,h2o,3gb,q5,cpu,3,161.1790,160.8020,OK
full,maximus,h2o,3gb,q6,cpu,3,364.2190,363.8860,OK
full,maximus,h2o,3gb,q7,cpu,3,221.6780,221.6630,OK
full,maximus,h2o,3gb,q9,cpu,3,46.5810,45.5510,OK
full,maximus,h2o,3gb,q10,cpu,3,945.2680,940.0390,OK
full,sirius,h2o,3gb,q1,gpu,3,11.0000,11.0000,OK
full,sirius,h2o,3gb,q2,gpu,3,11.0000,11.0000,OK
full,sirius,h2o,3gb,q3,gpu,3,93.0000,92.0000,OK
full,sirius,h2o,3gb,q4,gpu,3,17.0000,17.0000,OK
full,sirius,h2o,3gb,q5,gpu,3,13.0000,13.0000,OK
full,sirius,h2o,3gb,q6,gpu,3,19.0000,18.0000,OK
full,sirius,h2o,3gb,q7,gpu,3,69.0000,65.0000,OK
full,sirius,h2o,3gb,q9,gpu,3,43.0000,42.0000,OK
full,sirius,h2o,3gb,q10,gpu,3,1967.0000,1698.0000,OK
full,sirius,h2o,3gb,q1,cpu,3,11.0000,11.0000,OK
full,sirius,h2o,3gb,q2,cpu,3,11.0000,11.0000,OK
full,sirius,h2o,3gb,q3,cpu,3,109.0000,95.0000,OK
full,sirius,h2o,3gb,q4,cpu,3,18.0000,18.0000,OK
full,sirius,h2o,3gb,q5,cpu,3,13.0000,13.0000,OK
full,sirius,h2o,3gb,q6,cpu,3,18.0000,18.0000,OK
full,sirius,h2o,3gb,q7,cpu,3,71.0000,68.0000,OK
full,sirius,h2o,3gb,q9,cpu,3,43.0000,42.0000,OK
full,sirius,h2o,3gb,q10,cpu,3,1699.0000,1699.0000,OK
full,maximus,h2o,4gb,q1,gpu,3,15.9400,15.7980,OK
full,maximus,h2o,4gb,q2,gpu,3,13.3220,13.3220,OK
full,maximus,h2o,4gb,q3,gpu,3,57.4690,57.4690,OK
full,maximus,h2o,4gb,q4,gpu,3,16.0010,16.0010,OK
full,maximus,h2o,4gb,q5,gpu,3,9.5650,9.5650,OK
full,maximus,h2o,4gb,q6,gpu,3,326.9820,326.9820,OK
full,maximus,h2o,4gb,q7,gpu,3,42.1750,42.1750,OK
full,maximus,h2o,4gb,q9,gpu,3,45.0360,45.0360,OK
full,maximus,h2o,4gb,q10,gpu,3,566.4810,566.4810,OK
full,maximus,h2o,4gb,q1,cpu,3,149.5560,149.5190,OK
full,maximus,h2o,4gb,q2,cpu,3,241.6550,241.2530,OK
full,maximus,h2o,4gb,q3,cpu,3,348.8540,348.2450,OK
full,maximus,h2o,4gb,q4,cpu,3,226.2200,225.4910,OK
full,maximus,h2o,4gb,q5,cpu,3,215.4970,214.8190,OK
full,maximus,h2o,4gb,q6,cpu,3,494.7630,494.6640,OK
full,maximus,h2o,4gb,q7,cpu,3,293.5670,293.3770,OK
full,maximus,h2o,4gb,q9,cpu,3,59.8990,59.8990,OK
full,maximus,h2o,4gb,q10,cpu,3,1337.3620,1299.8870,OK
full,sirius,h2o,4gb,q1,gpu,3,14.0000,14.0000,OK
full,sirius,h2o,4gb,q2,gpu,3,14.0000,14.0000,OK
full,sirius,h2o,4gb,q3,gpu,3,105.0000,104.0000,OK
full,sirius,h2o,4gb,q4,gpu,3,24.0000,23.0000,OK
full,sirius,h2o,4gb,q5,gpu,3,17.0000,17.0000,OK
full,sirius,h2o,4gb,q6,gpu,3,25.0000,25.0000,OK
full,sirius,h2o,4gb,q7,gpu,3,76.0000,76.0000,OK
full,sirius,h2o,4gb,q9,gpu,3,55.0000,55.0000,OK
full,sirius,h2o,4gb,q10,gpu,3,2579.0000,2579.0000,OK
full,sirius,h2o,4gb,q1,cpu,3,14.0000,14.0000,OK
full,sirius,h2o,4gb,q2,cpu,3,14.0000,14.0000,OK
full,sirius,h2o,4gb,q3,cpu,3,112.0000,111.0000,OK
full,sirius,h2o,4gb,q4,cpu,3,26.0000,23.0000,OK
full,sirius,h2o,4gb,q5,cpu,3,17.0000,17.0000,OK
full,sirius,h2o,4gb,q6,cpu,3,25.0000,25.0000,OK
full,sirius,h2o,4gb,q7,cpu,3,79.0000,76.0000,OK
full,sirius,h2o,4gb,q9,cpu,3,55.0000,55.0000,OK
full,sirius,h2o,4gb,q10,cpu,3,2377.0000,2260.0000,OK
full,maximus,clickbench,10,q0,gpu,3,0.3230,0.3230,OK
full,maximus,clickbench,10,q1,gpu,3,0.4720,0.4720,OK
full,maximus,clickbench,10,q2,gpu,3,5.0620,5.0620,OK
full,maximus,clickbench,10,q3,gpu,3,2.9940,2.9940,OK
full,maximus,clickbench,10,q4,gpu,3,0.7310,0.7310,OK
full,maximus,clickbench,10,q5,gpu,3,1.3200,1.3200,OK
full,maximus,clickbench,10,q6,gpu,3,5.6170,5.6170,OK
full,maximus,clickbench,10,q7,gpu,3,0.5130,0.5130,OK
full,maximus,clickbench,10,q8,gpu,3,7.3910,7.3910,OK
full,maximus,clickbench,10,q9,gpu,3,7.6440,7.6440,OK
full,maximus,clickbench,10,q10,gpu,3,3.1980,3.1980,OK
full,maximus,clickbench,10,q11,gpu,3,3.7810,3.7810,OK
full,maximus,clickbench,10,q12,gpu,3,4.8910,4.8910,OK
full,maximus,clickbench,10,q13,gpu,3,21.8440,21.8440,OK
full,maximus,clickbench,10,q14,gpu,3,5.1070,5.1070,OK
full,maximus,clickbench,10,q15,gpu,3,1.0770,1.0770,OK
full,maximus,clickbench,10,q16,gpu,3,5.2320,5.2320,OK
full,maximus,clickbench,10,q17,gpu,3,5.2100,5.2100,OK
full,maximus,clickbench,10,q19,gpu,3,0.1790,0.1790,OK
full,maximus,clickbench,10,q20,gpu,3,78.0250,78.0250,OK
full,maximus,clickbench,10,q21,gpu,3,79.4990,79.3450,OK
full,maximus,clickbench,10,q22,gpu,3,81.6350,81.5120,OK
full,maximus,clickbench,10,q23,gpu,3,78.1900,78.1900,OK
full,maximus,clickbench,10,q24,gpu,3,5.5130,5.5130,OK
full,maximus,clickbench,10,q25,gpu,3,20.6330,20.6330,OK
full,maximus,clickbench,10,q26,gpu,3,9.4430,9.4430,OK
full,maximus,clickbench,10,q29,gpu,3,6.0530,6.0530,OK
full,maximus,clickbench,10,q30,gpu,3,2.7500,2.7500,OK
full,maximus,clickbench,10,q31,gpu,3,3.3300,3.3300,OK
full,maximus,clickbench,10,q32,gpu,3,25.1620,25.1620,OK
full,maximus,clickbench,10,q33,gpu,3,18.7550,18.7550,OK
full,maximus,clickbench,10,q34,gpu,3,18.4550,18.4550,OK
full,maximus,clickbench,10,q35,gpu,3,0.9420,0.9420,OK
full,maximus,clickbench,10,q36,gpu,3,1.2810,1.2810,OK
full,maximus,clickbench,10,q37,gpu,3,1.3050,1.3050,OK
full,maximus,clickbench,10,q38,gpu,3,0.8880,0.8880,OK
full,maximus,clickbench,10,q39,gpu,3,0.6310,0.6210,OK
full,maximus,clickbench,10,q40,gpu,3,1.0090,1.0090,OK
full,maximus,clickbench,10,q41,gpu,3,0.8910,0.8910,OK
full,maximus,clickbench,10,q0,cpu,0,,,FAIL
full,maximus,clickbench,10,q1,cpu,0,,,FAIL
full,maximus,clickbench,10,q2,cpu,0,,,FAIL
full,maximus,clickbench,10,q3,cpu,0,,,FAIL
full,maximus,clickbench,10,q4,cpu,0,,,FAIL
full,maximus,clickbench,10,q5,cpu,0,,,FAIL
full,maximus,clickbench,10,q6,cpu,0,,,FAIL
full,maximus,clickbench,10,q7,cpu,0,,,FAIL
full,maximus,clickbench,10,q8,cpu,0,,,FAIL
full,maximus,clickbench,10,q9,cpu,0,,,FAIL
full,maximus,clickbench,10,q10,cpu,0,,,FAIL
full,maximus,clickbench,10,q11,cpu,0,,,FAIL
full,maximus,clickbench,10,q12,cpu,0,,,FAIL
full,maximus,clickbench,10,q13,cpu,0,,,FAIL
full,maximus,clickbench,10,q14,cpu,0,,,FAIL
full,maximus,clickbench,10,q15,cpu,0,,,FAIL
full,maximus,clickbench,10,q16,cpu,0,,,FAIL
full,maximus,clickbench,10,q17,cpu,0,,,FAIL
full,maximus,clickbench,10,q19,cpu,0,,,FAIL
full,maximus,clickbench,10,q20,cpu,0,,,FAIL
full,maximus,clickbench,10,q21,cpu,0,,,FAIL
full,maximus,clickbench,10,q22,cpu,0,,,FAIL
full,maximus,clickbench,10,q23,cpu,0,,,FAIL
full,maximus,clickbench,10,q24,cpu,0,,,FAIL
full,maximus,clickbench,10,q25,cpu,0,,,FAIL
full,maximus,clickbench,10,q26,cpu,0,,,FAIL
full,maximus,clickbench,10,q29,cpu,0,,,FAIL
full,maximus,clickbench,10,q30,cpu,0,,,FAIL
full,maximus,clickbench,10,q31,cpu,0,,,FAIL
full,maximus,clickbench,10,q32,cpu,0,,,FAIL
full,maximus,clickbench,10,q33,cpu,0,,,FAIL
full,maximus,clickbench,10,q34,cpu,0,,,FAIL
full,maximus,clickbench,10,q35,cpu,0,,,FAIL
full,maximus,clickbench,10,q36,cpu,0,,,FAIL
full,maximus,clickbench,10,q37,cpu,0,,,FAIL
full,maximus,clickbench,10,q38,cpu,0,,,FAIL
full,maximus,clickbench,10,q39,cpu,0,,,FAIL
full,maximus,clickbench,10,q40,cpu,0,,,FAIL
full,maximus,clickbench,10,q41,cpu,0,,,FAIL
full,sirius,clickbench,10,q0,gpu,3,1.0000,,OK
full,sirius,clickbench,10,q1,gpu,3,1.0000,1.0000,OK
full,sirius,clickbench,10,q2,gpu,3,2.0000,1.0000,OK
full,sirius,clickbench,10,q3,gpu,3,1.0000,1.0000,OK
full,sirius,clickbench,10,q4,gpu,3,2.0000,1.0000,OK
full,sirius,clickbench,10,q5,gpu,3,22.0000,21.0000,OK
full,sirius,clickbench,10,q6,gpu,3,1.0000,1.0000,OK
full,sirius,clickbench,10,q7,gpu,3,2.0000,2.0000,OK
full,sirius,clickbench,10,q8,gpu,3,9.0000,8.0000,OK
full,sirius,clickbench,10,q9,gpu,3,9.0000,9.0000,OK
full,sirius,clickbench,10,q10,gpu,3,5.0000,4.0000,OK
full,sirius,clickbench,10,q11,gpu,3,5.0000,5.0000,OK
full,sirius,clickbench,10,q12,gpu,3,4.0000,4.0000,OK
full,sirius,clickbench,10,q13,gpu,3,21.0000,21.0000,OK
full,sirius,clickbench,10,q14,gpu,3,4.0000,4.0000,OK
full,sirius,clickbench,10,q15,gpu,3,2.0000,2.0000,OK
full,sirius,clickbench,10,q16,gpu,3,5.0000,5.0000,OK
full,sirius,clickbench,10,q17,gpu,3,4.0000,4.0000,OK
full,sirius,clickbench,10,q19,gpu,3,1.0000,1.0000,OK
full,sirius,clickbench,10,q20,gpu,3,5.0000,5.0000,OK
full,sirius,clickbench,10,q21,gpu,3,7.0000,7.0000,OK
full,sirius,clickbench,10,q22,gpu,3,15.0000,15.0000,OK
full,sirius,clickbench,10,q23,gpu,3,7.0000,7.0000,OK
full,sirius,clickbench,10,q24,gpu,3,2.0000,2.0000,OK
full,sirius,clickbench,10,q25,gpu,3,19.0000,17.0000,OK
full,sirius,clickbench,10,q26,gpu,3,8.0000,6.0000,OK
full,sirius,clickbench,10,q29,gpu,3,33.0000,31.0000,OK
full,sirius,clickbench,10,q30,gpu,3,3.0000,2.0000,OK
full,sirius,clickbench,10,q31,gpu,3,3.0000,3.0000,OK
full,sirius,clickbench,10,q32,gpu,3,6.0000,6.0000,OK
full,sirius,clickbench,10,q33,gpu,3,8.0000,8.0000,OK
full,sirius,clickbench,10,q34,gpu,3,9.0000,9.0000,OK
full,sirius,clickbench,10,q35,gpu,3,4.0000,4.0000,OK
full,sirius,clickbench,10,q36,gpu,3,3.0000,3.0000,OK
full,sirius,clickbench,10,q37,gpu,3,2.0000,2.0000,OK
full,sirius,clickbench,10,q38,gpu,3,3.0000,2.0000,OK
full,sirius,clickbench,10,q39,gpu,3,6.0000,6.0000,OK
full,sirius,clickbench,10,q40,gpu,3,3.0000,2.0000,OK
full,sirius,clickbench,10,q41,gpu,3,2.0000,2.0000,OK
full,sirius,clickbench,10,q0,cpu,3,1.0000,,OK
full,sirius,clickbench,10,q1,cpu,3,1.0000,1.0000,OK
full,sirius,clickbench,10,q2,cpu,3,2.0000,1.0000,OK
full,sirius,clickbench,10,q3,cpu,3,1.0000,1.0000,OK
full,sirius,clickbench,10,q4,cpu,3,1.0000,1.0000,OK
full,sirius,clickbench,10,q5,cpu,3,22.0000,22.0000,OK
full,sirius,clickbench,10,q6,cpu,3,2.0000,1.0000,OK
full,sirius,clickbench,10,q7,cpu,3,2.0000,2.0000,OK
full,sirius,clickbench,10,q8,cpu,3,9.0000,9.0000,OK
full,sirius,clickbench,10,q9,cpu,3,10.0000,10.0000,OK
full,sirius,clickbench,10,q10,cpu,3,4.0000,4.0000,OK
full,sirius,clickbench,10,q11,cpu,3,5.0000,5.0000,OK
full,sirius,clickbench,10,q12,cpu,3,3.0000,3.0000,OK
full,sirius,clickbench,10,q13,cpu,3,20.0000,20.0000,OK
full,sirius,clickbench,10,q14,cpu,3,5.0000,4.0000,OK
full,sirius,clickbench,10,q15,cpu,3,2.0000,2.0000,OK
full,sirius,clickbench,10,q16,cpu,3,5.0000,5.0000,OK
full,sirius,clickbench,10,q17,cpu,3,4.0000,4.0000,OK
full,sirius,clickbench,10,q19,cpu,3,1.0000,1.0000,OK
full,sirius,clickbench,10,q20,cpu,3,5.0000,5.0000,OK
full,sirius,clickbench,10,q21,cpu,3,7.0000,7.0000,OK
full,sirius,clickbench,10,q22,cpu,3,16.0000,15.0000,OK
full,sirius,clickbench,10,q23,cpu,3,7.0000,7.0000,OK
full,sirius,clickbench,10,q24,cpu,3,2.0000,2.0000,OK
full,sirius,clickbench,10,q25,cpu,3,17.0000,17.0000,OK
full,sirius,clickbench,10,q26,cpu,3,7.0000,7.0000,OK
full,sirius,clickbench,10,q29,cpu,3,32.0000,32.0000,OK
full,sirius,clickbench,10,q30,cpu,3,2.0000,2.0000,OK
full,sirius,clickbench,10,q31,cpu,3,3.0000,3.0000,OK
full,sirius,clickbench,10,q32,cpu,3,7.0000,7.0000,OK
full,sirius,clickbench,10,q33,cpu,3,9.0000,8.0000,OK
full,sirius,clickbench,10,q34,cpu,3,9.0000,9.0000,OK
full,sirius,clickbench,10,q35,cpu,3,4.0000,3.0000,OK
full,sirius,clickbench,10,q36,cpu,3,3.0000,3.0000,OK
full,sirius,clickbench,10,q37,cpu,3,3.0000,3.0000,OK
full,sirius,clickbench,10,q38,cpu,3,2.0000,2.0000,OK
full,sirius,clickbench,10,q39,cpu,3,7.0000,6.0000,OK
full,sirius,clickbench,10,q40,cpu,3,3.0000,2.0000,OK
full,sirius,clickbench,10,q41,cpu,3,2.0000,2.0000,OK
microbench,maximus,microbench_tpch,1,w1_002,gpu,5,,1.5540,OK
microbench,maximus,microbench_tpch,1,w1_004,gpu,5,,0.3050,OK
microbench,maximus,microbench_tpch,1,w1_005,gpu,5,,4.8950,OK
microbench,maximus,microbench_tpch,1,w1_006,gpu,5,,4.9010,OK
microbench,maximus,microbench_tpch,1,w1_007,gpu,5,,9.8560,OK
microbench,maximus,microbench_tpch,1,w1_008,gpu,5,,5.0290,OK
microbench,maximus,microbench_tpch,1,w1_011,gpu,5,,18.8200,OK
microbench,maximus,microbench_tpch,1,w2_003,gpu,5,,0.7410,OK
microbench,maximus,microbench_tpch,1,w2_012,gpu,5,,0.5950,OK
microbench,maximus,microbench_tpch,1,w2_013,gpu,5,,2.1850,OK
microbench,maximus,microbench_tpch,1,w2_014,gpu,5,,3.3500,OK
microbench,maximus,microbench_tpch,1,w2_015,gpu,5,,0.8660,OK
microbench,maximus,microbench_tpch,1,w2_016,gpu,5,,1.8240,OK
microbench,maximus,microbench_tpch,1,w2_017,gpu,5,,4.7460,OK
microbench,maximus,microbench_tpch,1,w3_001,gpu,5,,0.3480,OK
microbench,maximus,microbench_tpch,1,w3_009,gpu,5,,0.7150,OK
microbench,maximus,microbench_tpch,1,w3_010,gpu,5,,0.5720,OK
microbench,maximus,microbench_tpch,1,w3_023,gpu,5,,1.9440,OK
microbench,maximus,microbench_tpch,1,w3_024,gpu,5,,2.4320,OK
microbench,maximus,microbench_tpch,1,w3_025,gpu,5,,1.6750,OK
microbench,maximus,microbench_tpch,1,w3_028,gpu,5,,2.9190,OK
microbench,maximus,microbench_tpch,1,w4_033,gpu,5,,0.5510,OK
microbench,maximus,microbench_tpch,1,w4_052,gpu,5,,1.1380,OK
microbench,maximus,microbench_tpch,1,w4_053,gpu,5,,1.2250,OK
microbench,maximus,microbench_tpch,1,w4_054,gpu,5,,4.0010,OK
microbench,maximus,microbench_tpch,1,w4_055,gpu,5,,1.2920,OK
microbench,maximus,microbench_tpch,1,w4_057,gpu,5,,6.4290,OK
microbench,maximus,microbench_tpch,1,w4_059,gpu,5,,2.2050,OK
microbench,maximus,microbench_tpch,1,w5a_029,gpu,5,,4.6330,OK
microbench,maximus,microbench_tpch,1,w5a_034,gpu,5,,7.4160,OK
microbench,maximus,microbench_tpch,1,w5a_035,gpu,5,,21.4460,OK
microbench,maximus,microbench_tpch,1,w5a_036,gpu,5,,6.9360,OK
microbench,maximus,microbench_tpch,1,w5a_037,gpu,5,,8.1550,OK
microbench,maximus,microbench_tpch,1,w5a_038,gpu,5,,12.8160,OK
microbench,maximus,microbench_tpch,1,w5a_048,gpu,5,,14.2930,OK
microbench,maximus,microbench_tpch,1,w5a_049,gpu,5,,11.1810,OK
microbench,maximus,microbench_tpch,1,w5a_050,gpu,5,,26.7630,OK
microbench,maximus,microbench_tpch,1,w5a_056,gpu,5,,54.4570,OK
microbench,maximus,microbench_tpch,1,w5b_030,gpu,5,,249.4020,OK
microbench,maximus,microbench_tpch,1,w5b_039,gpu,5,,3157.7990,OK
microbench,maximus,microbench_tpch,1,w5b_040,gpu,5,,4581.9460,OK
microbench,maximus,microbench_tpch,1,w5b_041,gpu,5,,93.1780,OK
microbench,maximus,microbench_tpch,1,w5b_042,gpu,5,,5920.0890,OK
microbench,maximus,microbench_tpch,1,w5b_043,gpu,5,,780.1220,OK
microbench,maximus,microbench_tpch,1,w5b_044,gpu,5,,6291.4890,OK
microbench,maximus,microbench_tpch,1,w5b_045,gpu,0,,,FAIL
microbench,maximus,microbench_tpch,1,w5b_047,gpu,0,,,FAIL
microbench,maximus,microbench_tpch,1,w5b_051,gpu,5,,8798.6080,OK
microbench,maximus,microbench_tpch,1,w6_020,gpu,5,,2.3380,OK
microbench,maximus,microbench_tpch,1,w6_021,gpu,5,,3.0960,OK
microbench,maximus,microbench_tpch,1,w6_026,gpu,5,,9.8970,OK
microbench,maximus,microbench_tpch,1,w6_031,gpu,5,,5.5110,OK
microbench,maximus,microbench_tpch,1,w6_032,gpu,5,,3.7190,OK
microbench,maximus,microbench_tpch,1,w6_046,gpu,5,,10.4880,OK
microbench,maximus,microbench_tpch,1,w6_060,gpu,5,,14.4340,OK
microbench,maximus,microbench_tpch,5,w1_002,gpu,5,,2.3160,OK
microbench,maximus,microbench_tpch,5,w1_004,gpu,5,,0.3420,OK
microbench,maximus,microbench_tpch,5,w1_005,gpu,5,,7.9570,OK
microbench,maximus,microbench_tpch,5,w1_006,gpu,5,,7.9600,OK
microbench,maximus,microbench_tpch,5,w1_007,gpu,5,,16.1810,OK
microbench,maximus,microbench_tpch,5,w1_008,gpu,5,,8.2170,OK
microbench,maximus,microbench_tpch,5,w1_011,gpu,5,,31.0260,OK
microbench,maximus,microbench_tpch,5,w2_003,gpu,5,,1.0600,OK
microbench,maximus,microbench_tpch,5,w2_012,gpu,5,,0.7780,OK
microbench,maximus,microbench_tpch,5,w2_013,gpu,5,,3.3870,OK
microbench,maximus,microbench_tpch,5,w2_014,gpu,5,,5.3100,OK
microbench,maximus,microbench_tpch,5,w2_015,gpu,5,,1.1460,OK
microbench,maximus,microbench_tpch,5,w2_016,gpu,5,,2.8610,OK
microbench,maximus,microbench_tpch,5,w2_017,gpu,5,,7.6590,OK
microbench,maximus,microbench_tpch,5,w3_001,gpu,5,,0.3720,OK
microbench,maximus,microbench_tpch,5,w3_009,gpu,5,,1.0110,OK
microbench,maximus,microbench_tpch,5,w3_010,gpu,5,,0.7670,OK
microbench,maximus,microbench_tpch,5,w3_023,gpu,5,,2.9290,OK
microbench,maximus,microbench_tpch,5,w3_024,gpu,5,,3.7890,OK
microbench,maximus,microbench_tpch,5,w3_025,gpu,5,,2.5350,OK
microbench,maximus,microbench_tpch,5,w3_028,gpu,5,,4.5590,OK
microbench,maximus,microbench_tpch,5,w4_033,gpu,5,,1.9760,OK
microbench,maximus,microbench_tpch,5,w4_052,gpu,5,,3.9000,OK
microbench,maximus,microbench_tpch,5,w4_053,gpu,5,,1.8870,OK
microbench,maximus,microbench_tpch,5,w4_054,gpu,5,,12.7540,OK
microbench,maximus,microbench_tpch,5,w4_055,gpu,5,,1.8190,OK
microbench,maximus,microbench_tpch,5,w4_057,gpu,5,,17.1150,OK
microbench,maximus,microbench_tpch,5,w4_059,gpu,5,,3.2750,OK
microbench,maximus,microbench_tpch,5,w5a_029,gpu,5,,3.6830,OK
microbench,maximus,microbench_tpch,5,w5a_034,gpu,5,,8.1860,OK
microbench,maximus,microbench_tpch,5,w5a_035,gpu,5,,16.0160,OK
microbench,maximus,microbench_tpch,5,w5a_036,gpu,5,,8.0410,OK
microbench,maximus,microbench_tpch,5,w5a_037,gpu,5,,8.1200,OK
microbench,maximus,microbench_tpch,5,w5a_038,gpu,5,,5.6010,OK
microbench,maximus,microbench_tpch,5,w5a_048,gpu,5,,11.9850,OK
microbench,maximus,microbench_tpch,5,w5a_049,gpu,5,,9.7720,OK
microbench,maximus,microbench_tpch,5,w5a_050,gpu,5,,15.6850,OK
microbench,maximus,microbench_tpch,5,w5a_056,gpu,5,,20.9350,OK
microbench,maximus,microbench_tpch,5,w5b_030,gpu,5,,30.7800,OK
microbench,maximus,microbench_tpch,5,w5b_039,gpu,5,,34.1750,OK
microbench,maximus,microbench_tpch,5,w5b_040,gpu,5,,34.6340,OK
microbench,maximus,microbench_tpch,5,w5b_041,gpu,5,,12.5990,OK
microbench,maximus,microbench_tpch,5,w5b_042,gpu,5,,38.0250,OK
microbench,maximus,microbench_tpch,5,w5b_043,gpu,5,,12.5400,OK
microbench,maximus,microbench_tpch,5,w5b_044,gpu,5,,44.3240,OK
microbench,maximus,microbench_tpch,5,w5b_045,gpu,5,,49.2800,OK
microbench,maximus,microbench_tpch,5,w5b_047,gpu,5,,46.3590,OK
microbench,maximus,microbench_tpch,5,w5b_051,gpu,5,,49.1030,OK
microbench,maximus,microbench_tpch,5,w6_020,gpu,5,,3.7620,OK
microbench,maximus,microbench_tpch,5,w6_021,gpu,5,,4.8910,OK
microbench,maximus,microbench_tpch,5,w6_026,gpu,5,,16.7620,OK
microbench,maximus,microbench_tpch,5,w6_031,gpu,5,,8.8550,OK
microbench,maximus,microbench_tpch,5,w6_032,gpu,5,,6.2090,OK
microbench,maximus,microbench_tpch,5,w6_046,gpu,5,,17.8060,OK
microbench,maximus,microbench_tpch,5,w6_060,gpu,5,,24.1230,OK
microbench,maximus,microbench_tpch,10,w1_002,gpu,5,,4.2210,OK
microbench,maximus,microbench_tpch,10,w1_004,gpu,5,,0.3260,OK
microbench,maximus,microbench_tpch,10,w1_005,gpu,5,,15.5610,OK
microbench,maximus,microbench_tpch,10,w1_006,gpu,5,,15.5740,OK
microbench,maximus,microbench_tpch,10,w1_007,gpu,5,,31.9450,OK
microbench,maximus,microbench_tpch,10,w1_008,gpu,5,,16.1380,OK
microbench,maximus,microbench_tpch,10,w1_011,gpu,5,,61.4830,OK
microbench,maximus,microbench_tpch,10,w2_003,gpu,5,,1.7590,OK
microbench,maximus,microbench_tpch,10,w2_012,gpu,5,,1.2180,OK
microbench,maximus,microbench_tpch,10,w2_013,gpu,5,,6.3950,OK
microbench,maximus,microbench_tpch,10,w2_014,gpu,5,,10.2360,OK
microbench,maximus,microbench_tpch,10,w2_015,gpu,5,,1.8970,OK
microbench,maximus,microbench_tpch,10,w2_016,gpu,5,,5.3250,OK
microbench,maximus,microbench_tpch,10,w2_017,gpu,5,,14.9360,OK
microbench,maximus,microbench_tpch,10,w3_001,gpu,5,,0.4420,OK
microbench,maximus,microbench_tpch,10,w3_009,gpu,5,,1.6750,OK
microbench,maximus,microbench_tpch,10,w3_010,gpu,5,,1.2340,OK
microbench,maximus,microbench_tpch,10,w3_023,gpu,5,,5.5240,OK
microbench,maximus,microbench_tpch,10,w3_024,gpu,5,,7.2060,OK
microbench,maximus,microbench_tpch,10,w3_025,gpu,5,,4.7400,OK
microbench,maximus,microbench_tpch,10,w3_028,gpu,5,,8.5320,OK
microbench,maximus,microbench_tpch,10,w4_033,gpu,5,,3.4940,OK
microbench,maximus,microbench_tpch,10,w4_052,gpu,5,,7.9810,OK
microbench,maximus,microbench_tpch,10,w4_053,gpu,5,,3.4240,OK
microbench,maximus,microbench_tpch,10,w4_054,gpu,5,,24.5310,OK
microbench,maximus,microbench_tpch,10,w4_055,gpu,5,,3.5030,OK
microbench,maximus,microbench_tpch,10,w4_057,gpu,5,,36.6700,OK
microbench,maximus,microbench_tpch,10,w4_059,gpu,5,,6.3270,OK
microbench,maximus,microbench_tpch,10,w5a_029,gpu,5,,7.1990,OK
microbench,maximus,microbench_tpch,10,w5a_034,gpu,5,,16.0890,OK
microbench,maximus,microbench_tpch,10,w5a_035,gpu,5,,31.7030,OK
microbench,maximus,microbench_tpch,10,w5a_036,gpu,5,,15.5610,OK
microbench,maximus,microbench_tpch,10,w5a_037,gpu,5,,14.1950,OK
microbench,maximus,microbench_tpch,10,w5a_038,gpu,5,,10.9140,OK
microbench,maximus,microbench_tpch,10,w5a_048,gpu,5,,23.5280,OK
microbench,maximus,microbench_tpch,10,w5a_049,gpu,5,,19.3390,OK
microbench,maximus,microbench_tpch,10,w5a_050,gpu,5,,31.8920,OK
microbench,maximus,microbench_tpch,10,w5a_056,gpu,5,,42.2920,OK
microbench,maximus,microbench_tpch,10,w5b_030,gpu,5,,61.4860,OK
microbench,maximus,microbench_tpch,10,w5b_039,gpu,5,,68.3130,OK
microbench,maximus,microbench_tpch,10,w5b_040,gpu,5,,70.2750,OK
microbench,maximus,microbench_tpch,10,w5b_041,gpu,5,,22.5620,OK
microbench,maximus,microbench_tpch,10,w5b_042,gpu,5,,76.1920,OK
microbench,maximus,microbench_tpch,10,w5b_043,gpu,5,,24.7060,OK
microbench,maximus,microbench_tpch,10,w5b_044,gpu,5,,91.9000,OK
microbench,maximus,microbench_tpch,10,w5b_045,gpu,5,,101.0610,OK
microbench,maximus,microbench_tpch,10,w5b_047,gpu,5,,92.5330,OK
microbench,maximus,microbench_tpch,10,w5b_051,gpu,5,,97.8820,OK
microbench,maximus,microbench_tpch,10,w6_020,gpu,5,,7.7980,OK
microbench,maximus,microbench_tpch,10,w6_021,gpu,5,,9.9020,OK
microbench,maximus,microbench_tpch,10,w6_026,gpu,5,,36.7790,OK
microbench,maximus,microbench_tpch,10,w6_031,gpu,5,,17.3010,OK
microbench,maximus,microbench_tpch,10,w6_032,gpu,5,,13.3190,OK
microbench,maximus,microbench_tpch,10,w6_046,gpu,5,,39.3630,OK
microbench,maximus,microbench_tpch,10,w6_060,gpu,5,,49.7840,OK
microbench,maximus,microbench_tpch,20,w1_002,gpu,5,,8.0750,OK
microbench,maximus,microbench_tpch,20,w1_004,gpu,5,,0.3590,OK
microbench,maximus,microbench_tpch,20,w1_005,gpu,5,,30.8120,OK
microbench,maximus,microbench_tpch,20,w1_006,gpu,5,,30.8310,OK
microbench,maximus,microbench_tpch,20,w1_007,gpu,5,,63.5240,OK
microbench,maximus,microbench_tpch,20,w1_008,gpu,5,,32.0510,OK
microbench,maximus,microbench_tpch,20,w1_011,gpu,5,,122.4040,OK
microbench,maximus,microbench_tpch,20,w2_003,gpu,5,,3.1300,OK
microbench,maximus,microbench_tpch,20,w2_012,gpu,5,,2.1770,OK
microbench,maximus,microbench_tpch,20,w2_013,gpu,5,,12.4970,OK
microbench,maximus,microbench_tpch,20,w2_014,gpu,5,,20.1400,OK
microbench,maximus,microbench_tpch,20,w2_015,gpu,5,,3.4130,OK
microbench,maximus,microbench_tpch,20,w2_016,gpu,5,,10.2320,OK
microbench,maximus,microbench_tpch,20,w2_017,gpu,5,,29.5780,OK
microbench,maximus,microbench_tpch,20,w3_001,gpu,5,,0.5820,OK
microbench,maximus,microbench_tpch,20,w3_009,gpu,5,,2.9950,OK
microbench,maximus,microbench_tpch,20,w3_010,gpu,5,,2.1580,OK
microbench,maximus,microbench_tpch,20,w3_023,gpu,5,,10.6650,OK
microbench,maximus,microbench_tpch,20,w3_024,gpu,5,,14.0350,OK
microbench,maximus,microbench_tpch,20,w3_025,gpu,5,,9.1400,OK
microbench,maximus,microbench_tpch,20,w3_028,gpu,5,,16.4640,OK
microbench,maximus,microbench_tpch,20,w4_033,gpu,5,,6.9550,OK
microbench,maximus,microbench_tpch,20,w4_052,gpu,5,,16.9320,OK
microbench,maximus,microbench_tpch,20,w4_053,gpu,5,,7.0720,OK
microbench,maximus,microbench_tpch,20,w4_054,gpu,5,,48.6630,OK
microbench,maximus,microbench_tpch,20,w4_055,gpu,5,,7.3850,OK
microbench,maximus,microbench_tpch,20,w4_057,gpu,5,,65.9530,OK
microbench,maximus,microbench_tpch,20,w4_059,gpu,5,,13.1430,OK
microbench,maximus,microbench_tpch,20,w5a_029,gpu,5,,14.6320,OK
microbench,maximus,microbench_tpch,20,w5a_034,gpu,5,,32.0300,OK
microbench,maximus,microbench_tpch,20,w5a_035,gpu,5,,63.6190,OK
microbench,maximus,microbench_tpch,20,w5a_036,gpu,5,,44.5760,OK
microbench,maximus,microbench_tpch,20,w5a_037,gpu,5,,30.4100,OK
microbench,maximus,microbench_tpch,20,w5a_038,gpu,5,,21.8300,OK
microbench,maximus,microbench_tpch,20,w5a_048,gpu,5,,46.7450,OK
microbench,maximus,microbench_tpch,20,w5a_049,gpu,5,,38.3940,OK
microbench,maximus,microbench_tpch,20,w5a_050,gpu,5,,64.7100,OK
microbench,maximus,microbench_tpch,20,w5a_056,gpu,5,,85.7460,OK
microbench,maximus,microbench_tpch,20,w5b_030,gpu,5,,140.3850,OK
microbench,maximus,microbench_tpch,20,w5b_039,gpu,5,,155.1410,OK
microbench,maximus,microbench_tpch,20,w5b_040,gpu,5,,141.9220,OK
microbench,maximus,microbench_tpch,20,w5b_041,gpu,5,,46.3550,OK
microbench,maximus,microbench_tpch,20,w5b_042,gpu,5,,153.4050,OK
microbench,maximus,microbench_tpch,20,w5b_043,gpu,5,,55.6500,OK
microbench,maximus,microbench_tpch,20,w5b_044,gpu,5,,188.5890,OK
microbench,maximus,microbench_tpch,20,w5b_045,gpu,5,,205.6810,OK
microbench,maximus,microbench_tpch,20,w5b_047,gpu,5,,186.0070,OK
microbench,maximus,microbench_tpch,20,w5b_051,gpu,5,,245.1070,OK
microbench,maximus,microbench_tpch,20,w6_020,gpu,5,,17.4520,OK
microbench,maximus,microbench_tpch,20,w6_021,gpu,5,,22.5110,OK
microbench,maximus,microbench_tpch,20,w6_026,gpu,5,,82.6180,OK
microbench,maximus,microbench_tpch,20,w6_031,gpu,5,,34.7030,OK
microbench,maximus,microbench_tpch,20,w6_032,gpu,5,,27.8870,OK
microbench,maximus,microbench_tpch,20,w6_046,gpu,5,,88.8230,OK
microbench,maximus,microbench_tpch,20,w6_060,gpu,5,,108.7340,OK
microbench,maximus,microbench_h2o,1gb,w1_001,gpu,5,,0.3090,OK
microbench,maximus,microbench_h2o,1gb,w1_002,gpu,5,,8.4600,OK
microbench,maximus,microbench_h2o,1gb,w1_003,gpu,5,,9.1880,OK
microbench,maximus,microbench_h2o,1gb,w1_004,gpu,5,,8.7890,OK
microbench,maximus,microbench_h2o,1gb,w1_005,gpu,5,,18.1080,OK
microbench,maximus,microbench_h2o,1gb,w1_006,gpu,5,,26.8250,OK
microbench,maximus,microbench_h2o,1gb,w1_007,gpu,5,,32.5090,OK
microbench,maximus,microbench_h2o,1gb,w2_008,gpu,5,,1.0230,OK
microbench,maximus,microbench_h2o,1gb,w2_009,gpu,5,,0.4350,OK
microbench,maximus,microbench_h2o,1gb,w2_010,gpu,5,,1.2630,OK
microbench,maximus,microbench_h2o,1gb,w2_011,gpu,5,,3.1250,OK
microbench,maximus,microbench_h2o,1gb,w2_012,gpu,5,,1.2330,OK
microbench,maximus,microbench_h2o,1gb,w2_013,gpu,5,,0.8890,OK
microbench,maximus,microbench_h2o,1gb,w2_014,gpu,5,,9.4690,OK
microbench,maximus,microbench_h2o,1gb,w3_016,gpu,5,,4.1390,OK
microbench,maximus,microbench_h2o,1gb,w3_017,gpu,5,,4.7740,OK
microbench,maximus,microbench_h2o,1gb,w3_018,gpu,5,,3.2520,OK
microbench,maximus,microbench_h2o,1gb,w3_019,gpu,5,,3.5290,OK
microbench,maximus,microbench_h2o,1gb,w3_020,gpu,5,,2.9310,OK
microbench,maximus,microbench_h2o,1gb,w3_021,gpu,5,,3.8200,OK
microbench,maximus,microbench_h2o,1gb,w3_023,gpu,5,,7.3840,OK
microbench,maximus,microbench_h2o,1gb,w4_027,gpu,5,,22.5220,OK
microbench,maximus,microbench_h2o,1gb,w4_028,gpu,5,,2.1890,OK
microbench,maximus,microbench_h2o,1gb,w4_029,gpu,5,,2.7620,OK
microbench,maximus,microbench_h2o,1gb,w4_030,gpu,5,,17.4580,OK
microbench,maximus,microbench_h2o,1gb,w4_031,gpu,5,,77.0120,OK
microbench,maximus,microbench_h2o,1gb,w4_032,gpu,5,,34.8380,OK
microbench,maximus,microbench_h2o,1gb,w4_033,gpu,5,,124.3000,OK
microbench,maximus,microbench_h2o,1gb,w6_015,gpu,5,,12.2790,OK
microbench,maximus,microbench_h2o,1gb,w6_022,gpu,5,,22.5770,OK
microbench,maximus,microbench_h2o,1gb,w6_024,gpu,5,,5.6690,OK
microbench,maximus,microbench_h2o,1gb,w6_025,gpu,5,,4.6010,OK
microbench,maximus,microbench_h2o,1gb,w6_026,gpu,5,,4.0040,OK
microbench,maximus,microbench_h2o,1gb,w6_034,gpu,5,,6.7690,OK
microbench,maximus,microbench_h2o,1gb,w6_035,gpu,5,,29.4350,OK
microbench,maximus,microbench_h2o,2gb,w1_001,gpu,5,,0.3170,OK
microbench,maximus,microbench_h2o,2gb,w1_002,gpu,5,,16.6410,OK
microbench,maximus,microbench_h2o,2gb,w1_003,gpu,5,,18.0960,OK
microbench,maximus,microbench_h2o,2gb,w1_004,gpu,5,,17.3440,OK
microbench,maximus,microbench_h2o,2gb,w1_005,gpu,5,,35.8760,OK
microbench,maximus,microbench_h2o,2gb,w1_006,gpu,5,,53.2060,OK
microbench,maximus,microbench_h2o,2gb,w1_007,gpu,5,,64.2740,OK
microbench,maximus,microbench_h2o,2gb,w2_008,gpu,5,,1.7160,OK
microbench,maximus,microbench_h2o,2gb,w2_009,gpu,5,,0.7710,OK
microbench,maximus,microbench_h2o,2gb,w2_010,gpu,5,,2.1420,OK
microbench,maximus,microbench_h2o,2gb,w2_011,gpu,5,,5.9470,OK
microbench,maximus,microbench_h2o,2gb,w2_012,gpu,5,,2.1830,OK
microbench,maximus,microbench_h2o,2gb,w2_013,gpu,5,,1.4860,OK
microbench,maximus,microbench_h2o,2gb,w2_014,gpu,5,,18.6830,OK
microbench,maximus,microbench_h2o,2gb,w3_016,gpu,5,,8.0160,OK
microbench,maximus,microbench_h2o,2gb,w3_017,gpu,5,,9.2170,OK
microbench,maximus,microbench_h2o,2gb,w3_018,gpu,5,,6.2750,OK
microbench,maximus,microbench_h2o,2gb,w3_019,gpu,5,,6.6740,OK
microbench,maximus,microbench_h2o,2gb,w3_020,gpu,5,,5.6440,OK
microbench,maximus,microbench_h2o,2gb,w3_021,gpu,5,,7.3020,OK
microbench,maximus,microbench_h2o,2gb,w3_023,gpu,5,,14.3500,OK
microbench,maximus,microbench_h2o,2gb,w4_027,gpu,5,,25.8690,OK
microbench,maximus,microbench_h2o,2gb,w4_028,gpu,5,,4.1070,OK
microbench,maximus,microbench_h2o,2gb,w4_029,gpu,5,,5.1510,OK
microbench,maximus,microbench_h2o,2gb,w4_030,gpu,5,,27.2040,OK
microbench,maximus,microbench_h2o,2gb,w4_031,gpu,5,,137.5480,OK
microbench,maximus,microbench_h2o,2gb,w4_032,gpu,5,,38.1430,OK
microbench,maximus,microbench_h2o,2gb,w4_033,gpu,5,,131.4610,OK
microbench,maximus,microbench_h2o,2gb,w6_015,gpu,5,,26.4000,OK
microbench,maximus,microbench_h2o,2gb,w6_022,gpu,5,,49.9090,OK
microbench,maximus,microbench_h2o,2gb,w6_024,gpu,5,,10.9050,OK
microbench,maximus,microbench_h2o,2gb,w6_025,gpu,5,,8.8330,OK
microbench,maximus,microbench_h2o,2gb,w6_026,gpu,5,,7.6440,OK
microbench,maximus,microbench_h2o,2gb,w6_034,gpu,5,,12.4950,OK
microbench,maximus,microbench_h2o,2gb,w6_035,gpu,5,,61.5010,OK
microbench,maximus,microbench_h2o,4gb,w1_001,gpu,5,,0.3080,OK
microbench,maximus,microbench_h2o,4gb,w1_002,gpu,5,,33.0730,OK
microbench,maximus,microbench_h2o,4gb,w1_003,gpu,5,,35.8440,OK
microbench,maximus,microbench_h2o,4gb,w1_004,gpu,5,,34.1570,OK
microbench,maximus,microbench_h2o,4gb,w1_005,gpu,5,,70.1660,OK
microbench,maximus,microbench_h2o,4gb,w1_006,gpu,5,,104.8270,OK
microbench,maximus,microbench_h2o,4gb,w1_007,gpu,5,,128.5130,OK
microbench,maximus,microbench_h2o,4gb,w2_008,gpu,5,,3.0360,OK
microbench,maximus,microbench_h2o,4gb,w2_009,gpu,5,,1.4420,OK
microbench,maximus,microbench_h2o,4gb,w2_010,gpu,5,,3.8600,OK
microbench,maximus,microbench_h2o,4gb,w2_011,gpu,5,,11.5040,OK
microbench,maximus,microbench_h2o,4gb,w2_012,gpu,5,,4.0260,OK
microbench,maximus,microbench_h2o,4gb,w2_013,gpu,5,,2.5480,OK
microbench,maximus,microbench_h2o,4gb,w2_014,gpu,5,,37.0640,OK
microbench,maximus,microbench_h2o,4gb,w3_016,gpu,5,,15.5640,OK
microbench,maximus,microbench_h2o,4gb,w3_017,gpu,5,,18.0370,OK
microbench,maximus,microbench_h2o,4gb,w3_018,gpu,5,,12.2750,OK
microbench,maximus,microbench_h2o,4gb,w3_019,gpu,5,,13.2600,OK
microbench,maximus,microbench_h2o,4gb,w3_020,gpu,5,,11.0270,OK
microbench,maximus,microbench_h2o,4gb,w3_021,gpu,5,,14.2140,OK
microbench,maximus,microbench_h2o,4gb,w3_023,gpu,5,,28.0620,OK
microbench,maximus,microbench_h2o,4gb,w4_027,gpu,5,,38.6940,OK
microbench,maximus,microbench_h2o,4gb,w4_028,gpu,5,,8.0630,OK
microbench,maximus,microbench_h2o,4gb,w4_029,gpu,5,,9.9140,OK
microbench,maximus,microbench_h2o,4gb,w4_030,gpu,5,,33.5340,OK
microbench,maximus,microbench_h2o,4gb,w4_031,gpu,5,,243.3770,OK
microbench,maximus,microbench_h2o,4gb,w4_032,gpu,5,,50.0890,OK
microbench,maximus,microbench_h2o,4gb,w4_033,gpu,5,,180.2730,OK
microbench,maximus,microbench_h2o,4gb,w6_015,gpu,5,,57.0900,OK
microbench,maximus,microbench_h2o,4gb,w6_022,gpu,5,,109.8170,OK
microbench,maximus,microbench_h2o,4gb,w6_024,gpu,5,,21.3760,OK
microbench,maximus,microbench_h2o,4gb,w6_025,gpu,5,,17.2780,OK
microbench,maximus,microbench_h2o,4gb,w6_026,gpu,5,,14.9420,OK
microbench,maximus,microbench_h2o,4gb,w6_034,gpu,5,,23.6310,OK
microbench,maximus,microbench_h2o,4gb,w6_035,gpu,5,,130.7690,OK
microbench,maximus,microbench_h2o,10gb,w1_001,gpu,5,,0.3480,OK
microbench,maximus,microbench_h2o,10gb,w1_002,gpu,5,,82.0230,OK
microbench,maximus,microbench_h2o,10gb,w1_003,gpu,5,,89.2350,OK
microbench,maximus,microbench_h2o,10gb,w1_004,gpu,5,,82.0480,OK
microbench,maximus,microbench_h2o,10gb,w1_005,gpu,5,,215.6760,OK
microbench,maximus,microbench_h2o,10gb,w1_006,gpu,5,,264.4030,OK
microbench,maximus,microbench_h2o,10gb,w1_007,gpu,5,,325.4450,OK
microbench,maximus,microbench_h2o,10gb,w2_008,gpu,5,,16.1160,OK
microbench,maximus,microbench_h2o,10gb,w2_009,gpu,5,,3.5100,OK
microbench,maximus,microbench_h2o,10gb,w2_010,gpu,5,,41.9810,OK
microbench,maximus,microbench_h2o,10gb,w2_011,gpu,5,,32.1640,OK
microbench,maximus,microbench_h2o,10gb,w2_012,gpu,5,,18.9720,OK
microbench,maximus,microbench_h2o,10gb,w2_013,gpu,5,,27.5960,OK
microbench,maximus,microbench_h2o,10gb,w2_014,gpu,5,,170.3780,OK
microbench,maximus,microbench_h2o,10gb,w3_016,gpu,5,,68.1040,OK
microbench,maximus,microbench_h2o,10gb,w3_017,gpu,5,,71.2210,OK
microbench,maximus,microbench_h2o,10gb,w3_018,gpu,5,,37.2770,OK
microbench,maximus,microbench_h2o,10gb,w3_019,gpu,5,,83.3380,OK
microbench,maximus,microbench_h2o,10gb,w3_020,gpu,5,,50.2000,OK
microbench,maximus,microbench_h2o,10gb,w3_021,gpu,5,,96.4950,OK
microbench,maximus,microbench_h2o,10gb,w3_023,gpu,5,,88.3040,OK
microbench,maximus,microbench_h2o,10gb,w4_027,gpu,5,,156.7010,OK
microbench,maximus,microbench_h2o,10gb,w4_028,gpu,5,,56.0070,OK
microbench,maximus,microbench_h2o,10gb,w4_029,gpu,5,,79.5800,OK
microbench,maximus,microbench_h2o,10gb,w4_030,gpu,5,,140.9260,OK
microbench,maximus,microbench_h2o,10gb,w4_031,gpu,0,,,FAIL
microbench,maximus,microbench_h2o,10gb,w4_032,gpu,5,,77.5540,OK
microbench,maximus,microbench_h2o,10gb,w4_033,gpu,5,,252.2330,OK
microbench,maximus,microbench_h2o,10gb,w6_015,gpu,5,,161.8930,OK
microbench,maximus,microbench_h2o,10gb,w6_022,gpu,5,,315.4750,OK
microbench,maximus,microbench_h2o,10gb,w6_024,gpu,5,,52.5790,OK
microbench,maximus,microbench_h2o,10gb,w6_025,gpu,5,,42.6140,OK
microbench,maximus,microbench_h2o,10gb,w6_026,gpu,5,,36.7100,OK
microbench,maximus,microbench_h2o,10gb,w6_034,gpu,5,,56.8480,OK
microbench,maximus,microbench_h2o,10gb,w6_035,gpu,5,,368.8960,OK
microbench,maximus,microbench_clickbench,10,w1_001,gpu,5,,0.3640,OK
microbench,maximus,microbench_clickbench,10,w1_002,gpu,5,,2.4300,OK
microbench,maximus,microbench_clickbench,10,w1_003,gpu,5,,2.6110,OK
microbench,maximus,microbench_clickbench,10,w1_004,gpu,5,,5.6040,OK
microbench,maximus,microbench_clickbench,10,w1_005,gpu,5,,2.6130,OK
microbench,maximus,microbench_clickbench,10,w1_006,gpu,5,,9.5830,OK
microbench,maximus,microbench_clickbench,10,w2_007,gpu,5,,0.4920,OK
microbench,maximus,microbench_clickbench,10,w2_008,gpu,5,,0.3140,OK
microbench,maximus,microbench_clickbench,10,w2_009,gpu,5,,1.8800,OK
microbench,maximus,microbench_clickbench,10,w2_010,gpu,5,,0.4860,OK
microbench,maximus,microbench_clickbench,10,w2_018,gpu,5,,0.7410,OK
microbench,maximus,microbench_clickbench,10,w2_019,gpu,5,,0.3260,OK
microbench,maximus,microbench_clickbench,10,w3_011,gpu,5,,0.5700,OK
microbench,maximus,microbench_clickbench,10,w3_012,gpu,5,,0.5640,OK
microbench,maximus,microbench_clickbench,10,w3_013,gpu,5,,0.6040,OK
microbench,maximus,microbench_clickbench,10,w3_014,gpu,5,,1.2830,OK
microbench,maximus,microbench_clickbench,10,w3_015,gpu,5,,1.1570,OK
microbench,maximus,microbench_clickbench,10,w3_027,gpu,5,,1.8790,OK
microbench,maximus,microbench_clickbench,10,w4_021,gpu,5,,0.5790,OK
microbench,maximus,microbench_clickbench,10,w4_022,gpu,5,,0.8710,OK
microbench,maximus,microbench_clickbench,10,w4_023,gpu,5,,1.2290,OK
microbench,maximus,microbench_clickbench,10,w4_024,gpu,5,,3.0600,OK
microbench,maximus,microbench_clickbench,10,w4_025,gpu,5,,0.7450,OK
microbench,maximus,microbench_clickbench,10,w4_058,gpu,5,,2.0600,OK
microbench,maximus,microbench_clickbench,10,w6_016,gpu,5,,2.8360,OK
microbench,maximus,microbench_clickbench,10,w6_017,gpu,5,,1.3110,OK
microbench,maximus,microbench_clickbench,10,w6_018,gpu,5,,0.8560,OK
microbench,maximus,microbench_clickbench,10,w6_019,gpu,5,,0.4280,OK
microbench,maximus,microbench_clickbench,10,w6_020,gpu,5,,1.2340,OK
microbench,maximus,microbench_clickbench,10,w6_022,gpu,5,,1.0280,OK
microbench,maximus,microbench_clickbench,30,w1_001,gpu,5,,0.3350,OK
microbench,maximus,microbench_clickbench,30,w1_002,gpu,5,,7.1370,OK
microbench,maximus,microbench_clickbench,30,w1_003,gpu,5,,7.5210,OK
microbench,maximus,microbench_clickbench,30,w1_004,gpu,5,,16.1480,OK
microbench,maximus,microbench_clickbench,30,w1_005,gpu,5,,7.2390,OK
microbench,maximus,microbench_clickbench,30,w1_006,gpu,5,,27.8330,OK
microbench,maximus,microbench_clickbench,30,w2_007,gpu,5,,0.7800,OK
microbench,maximus,microbench_clickbench,30,w2_008,gpu,5,,0.7540,OK
microbench,maximus,microbench_clickbench,30,w2_009,gpu,5,,7.7780,OK
microbench,maximus,microbench_clickbench,30,w2_010,gpu,5,,0.7250,OK
microbench,maximus,microbench_clickbench,30,w2_018,gpu,5,,1.9700,OK
microbench,maximus,microbench_clickbench,30,w2_019,gpu,5,,3.8340,OK
microbench,maximus,microbench_clickbench,30,w3_011,gpu,5,,1.2940,OK
microbench,maximus,microbench_clickbench,30,w3_012,gpu,5,,1.2990,OK
microbench,maximus,microbench_clickbench,30,w3_013,gpu,5,,1.4130,OK
microbench,maximus,microbench_clickbench,30,w3_014,gpu,5,,3.2110,OK
microbench,maximus,microbench_clickbench,30,w3_015,gpu,5,,2.8160,OK
microbench,maximus,microbench_clickbench,30,w3_027,gpu,5,,5.9510,OK
microbench,maximus,microbench_clickbench,30,w4_021,gpu,5,,1.4010,OK
microbench,maximus,microbench_clickbench,30,w4_022,gpu,5,,10.1260,OK
microbench,maximus,microbench_clickbench,30,w4_023,gpu,5,,19.9420,OK
microbench,maximus,microbench_clickbench,30,w4_024,gpu,5,,61.8860,OK
microbench,maximus,microbench_clickbench,30,w4_025,gpu,5,,17.7900,OK
microbench,maximus,microbench_clickbench,30,w4_058,gpu,5,,6.7080,OK
microbench,maximus,microbench_clickbench,30,w6_016,gpu,5,,8.3480,OK
microbench,maximus,microbench_clickbench,30,w6_017,gpu,5,,3.5490,OK
microbench,maximus,microbench_clickbench,30,w6_018,gpu,5,,17.8770,OK
microbench,maximus,microbench_clickbench,30,w6_019,gpu,5,,0.9900,OK
microbench,maximus,microbench_clickbench,30,w6_020,gpu,5,,3.0300,OK
microbench,maximus,microbench_clickbench,30,w6_022,gpu,5,,2.5310,OK
microbench,maximus,microbench_clickbench,60,w1_001,gpu,5,,0.7250,OK
microbench,maximus,microbench_clickbench,60,w1_002,gpu,5,,15.9720,OK
microbench,maximus,microbench_clickbench,60,w1_003,gpu,5,,17.9240,OK
microbench,maximus,microbench_clickbench,60,w1_004,gpu,5,,49.9780,OK
microbench,maximus,microbench_clickbench,60,w1_005,gpu,5,,17.5690,OK
microbench,maximus,microbench_clickbench,60,w1_006,gpu,5,,77.6510,OK
microbench,maximus,microbench_clickbench,60,w2_007,gpu,5,,6.4030,OK
microbench,maximus,microbench_clickbench,60,w2_008,gpu,5,,13.1050,OK
microbench,maximus,microbench_clickbench,60,w2_009,gpu,5,,31.9540,OK
microbench,maximus,microbench_clickbench,60,w2_010,gpu,5,,27.2630,OK
microbench,maximus,microbench_clickbench,60,w2_018,gpu,5,,18.4720,OK
microbench,maximus,microbench_clickbench,60,w2_019,gpu,5,,33.7430,OK
microbench,maximus,microbench_clickbench,60,w3_011,gpu,5,,33.0430,OK
microbench,maximus,microbench_clickbench,60,w3_012,gpu,5,,32.9100,OK
microbench,maximus,microbench_clickbench,60,w3_013,gpu,5,,35.1940,OK
microbench,maximus,microbench_clickbench,60,w3_014,gpu,5,,43.1710,OK
microbench,maximus,microbench_clickbench,60,w3_015,gpu,5,,39.7750,OK
microbench,maximus,microbench_clickbench,60,w3_027,gpu,5,,40.0280,OK
microbench,maximus,microbench_clickbench,60,w4_021,gpu,5,,137.0020,OK
microbench,maximus,microbench_clickbench,60,w4_022,gpu,5,,90.4130,OK
microbench,maximus,microbench_clickbench,60,w4_023,gpu,5,,157.2110,OK
microbench,maximus,microbench_clickbench,60,w4_024,gpu,5,,157.9900,OK
microbench,maximus,microbench_clickbench,60,w4_025,gpu,5,,168.0440,OK
microbench,maximus,microbench_clickbench,60,w4_058,gpu,5,,62.9270,OK
microbench,maximus,microbench_clickbench,60,w6_016,gpu,5,,96.9740,OK
microbench,maximus,microbench_clickbench,60,w6_017,gpu,5,,105.5680,OK
microbench,maximus,microbench_clickbench,60,w6_018,gpu,5,,174.0150,OK
microbench,maximus,microbench_clickbench,60,w6_019,gpu,5,,51.3640,OK
microbench,maximus,microbench_clickbench,60,w6_020,gpu,5,,113.7570,OK
microbench,maximus,microbench_clickbench,60,w6_022,gpu,5,,30.5660,OK
microbench,maximus,microbench_clickbench,100,w1_001,gpu,5,,0.8530,OK
microbench,maximus,microbench_clickbench,100,w1_002,gpu,5,,28.3220,OK
microbench,maximus,microbench_clickbench,100,w1_003,gpu,5,,29.0740,OK
microbench,maximus,microbench_clickbench,100,w1_004,gpu,5,,113.1760,OK
microbench,maximus,microbench_clickbench,100,w1_005,gpu,5,,35.6720,OK
microbench,maximus,microbench_clickbench,100,w1_006,gpu,5,,177.8570,OK
microbench,maximus,microbench_clickbench,100,w2_007,gpu,5,,10.6830,OK
microbench,maximus,microbench_clickbench,100,w2_008,gpu,5,,29.1900,OK
microbench,maximus,microbench_clickbench,100,w2_009,gpu,5,,59.0580,OK
microbench,maximus,microbench_clickbench,100,w2_010,gpu,5,,64.1660,OK
microbench,maximus,microbench_clickbench,100,w2_018,gpu,5,,34.8040,OK
microbench,maximus,microbench_clickbench,100,w2_019,gpu,5,,78.4500,OK
microbench,maximus,microbench_clickbench,100,w3_011,gpu,5,,58.0770,OK
microbench,maximus,microbench_clickbench,100,w3_012,gpu,5,,55.1580,OK
microbench,maximus,microbench_clickbench,100,w3_013,gpu,5,,58.6490,OK
microbench,maximus,microbench_clickbench,100,w3_014,gpu,5,,65.8700,OK
microbench,maximus,microbench_clickbench,100,w3_015,gpu,5,,68.5690,OK
microbench,maximus,microbench_clickbench,100,w3_027,gpu,5,,67.4810,OK
microbench,maximus,microbench_clickbench,100,w4_021,gpu,5,,224.5140,OK
microbench,maximus,microbench_clickbench,100,w4_022,gpu,5,,160.7100,OK
microbench,maximus,microbench_clickbench,100,w4_023,gpu,5,,133.4090,OK
microbench,maximus,microbench_clickbench,100,w4_024,gpu,5,,477.7810,OK
microbench,maximus,microbench_clickbench,100,w4_025,gpu,5,,275.6930,OK
microbench,maximus,microbench_clickbench,100,w4_058,gpu,5,,124.6150,OK
microbench,maximus,microbench_clickbench,100,w6_016,gpu,5,,203.7990,OK
microbench,maximus,microbench_clickbench,100,w6_017,gpu,5,,191.0770,OK
microbench,maximus,microbench_clickbench,100,w6_018,gpu,5,,260.0570,OK
microbench,maximus,microbench_clickbench,100,w6_019,gpu,5,,102.8040,OK
microbench,maximus,microbench_clickbench,100,w6_020,gpu,5,,222.1370,OK
microbench,maximus,microbench_clickbench,100,w6_022,gpu,5,,75.6790,OK
