engine,benchmark,sf,query,storage,n_reps,min_s,avg_power_w,avg_gpu_util,max_mem_mb,num_steady_samples,gpu_energy_j,gpu_energy_derived_j,avg_cpu_pkg_w,cpu_energy_j,cpu_energy_derived_j,total_energy_j,status,source_file
maximus,clickbench,1,q1,gpu,1000,0.008,123.0,83.8,40766.0,72,0.9844,0.984,0.0,0.0,0.0,0.9844,OK,maximus_clickbench_sf1_metrics_summary_20260316_083614.csv
maximus,clickbench,1,q20,gpu,553,0.025,178.6,96.0,40768.0,176,4.4662,4.465,0.0,0.0,0.0,4.4662,OK,maximus_clickbench_sf1_metrics_summary_20260316_083614.csv
maximus,clickbench,1,q6,gpu,1000,0.007,120.0,87.0,40768.0,76,0.8399,0.84,0.0,0.0,0.0,0.8399,OK,maximus_clickbench_sf1_metrics_summary_20260316_083614.csv
maximus,clickbench,10,q1,gpu,1000,0.008,191.3,95.3,40768.0,322,1.5305,1.5304,0.0,0.0,0.0,1.5305,OK,maximus_clickbench_sf10_metrics_summary_20260316_083741.csv
maximus,clickbench,10,q20,gpu,94,0.115,233.5,98.6,40766.0,186,26.8581,26.8525,0.0,0.0,0.0,26.8581,OK,maximus_clickbench_sf10_metrics_summary_20260316_083741.csv
maximus,clickbench,10,q6,gpu,1000,0.011,167.1,97.1,40768.0,398,1.838,1.8381,0.0,0.0,0.0,1.838,OK,maximus_clickbench_sf10_metrics_summary_20260316_083741.csv
maximus,clickbench,20,q1,gpu,1000,0.008,202.5,97.4,56890.0,561,1.6197,1.62,0.0,0.0,0.0,1.6197,OK,maximus_clickbench_sf20_metrics_summary_20260316_083859.csv
maximus,clickbench,20,q20,gpu,55,0.193,201.3,85.9,56888.0,247,38.8414,38.8509,0.0,0.0,0.0,38.8414,OK,maximus_clickbench_sf20_metrics_summary_20260316_083859.csv
maximus,clickbench,20,q6,gpu,759,0.017,163.6,92.7,56890.0,609,2.7818,2.7812,0.0,0.0,0.0,2.7818,OK,maximus_clickbench_sf20_metrics_summary_20260316_083859.csv
maximus,clickbench,5,q0,gpu,100,0.0,175.9,96.9,15691.0,21,0.0,0.0,109.7,0.0,0.0,0.0,OK,maximus_clickbench_sf5_metrics_summary_20260304_001509.csv
maximus,clickbench,5,q1,gpu,1000,0.008,180.9,93.9,40766.0,181,1.4468,1.4472,0.0,0.0,0.0,1.4468,OK,maximus_clickbench_sf5_metrics_summary_20260316_083648.csv
maximus,clickbench,5,q10,gpu,2500,0.004,165.6,96.0,15691.0,680,0.7,0.6624,110.6,0.4,0.4424,1.1,OK,maximus_clickbench_sf5_metrics_summary_20260304_001509.csv
maximus,clickbench,5,q11,gpu,1667,0.006,161.8,96.4,15691.0,481,1.0,0.9708,110.7,0.7,0.6642,1.7,OK,maximus_clickbench_sf5_metrics_summary_20260304_001509.csv
maximus,clickbench,5,q12,gpu,556,0.017,125.4,55.3,15697.0,277,2.1,2.1318,110.5,1.9,1.8785,4.0,OK,maximus_clickbench_sf5_metrics_summary_20260304_001509.csv
maximus,clickbench,5,q13,gpu,223,0.045,132.1,73.3,15693.0,188,5.9,5.9445,110.9,5.0,4.9905,10.9,OK,maximus_clickbench_sf5_metrics_summary_20260304_001509.csv
maximus,clickbench,5,q14,gpu,527,0.018,116.4,47.0,15697.0,299,2.1,2.0952,110.7,2.0,1.9926,4.1,OK,maximus_clickbench_sf5_metrics_summary_20260304_001509.csv
maximus,clickbench,5,q15,gpu,5000,0.002,179.1,96.8,15697.0,1204,0.4,0.3582,111.0,0.2,0.222,0.6,OK,maximus_clickbench_sf5_metrics_summary_20260304_001509.csv
maximus,clickbench,5,q16,gpu,477,0.021,122.5,52.8,15697.0,231,2.6,2.5725,111.4,2.3,2.3394,4.9,OK,maximus_clickbench_sf5_metrics_summary_20260304_001509.csv
maximus,clickbench,5,q17,gpu,477,0.021,121.1,55.6,15697.0,244,2.5,2.5431,110.8,2.3,2.3268,4.8,OK,maximus_clickbench_sf5_metrics_summary_20260304_001509.csv
maximus,clickbench,5,q19,gpu,100,0.0,99.7,40.8,15691.0,57,0.0,0.0,110.7,0.0,0.0,0.0,OK,maximus_clickbench_sf5_metrics_summary_20260304_001509.csv
maximus,clickbench,5,q2,gpu,1429,0.007,147.9,90.3,15693.0,483,1.0,1.0353,110.0,0.8,0.77,1.8,OK,maximus_clickbench_sf5_metrics_summary_20260304_001509.csv
maximus,clickbench,5,q20,gpu,163,0.069,218.6,98.4,40766.0,179,15.0805,15.0834,0.0,0.0,0.0,15.0805,OK,maximus_clickbench_sf5_metrics_summary_20260316_083648.csv
maximus,clickbench,5,q21,gpu,213,0.046,244.7,98.6,15695.0,175,11.3,11.2562,110.7,5.1,5.0922,16.4,OK,maximus_clickbench_sf5_metrics_summary_20260304_001509.csv
maximus,clickbench,5,q22,gpu,228,0.044,227.0,96.7,15693.0,189,10.0,9.988,111.1,4.9,4.8884,14.9,OK,maximus_clickbench_sf5_metrics_summary_20260304_001509.csv
maximus,clickbench,5,q23,gpu,218,0.046,215.8,82.4,15691.0,220,9.9,9.9268,111.0,5.1,5.106,15.0,OK,maximus_clickbench_sf5_metrics_summary_20260304_001509.csv
maximus,clickbench,5,q24,gpu,417,0.023,114.2,48.3,15691.0,234,2.6,2.6266,110.9,2.6,2.5507,5.2,OK,maximus_clickbench_sf5_metrics_summary_20260304_001509.csv
maximus,clickbench,5,q25,gpu,218,0.045,121.2,68.0,15691.0,188,5.5,5.454,110.8,5.0,4.986,10.5,OK,maximus_clickbench_sf5_metrics_summary_20260304_001509.csv
maximus,clickbench,5,q26,gpu,304,0.033,116.2,55.3,15691.0,210,3.8,3.8346,110.7,3.7,3.6531,7.5,OK,maximus_clickbench_sf5_metrics_summary_20260304_001509.csv
maximus,clickbench,5,q29,gpu,3334,0.003,154.1,80.0,15693.0,945,0.5,0.4623,-3272.2,-9.8,-9.8166,-9.3,OK,maximus_clickbench_sf5_metrics_summary_20260304_001509.csv
maximus,clickbench,5,q3,gpu,1667,0.006,154.4,97.1,15693.0,499,0.9,0.9264,110.3,0.7,0.6618,1.6,OK,maximus_clickbench_sf5_metrics_summary_20260304_001509.csv
maximus,clickbench,5,q30,gpu,1667,0.006,173.1,95.5,15699.0,492,1.0,1.0386,111.0,0.7,0.666,1.7,OK,maximus_clickbench_sf5_metrics_summary_20260304_001509.csv
maximus,clickbench,5,q31,gpu,910,0.01,172.0,95.4,15699.0,327,1.7,1.72,110.9,1.1,1.109,2.8,OK,maximus_clickbench_sf5_metrics_summary_20260304_001509.csv
maximus,clickbench,5,q32,gpu,99,0.085,145.7,68.4,15697.0,124,12.4,12.3845,110.9,9.4,9.4265,21.8,OK,maximus_clickbench_sf5_metrics_summary_20260304_001509.csv
maximus,clickbench,5,q33,gpu,110,0.091,84.6,27.8,15697.0,157,7.7,7.6986,110.4,10.1,10.0464,17.8,OK,maximus_clickbench_sf5_metrics_summary_20260304_001509.csv
maximus,clickbench,5,q34,gpu,112,0.091,83.6,25.6,15697.0,151,7.6,7.6076,110.4,10.0,10.0464,17.6,OK,maximus_clickbench_sf5_metrics_summary_20260304_001509.csv
maximus,clickbench,5,q35,gpu,5000,0.002,181.0,97.0,15697.0,1173,0.4,0.362,110.8,0.2,0.2216,0.6,OK,maximus_clickbench_sf5_metrics_summary_20260304_001509.csv
maximus,clickbench,5,q36,gpu,10000,0.001,183.6,97.0,15691.0,2227,0.2,0.1836,110.5,0.1,0.1105,0.3,OK,maximus_clickbench_sf5_metrics_summary_20260304_001509.csv
maximus,clickbench,5,q37,gpu,10000,0.001,184.0,97.0,15691.0,2225,0.2,0.184,110.6,0.1,0.1106,0.3,OK,maximus_clickbench_sf5_metrics_summary_20260304_001509.csv
maximus,clickbench,5,q38,gpu,100,0.0,102.6,45.6,15691.0,57,0.0,0.0,110.6,0.0,0.0,0.0,OK,maximus_clickbench_sf5_metrics_summary_20260304_001509.csv
maximus,clickbench,5,q39,gpu,100,0.0,173.0,95.9,15691.0,22,0.0,0.0,111.3,0.0,0.0,0.0,OK,maximus_clickbench_sf5_metrics_summary_20260304_001509.csv
maximus,clickbench,5,q4,gpu,10000,0.001,184.5,96.4,15693.0,2273,0.2,0.1845,110.5,0.1,0.1105,0.3,OK,maximus_clickbench_sf5_metrics_summary_20260304_001509.csv
maximus,clickbench,5,q40,gpu,100,0.0,107.0,66.9,15691.0,61,0.0,0.0,110.3,0.0,0.0,0.0,OK,maximus_clickbench_sf5_metrics_summary_20260304_001509.csv
maximus,clickbench,5,q41,gpu,100,0.0,107.3,45.3,15691.0,60,0.0,0.0,110.5,0.0,0.0,0.0,OK,maximus_clickbench_sf5_metrics_summary_20260304_001509.csv
maximus,clickbench,5,q5,gpu,10000,0.0,184.4,96.0,15693.0,2220,0.0,0.0,110.6,0.0,0.0,0.0,OK,maximus_clickbench_sf5_metrics_summary_20260304_001509.csv
maximus,clickbench,5,q6,gpu,1000,0.008,161.5,96.1,40768.0,218,1.2922,1.292,0.0,0.0,0.0,1.2922,OK,maximus_clickbench_sf5_metrics_summary_20260316_083648.csv
maximus,clickbench,5,q7,gpu,100,0.0,155.7,86.3,15695.0,27,0.0,0.0,111.5,0.0,0.0,0.0,OK,maximus_clickbench_sf5_metrics_summary_20260304_001509.csv
maximus,clickbench,5,q8,gpu,271,0.036,190.3,99.0,15691.0,192,6.9,6.8508,110.9,4.0,3.9924,10.9,OK,maximus_clickbench_sf5_metrics_summary_20260304_001509.csv
maximus,clickbench,5,q9,gpu,271,0.037,191.4,99.0,15693.0,192,7.1,7.0818,111.0,4.1,4.107,11.2,OK,maximus_clickbench_sf5_metrics_summary_20260304_001509.csv
maximus,h2o,1gb,q1,cpu,180,0.055469,62.6,7.1,40770.0,1372,0.0,3.4724,0.0,0.0,0.0,0.0,OK,maximus_cpu_data_metrics_summary_20260316_115748.csv
maximus,h2o,1gb,q10,cpu,167,0.048,185.4,67.0,8844.0,404,0.0,8.8992,131.9,6.3,6.3312,6.3,OK,maximus_cpu_data_metrics_summary_20260302_133558.csv
maximus,h2o,1gb,q2,cpu,500,0.019,183.9,74.5,8840.0,861,0.0,3.4941,132.0,2.5,2.508,2.5,OK,maximus_cpu_data_metrics_summary_20260302_133558.csv
maximus,h2o,1gb,q3,cpu,35,0.289667,67.8,13.5,40776.0,487,0.0,19.6394,0.0,0.0,0.0,0.0,OK,maximus_cpu_data_metrics_summary_20260316_115748.csv
maximus,h2o,1gb,q4,cpu,313,0.019,183.9,79.1,8842.0,507,0.0,3.4941,132.5,2.5,2.5175,2.5,OK,maximus_cpu_data_metrics_summary_20260302_133558.csv
maximus,h2o,1gb,q5,cpu,138,0.070444,63.0,7.5,40774.0,1137,0.0,4.438,0.0,0.0,0.0,0.0,OK,maximus_cpu_data_metrics_summary_20260316_115748.csv
maximus,h2o,1gb,q6,cpu,35,0.189,196.9,91.6,8838.0,217,0.0,37.2141,130.8,24.7,24.7212,24.7,OK,maximus_cpu_data_metrics_summary_20260302_133558.csv
maximus,h2o,1gb,q7,cpu,223,0.016,184.7,77.1,8844.0,386,0.0,2.9552,132.2,2.1,2.1152,2.1,OK,maximus_cpu_data_metrics_summary_20260302_133558.csv
maximus,h2o,1gb,q9,cpu,189,0.02,184.0,72.6,8842.0,398,0.0,3.68,132.0,2.6,2.64,2.6,OK,maximus_cpu_data_metrics_summary_20260302_133558.csv
maximus,h2o,2gb,q1,cpu,80,0.110608,62.6,7.4,40770.0,1164,0.0,6.9241,0.0,0.0,0.0,0.0,OK,maximus_cpu_data_metrics_summary_20260316_115748.csv
maximus,h2o,2gb,q10,cpu,103,0.096,185.4,76.9,11498.0,548,0.0,17.7984,-5374.2,-515.9,-515.9232,-515.9,OK,maximus_cpu_data_metrics_summary_20260302_133558.csv
maximus,h2o,2gb,q2,cpu,125,0.038,184.2,83.5,10030.0,449,0.0,6.9996,132.3,5.0,5.0274,5.0,OK,maximus_cpu_data_metrics_summary_20260302_133558.csv
maximus,h2o,2gb,q3,cpu,24,0.407717,65.3,13.4,40776.0,544,0.0,26.6239,0.0,0.0,0.0,0.0,OK,maximus_cpu_data_metrics_summary_20260316_115748.csv
maximus,h2o,2gb,q4,cpu,271,0.037,184.2,75.0,10032.0,921,0.0,6.8154,132.0,4.9,4.884,4.9,OK,maximus_cpu_data_metrics_summary_20260302_133558.csv
maximus,h2o,2gb,q5,cpu,65,0.137757,63.3,7.5,40774.0,1022,0.0,8.72,0.0,0.0,0.0,0.0,OK,maximus_cpu_data_metrics_summary_20260316_115748.csv
maximus,h2o,2gb,q6,cpu,20,0.51,197.9,92.6,10028.0,280,0.0,100.929,130.2,66.4,66.402,66.4,OK,maximus_cpu_data_metrics_summary_20260302_133558.csv
maximus,h2o,2gb,q7,cpu,159,0.033,185.0,74.3,10034.0,582,0.0,6.105,131.9,4.4,4.3527,4.4,OK,maximus_cpu_data_metrics_summary_20260302_133558.csv
maximus,h2o,2gb,q9,cpu,250,0.04,184.5,70.0,10032.0,936,0.0,7.38,131.5,5.3,5.26,5.3,OK,maximus_cpu_data_metrics_summary_20260302_133558.csv
maximus,h2o,3gb,q1,cpu,59,0.165525,62.6,6.7,40770.0,1394,0.0,10.3619,0.0,0.0,0.0,0.0,OK,maximus_cpu_data_metrics_summary_20260316_115748.csv
maximus,h2o,3gb,q2,cpu,37,0.266,184.8,75.6,14424.0,1027,0.0,49.1568,133.4,35.5,35.4844,35.5,OK,maximus_cpu_data_metrics_summary_20260302_133558.csv
maximus,h2o,3gb,q3,cpu,17,0.531554,65.5,10.6,40776.0,655,0.0,34.8168,0.0,0.0,0.0,0.0,OK,maximus_cpu_data_metrics_summary_20260316_115748.csv
maximus,h2o,3gb,q4,cpu,44,0.2,183.8,84.6,14424.0,1115,0.0,36.76,133.2,26.6,26.64,26.6,OK,maximus_cpu_data_metrics_summary_20260302_133558.csv
maximus,h2o,3gb,q5,cpu,45,0.220757,63.4,7.3,40774.0,1129,0.0,13.996,0.0,0.0,0.0,0.0,OK,maximus_cpu_data_metrics_summary_20260316_115748.csv
maximus,h2o,3gb,q6,cpu,3,4.033,191.7,61.6,14420.0,424,0.0,773.1261,135.0,544.6,544.455,544.6,OK,maximus_cpu_data_metrics_summary_20260302_133558.csv
maximus,h2o,3gb,q7,cpu,16,0.622,183.7,90.9,14426.0,706,0.0,114.2614,133.6,83.1,83.0992,83.1,OK,maximus_cpu_data_metrics_summary_20260302_133558.csv
maximus,h2o,3gb,q9,cpu,24,0.0,184.3,74.7,15570.0,311,0.0,0.0,137.2,0.0,0.0,0.0,FAIL,maximus_cpu_data_metrics_summary_20260302_133558.csv
maximus,h2o,4gb,q1,cpu,38,0.219845,62.5,6.8,40770.0,1208,0.0,13.7403,0.0,0.0,0.0,0.0,OK,maximus_cpu_data_metrics_summary_20260316_115748.csv
maximus,h2o,4gb,q2,cpu,27,0.364,184.2,68.0,15494.0,1138,0.0,67.0488,133.6,48.6,48.6304,48.6,OK,maximus_cpu_data_metrics_summary_20260302_133558.csv
maximus,h2o,4gb,q3,cpu,15,0.676744,64.3,9.1,40776.0,868,0.0,43.5146,0.0,0.0,0.0,0.0,OK,maximus_cpu_data_metrics_summary_20260316_115748.csv
maximus,h2o,4gb,q4,cpu,34,0.266,183.7,75.6,15156.0,1219,0.0,48.8642,133.5,35.5,35.511,35.5,OK,maximus_cpu_data_metrics_summary_20260302_133558.csv
maximus,h2o,4gb,q5,cpu,35,0.28948,63.2,7.1,40774.0,1177,0.0,18.2951,0.0,0.0,0.0,0.0,OK,maximus_cpu_data_metrics_summary_20260316_115748.csv
maximus,h2o,4gb,q6,cpu,4,2.911,118.7,48.3,12777.0,316,0.0,345.5357,111.2,323.7,323.7032,323.7,OK,maximus_cpu_data_metrics_summary_20260301_061838.csv
maximus,h2o,4gb,q7,cpu,15,0.642,60.3,7.4,12783.0,715,0.0,38.7126,111.9,71.8,71.8398,71.8,OK,maximus_cpu_data_metrics_summary_20260301_061838.csv
maximus,h2o,4gb,q9,cpu,29,0.347,60.3,8.1,12783.0,1035,0.0,20.9241,112.7,39.1,39.1069,39.1,OK,maximus_cpu_data_metrics_summary_20260301_061838.csv
maximus,microbench_clickbench,1,w1_001,gpu,1000,0.005,125.0,86.4,40768.0,69,0.6248,0.625,0.0,0.0,0.0,0.6248,OK,maximus_microbench_clickbench_sf1_metrics_summary_20260316_084704.csv
maximus,microbench_clickbench,1,w3_011,gpu,1000,0.021,132.6,94.8,40770.0,64,2.7852,2.7846,0.0,0.0,0.0,2.7852,OK,maximus_microbench_clickbench_sf1_metrics_summary_20260316_084704.csv
maximus,microbench_clickbench,1,w6_016,gpu,1000,0.014,134.0,95.7,40766.0,63,1.8754,1.876,0.0,0.0,0.0,1.8754,OK,maximus_microbench_clickbench_sf1_metrics_summary_20260316_084704.csv
maximus,microbench_clickbench,10,w1_001,gpu,1000,0.001,192.2,96.5,40768.0,317,0.1922,0.1922,0.0,0.0,0.0,0.1922,OK,maximus_microbench_clickbench_sf10_metrics_summary_20260316_084821.csv
maximus,microbench_clickbench,10,w3_011,gpu,1000,0.014,194.5,98.8,40770.0,320,2.7224,2.723,0.0,0.0,0.0,2.7224,OK,maximus_microbench_clickbench_sf10_metrics_summary_20260316_084821.csv
maximus,microbench_clickbench,10,w6_016,gpu,1000,0.014,201.4,98.8,40766.0,331,2.8201,2.8196,0.0,0.0,0.0,2.8201,OK,maximus_microbench_clickbench_sf10_metrics_summary_20260316_084821.csv
maximus,microbench_clickbench,20,w1_001,gpu,1000,0.001,202.8,98.0,56890.0,553,0.2028,0.2028,0.0,0.0,0.0,0.2028,OK,maximus_microbench_clickbench_sf20_metrics_summary_20260316_084944.csv
maximus,microbench_clickbench,20,w3_011,gpu,1000,0.022,190.6,93.7,56892.0,632,4.1928,4.1932,0.0,0.0,0.0,4.1928,OK,maximus_microbench_clickbench_sf20_metrics_summary_20260316_084944.csv
maximus,microbench_clickbench,20,w6_016,gpu,1000,0.013,199.0,94.9,56888.0,646,2.5876,2.587,0.0,0.0,0.0,2.5876,OK,maximus_microbench_clickbench_sf20_metrics_summary_20260316_084944.csv
maximus,microbench_clickbench,5,w1_001,gpu,1000,0.001,182.5,93.4,40766.0,180,0.1825,0.1825,0.0,0.0,0.0,0.1825,OK,maximus_microbench_clickbench_sf5_metrics_summary_20260316_084729.csv
maximus,microbench_clickbench,5,w3_011,gpu,1000,0.02,184.2,97.7,40770.0,181,3.6835,3.684,0.0,0.0,0.0,3.6835,OK,maximus_microbench_clickbench_sf5_metrics_summary_20260316_084729.csv
maximus,microbench_clickbench,5,w6_016,gpu,1000,0.015,193.2,98.7,40766.0,184,2.8985,2.898,0.0,0.0,0.0,2.8985,OK,maximus_microbench_clickbench_sf5_metrics_summary_20260316_084729.csv
maximus,microbench_h2o,1gb,w1_001,cpu,776,0.01246,61.7,1.5,40768.0,5304,0.0,0.7688,0.0,0.0,0.0,0.0,OK,maximus_cpu_data_metrics_summary_20260316_115748.csv
maximus,microbench_h2o,1gb,w3_016,cpu,179,0.055591,63.7,7.2,40770.0,1332,0.0,3.5411,0.0,0.0,0.0,0.0,OK,maximus_cpu_data_metrics_summary_20260316_115748.csv
maximus,microbench_h2o,1gb,w6_022,cpu,112,0.089228,75.2,11.6,40766.0,915,0.0,6.7099,0.0,0.0,0.0,0.0,OK,maximus_cpu_data_metrics_summary_20260316_115748.csv
maximus,microbench_h2o,2gb,w1_001,cpu,405,0.023999,61.1,1.4,40768.0,5527,0.0,1.4663,0.0,0.0,0.0,0.0,OK,maximus_cpu_data_metrics_summary_20260316_115748.csv
maximus,microbench_h2o,2gb,w3_016,cpu,87,0.110063,63.2,7.0,40770.0,1302,0.0,6.956,0.0,0.0,0.0,0.0,OK,maximus_cpu_data_metrics_summary_20260316_115748.csv
maximus,microbench_h2o,2gb,w6_022,cpu,54,0.180041,73.3,11.3,40766.0,900,0.0,13.197,0.0,0.0,0.0,0.0,OK,maximus_cpu_data_metrics_summary_20260316_115748.csv
maximus,microbench_h2o,3gb,w1_001,cpu,260,0.035847,61.0,1.4,40768.0,5427,0.0,2.1867,0.0,0.0,0.0,0.0,OK,maximus_cpu_data_metrics_summary_20260316_115748.csv
maximus,microbench_h2o,3gb,w3_016,cpu,61,0.165848,63.5,7.0,40770.0,1391,0.0,10.5313,0.0,0.0,0.0,0.0,OK,maximus_cpu_data_metrics_summary_20260316_115748.csv
maximus,microbench_h2o,3gb,w6_022,cpu,37,0.271214,74.4,11.3,40766.0,961,0.0,20.1783,0.0,0.0,0.0,0.0,OK,maximus_cpu_data_metrics_summary_20260316_115748.csv
maximus,microbench_h2o,4gb,w1_001,cpu,180,0.048189,61.9,1.4,40768.0,5009,0.0,2.9829,0.0,0.0,0.0,0.0,OK,maximus_cpu_data_metrics_summary_20260316_115748.csv
maximus,microbench_h2o,4gb,w3_016,cpu,41,0.219266,63.0,7.0,40770.0,1255,0.0,13.8138,0.0,0.0,0.0,0.0,OK,maximus_cpu_data_metrics_summary_20260316_115748.csv
maximus,microbench_h2o,4gb,w6_022,cpu,26,0.357557,71.8,10.4,40766.0,955,0.0,25.6726,0.0,0.0,0.0,0.0,OK,maximus_cpu_data_metrics_summary_20260316_115748.csv
maximus,microbench_tpch,1,w1_002,cpu,1000,0.000478,62.7,30.4,40768.0,53,0.0,0.03,0.0,0.0,0.0,0.0,OK,maximus_cpu_data_metrics_summary_20260316_115748.csv
maximus,microbench_tpch,1,w3_001,cpu,1000,0.000286,64.7,69.4,40772.0,14,0.0,0.0185,0.0,0.0,0.0,0.0,OK,maximus_cpu_data_metrics_summary_20260316_115748.csv
maximus,microbench_tpch,1,w5a_029,cpu,1000,0.000431,64.9,65.1,40770.0,16,0.0,0.028,0.0,0.0,0.0,0.0,OK,maximus_cpu_data_metrics_summary_20260316_115748.csv
maximus,microbench_tpch,10,w1_002,cpu,641,0.015203,61.8,2.4,40768.0,4328,0.0,0.9395,0.0,0.0,0.0,0.0,OK,maximus_cpu_data_metrics_summary_20260316_115748.csv
maximus,microbench_tpch,10,w3_001,cpu,1000,0.002758,63.3,8.2,40772.0,589,0.0,0.1746,0.0,0.0,0.0,0.0,OK,maximus_cpu_data_metrics_summary_20260316_115748.csv
maximus,microbench_tpch,10,w5a_029,cpu,251,0.036738,64.9,5.9,40770.0,1811,0.0,2.3843,0.0,0.0,0.0,0.0,OK,maximus_cpu_data_metrics_summary_20260316_115748.csv
maximus,microbench_tpch,20,w1_002,cpu,331,0.029949,61.7,2.0,40768.0,4855,0.0,1.8479,0.0,0.0,0.0,0.0,OK,maximus_cpu_data_metrics_summary_20260316_115748.csv
maximus,microbench_tpch,20,w3_001,cpu,1000,0.005135,63.0,5.6,40772.0,1358,0.0,0.3235,0.0,0.0,0.0,0.0,OK,maximus_cpu_data_metrics_summary_20260316_115748.csv
maximus,microbench_tpch,20,w5a_029,cpu,110,0.075708,65.7,4.9,40770.0,1904,0.0,4.974,0.0,0.0,0.0,0.0,OK,maximus_cpu_data_metrics_summary_20260316_115748.csv
maximus,microbench_tpch,5,w1_002,cpu,1000,0.005977,61.9,3.6,40768.0,2426,0.0,0.37,0.0,0.0,0.0,0.0,OK,maximus_cpu_data_metrics_summary_20260316_115748.csv
maximus,microbench_tpch,5,w3_001,cpu,1000,0.001548,63.3,10.7,40772.0,275,0.0,0.098,0.0,0.0,0.0,0.0,OK,maximus_cpu_data_metrics_summary_20260316_115748.csv
maximus,microbench_tpch,5,w5a_029,cpu,699,0.014246,65.8,5.9,40770.0,2294,0.0,0.9374,0.0,0.0,0.0,0.0,OK,maximus_cpu_data_metrics_summary_20260316_115748.csv
maximus,tpch,1,q1,cpu,1000,0.001169,62.9,37.8,40772.0,66,0.0,0.0735,0.0,0.0,0.0,0.0,OK,maximus_cpu_data_metrics_summary_20260316_115748.csv
maximus,tpch,1,q10,cpu,455,0.022,52.6,2.6,3447.0,1320,0.0,1.1572,112.3,2.5,2.4706,2.5,OK,maximus_cpu_data_metrics_summary_20260302_133558.csv
maximus,tpch,1,q11,cpu,715,0.013,62.4,11.6,3447.0,347,0.0,0.8112,113.1,1.5,1.4703,1.5,OK,maximus_cpu_data_metrics_summary_20260302_133558.csv
maximus,tpch,1,q12,cpu,109,0.09,53.4,6.4,3445.0,446,0.0,4.806,112.1,10.1,10.089,10.1,OK,maximus_cpu_data_metrics_summary_20260302_133558.csv
maximus,tpch,1,q13,cpu,304,0.032,89.5,20.4,3447.0,340,0.0,2.864,111.9,3.6,3.5808,3.6,OK,maximus_cpu_data_metrics_summary_20260302_133558.csv
maximus,tpch,1,q14,cpu,129,0.077,54.2,5.7,3441.0,551,0.0,4.1734,112.4,8.7,8.6548,8.7,OK,maximus_cpu_data_metrics_summary_20260302_133558.csv
maximus,tpch,1,q15,cpu,132,0.074,54.6,6.6,3447.0,471,0.0,4.0404,112.0,8.3,8.288,8.3,OK,maximus_cpu_data_metrics_summary_20260302_133558.csv
maximus,tpch,1,q16,cpu,313,0.032,68.9,31.2,3441.0,271,0.0,2.2048,112.4,3.6,3.5968,3.6,OK,maximus_cpu_data_metrics_summary_20260302_133558.csv
maximus,tpch,1,q17,cpu,125,0.078,54.8,6.5,3445.0,449,0.0,4.2744,111.4,8.7,8.6892,8.7,OK,maximus_cpu_data_metrics_summary_20260302_133558.csv
maximus,tpch,1,q18,cpu,105,0.094,55.9,7.7,3447.0,439,0.0,5.2546,111.3,10.5,10.4622,10.5,OK,maximus_cpu_data_metrics_summary_20260302_133558.csv
maximus,tpch,1,q19,cpu,109,0.092,66.9,11.2,3443.0,428,0.0,6.1548,110.5,10.2,10.166,10.2,OK,maximus_cpu_data_metrics_summary_20260302_133558.csv
maximus,tpch,1,q2,cpu,1667,0.005,52.4,5.7,3445.0,809,0.0,0.262,112.5,0.6,0.5625,0.6,OK,maximus_cpu_data_metrics_summary_20260302_133558.csv
maximus,tpch,1,q20,cpu,109,0.09,55.6,7.3,3445.0,454,0.0,5.004,111.2,10.0,10.008,10.0,OK,maximus_cpu_data_metrics_summary_20260302_133558.csv
maximus,tpch,1,q21,cpu,68,0.147,83.7,18.5,6561.0,330,0.0,12.3039,110.5,16.3,16.2435,16.3,OK,maximus_cpu_data_metrics_summary_20260302_133558.csv
maximus,tpch,1,q22,cpu,477,0.02,56.4,6.9,3447.0,436,0.0,1.128,110.9,2.2,2.218,2.2,OK,maximus_cpu_data_metrics_summary_20260302_133558.csv
maximus,tpch,1,q3,cpu,1000,0.001001,63.5,54.2,40772.0,31,0.0,0.0636,0.0,0.0,0.0,0.0,OK,maximus_cpu_data_metrics_summary_20260316_115748.csv
maximus,tpch,1,q4,cpu,770,0.013,51.7,1.9,3445.0,2028,0.0,0.6721,-1629.8,-21.2,-21.1874,-21.2,OK,maximus_cpu_data_metrics_summary_20260302_133558.csv
maximus,tpch,1,q5,cpu,435,0.022,52.6,2.8,3445.0,1293,0.0,1.1572,112.2,2.5,2.4684,2.5,OK,maximus_cpu_data_metrics_summary_20260302_133558.csv
maximus,tpch,1,q6,cpu,1000,0.000569,62.8,47.5,40768.0,20,0.0,0.0357,0.0,0.0,0.0,0.0,OK,maximus_cpu_data_metrics_summary_20260316_115748.csv
maximus,tpch,1,q7,cpu,435,0.023,52.4,2.7,3445.0,1310,0.0,1.2052,113.0,2.6,2.599,2.6,OK,maximus_cpu_data_metrics_summary_20260302_133558.csv
maximus,tpch,1,q8,cpu,371,0.026,52.3,2.7,3445.0,1251,0.0,1.3598,112.6,2.9,2.9276,2.9,OK,maximus_cpu_data_metrics_summary_20260302_133558.csv
maximus,tpch,1,q9,cpu,304,0.032,53.6,3.2,3447.0,1157,0.0,1.7152,111.7,3.6,3.5744,3.6,OK,maximus_cpu_data_metrics_summary_20260302_133558.csv
maximus,tpch,10,q1,cpu,41,0.244957,66.3,11.2,40772.0,1281,0.0,16.2406,0.0,0.0,0.0,0.0,OK,maximus_cpu_data_metrics_summary_20260316_115748.csv
maximus,tpch,10,q10,cpu,44,0.261,183.5,70.4,15802.0,2130,0.0,47.8935,132.6,34.6,34.6086,34.6,OK,maximus_cpu_data_metrics_summary_20260302_133558.csv
maximus,tpch,10,q11,cpu,72,0.129,184.8,68.3,9724.0,818,0.0,23.8392,135.4,17.5,17.4666,17.5,OK,maximus_cpu_data_metrics_summary_20260302_133558.csv
maximus,tpch,10,q12,cpu,11,1.182,183.5,72.6,7662.0,1089,0.0,216.897,134.0,158.4,158.388,158.4,OK,maximus_cpu_data_metrics_summary_20260302_133558.csv
maximus,tpch,10,q13,cpu,26,0.495,192.0,86.7,14510.0,620,0.0,95.04,136.0,67.3,67.32,67.3,OK,maximus_cpu_data_metrics_summary_20260302_133558.csv
maximus,tpch,10,q14,cpu,13,1.003,183.3,74.3,7658.0,1063,0.0,183.8499,134.3,134.7,134.7029,134.7,OK,maximus_cpu_data_metrics_summary_20260302_133558.csv
maximus,tpch,10,q15,cpu,13,0.91,183.4,75.5,7666.0,991,0.0,166.894,134.3,122.2,122.213,122.2,OK,maximus_cpu_data_metrics_summary_20260302_133558.csv
maximus,tpch,10,q16,cpu,41,0.275,186.9,81.9,11192.0,653,0.0,51.3975,136.4,37.5,37.51,37.5,OK,maximus_cpu_data_metrics_summary_20260302_133558.csv
maximus,tpch,10,q17,cpu,12,0.0,182.8,80.6,15704.0,624,0.0,0.0,137.3,0.0,0.0,0.0,FAIL,maximus_cpu_data_metrics_summary_20260302_133558.csv
maximus,tpch,10,q18,cpu,10,0.0,181.9,66.7,15822.0,452,0.0,0.0,138.7,0.0,0.0,0.0,FAIL,maximus_cpu_data_metrics_summary_20260302_133558.csv
maximus,tpch,10,q2,cpu,239,0.033,130.2,55.2,4316.0,1130,0.0,4.2966,134.9,4.5,4.4517,4.5,OK,maximus_cpu_data_metrics_summary_20260302_133558.csv
maximus,tpch,10,q3,cpu,86,0.117442,61.5,4.1,40810.0,3229,0.0,7.2227,0.0,0.0,0.0,0.0,OK,maximus_cpu_data_metrics_summary_20260316_115748.csv
maximus,tpch,10,q4,cpu,75,0.138,183.4,79.5,11556.0,2655,0.0,25.3092,132.9,18.3,18.3402,18.3,OK,maximus_cpu_data_metrics_summary_20260302_133558.csv
maximus,tpch,10,q5,cpu,46,0.216,183.8,76.4,15002.0,2016,0.0,39.7008,133.0,28.7,28.728,28.7,OK,maximus_cpu_data_metrics_summary_20260302_133558.csv
maximus,tpch,10,q6,cpu,112,0.087583,61.3,4.0,40766.0,3310,0.0,5.3688,0.0,0.0,0.0,0.0,OK,maximus_cpu_data_metrics_summary_20260316_115748.csv
maximus,tpch,10,q7,cpu,42,0.25,184.0,75.6,15310.0,1958,0.0,46.0,-1541.5,-385.4,-385.375,-385.4,OK,maximus_cpu_data_metrics_summary_20260302_133558.csv
maximus,tpch,10,q8,cpu,36,0.264,183.5,78.6,15768.0,1845,0.0,48.444,133.0,35.1,35.112,35.1,OK,maximus_cpu_data_metrics_summary_20260302_133558.csv
maximus,tpch,10,q9,cpu,29,0.0,182.9,77.9,15762.0,374,0.0,0.0,139.1,0.0,0.0,0.0,FAIL,maximus_cpu_data_metrics_summary_20260302_133558.csv
maximus,tpch,2,q1,cpu,173,0.057,58.0,4.1,3445.0,1001,0.0,3.306,111.0,6.3,6.327,6.3,OK,maximus_cpu_data_metrics_summary_20260302_133558.csv
maximus,tpch,2,q10,cpu,233,0.042,55.0,3.4,3447.0,1450,0.0,2.31,-2358.7,-99.1,-99.0654,-99.1,OK,maximus_cpu_data_metrics_summary_20260302_133558.csv
maximus,tpch,2,q11,cpu,385,0.026,65.1,10.5,3447.0,362,0.0,1.6926,112.2,2.9,2.9172,2.9,OK,maximus_cpu_data_metrics_summary_20260302_133558.csv
maximus,tpch,2,q12,cpu,55,0.18,56.3,6.7,3445.0,491,0.0,10.134,111.2,20.0,20.016,20.0,OK,maximus_cpu_data_metrics_summary_20260302_133558.csv
maximus,tpch,2,q13,cpu,157,0.063,92.4,15.2,3447.0,351,0.0,5.8212,112.3,7.1,7.0749,7.1,OK,maximus_cpu_data_metrics_summary_20260302_133558.csv
maximus,tpch,2,q14,cpu,66,0.153,54.0,5.6,3443.0,583,0.0,8.262,113.4,17.3,17.3502,17.3,OK,maximus_cpu_data_metrics_summary_20260302_133558.csv
maximus,tpch,2,q15,cpu,67,0.148,53.0,7.2,3449.0,493,0.0,7.844,112.7,16.7,16.6796,16.7,OK,maximus_cpu_data_metrics_summary_20260302_133558.csv
maximus,tpch,2,q16,cpu,205,0.048,65.7,20.2,3441.0,329,0.0,3.1536,115.0,5.5,5.52,5.5,OK,maximus_cpu_data_metrics_summary_20260302_133558.csv
maximus,tpch,2,q17,cpu,58,0.169,53.0,6.0,3447.0,439,0.0,8.957,114.9,19.4,19.4181,19.4,OK,maximus_cpu_data_metrics_summary_20260302_133558.csv
maximus,tpch,2,q18,cpu,49,0.203,53.3,7.5,3447.0,465,0.0,10.8199,115.5,23.4,23.4465,23.4,OK,maximus_cpu_data_metrics_summary_20260302_133558.csv
maximus,tpch,2,q19,cpu,51,0.197,62.6,9.8,6553.0,380,0.0,12.3322,115.0,22.7,22.655,22.7,OK,maximus_cpu_data_metrics_summary_20260302_133558.csv
maximus,tpch,2,q2,cpu,1112,0.009,55.6,4.2,3445.0,1060,0.0,0.5004,112.1,1.0,1.0089,1.0,OK,maximus_cpu_data_metrics_summary_20260302_133558.csv
maximus,tpch,2,q20,cpu,55,0.18,52.6,5.6,3445.0,525,0.0,9.468,113.7,20.5,20.466,20.5,OK,maximus_cpu_data_metrics_summary_20260302_133558.csv
maximus,tpch,2,q21,cpu,34,0.3,79.2,21.0,12785.0,365,0.0,23.76,113.0,33.9,33.9,33.9,OK,maximus_cpu_data_metrics_summary_20260302_133558.csv
maximus,tpch,2,q22,cpu,257,0.038,53.0,6.3,3447.0,474,0.0,2.014,112.1,4.3,4.2598,4.3,OK,maximus_cpu_data_metrics_summary_20260302_133558.csv
maximus,tpch,2,q3,cpu,250,0.039,55.2,2.3,3445.0,1729,0.0,2.1528,111.6,4.4,4.3524,4.4,OK,maximus_cpu_data_metrics_summary_20260302_133558.csv
maximus,tpch,2,q4,cpu,385,0.025,54.9,1.4,3445.0,2415,0.0,1.3725,111.7,2.8,2.7925,2.8,OK,maximus_cpu_data_metrics_summary_20260302_133558.csv
maximus,tpch,2,q5,cpu,223,0.042,55.5,3.0,3445.0,1456,0.0,2.331,114.7,4.8,4.8174,4.8,OK,maximus_cpu_data_metrics_summary_20260302_133558.csv
maximus,tpch,2,q6,cpu,323,0.03,54.7,1.7,3441.0,1834,0.0,1.641,111.7,3.4,3.351,3.4,OK,maximus_cpu_data_metrics_summary_20260302_133558.csv
maximus,tpch,2,q7,cpu,218,0.045,55.4,3.1,3445.0,1416,0.0,2.493,111.8,5.0,5.031,5.0,OK,maximus_cpu_data_metrics_summary_20260302_133558.csv
maximus,tpch,2,q8,cpu,189,0.051,55.2,2.1,3445.0,1339,0.0,2.8152,111.7,5.7,5.6967,5.7,OK,maximus_cpu_data_metrics_summary_20260302_133558.csv
maximus,tpch,2,q9,cpu,152,0.064,56.2,3.0,3447.0,1126,0.0,3.5968,112.1,7.2,7.1744,7.2,OK,maximus_cpu_data_metrics_summary_20260302_133558.csv
maximus,tpch,20,q1,cpu,20,0.496219,64.7,7.7,40772.0,1803,0.0,32.1054,0.0,0.0,0.0,0.0,OK,maximus_cpu_data_metrics_summary_20260316_115748.csv
maximus,tpch,20,q3,cpu,40,0.233579,61.3,2.6,40810.0,4733,0.0,14.3184,0.0,0.0,0.0,0.0,OK,maximus_cpu_data_metrics_summary_20260316_115748.csv
maximus,tpch,20,q6,cpu,58,0.174248,61.3,2.6,40768.0,4896,0.0,10.6814,0.0,0.0,0.0,0.0,OK,maximus_cpu_data_metrics_summary_20260316_115748.csv
maximus,tpch,5,q1,cpu,79,0.122411,66.2,11.3,40772.0,1227,0.0,8.1036,0.0,0.0,0.0,0.0,OK,maximus_cpu_data_metrics_summary_20260316_115748.csv
maximus,tpch,5,q10,cpu,95,0.112,131.8,55.2,4314.0,1798,0.0,14.7616,133.1,14.9,14.9072,14.9,OK,maximus_cpu_data_metrics_summary_20260302_133558.csv
maximus,tpch,5,q11,cpu,157,0.069,136.4,59.9,4316.0,447,0.0,9.4116,-7313.2,-504.6,-504.6108,-504.6,OK,maximus_cpu_data_metrics_summary_20260302_133558.csv
maximus,tpch,5,q12,cpu,22,0.471,130.7,55.6,4312.0,699,0.0,61.5597,134.6,63.4,63.3966,63.4,OK,maximus_cpu_data_metrics_summary_20260302_133558.csv
maximus,tpch,5,q13,cpu,61,0.185,151.8,62.9,7506.0,381,0.0,28.083,132.2,24.5,24.457,24.5,OK,maximus_cpu_data_metrics_summary_20260302_133558.csv
maximus,tpch,5,q14,cpu,27,0.391,120.0,48.8,4310.0,706,0.0,46.92,135.0,52.8,52.785,52.8,OK,maximus_cpu_data_metrics_summary_20260302_133558.csv
maximus,tpch,5,q15,cpu,28,0.385,134.3,56.8,4318.0,734,0.0,51.7055,134.3,51.7,51.7055,51.7,OK,maximus_cpu_data_metrics_summary_20260302_133558.csv
maximus,tpch,5,q16,cpu,97,0.118,139.0,65.9,4312.0,422,0.0,16.402,132.6,15.6,15.6468,15.6,OK,maximus_cpu_data_metrics_summary_20260302_133558.csv
maximus,tpch,5,q17,cpu,25,0.427,131.9,55.7,7212.0,696,0.0,56.3213,134.7,57.5,57.5169,57.5,OK,maximus_cpu_data_metrics_summary_20260302_133558.csv
maximus,tpch,5,q18,cpu,20,0.517,131.5,57.0,7212.0,658,0.0,67.9855,133.0,68.8,68.761,68.8,OK,maximus_cpu_data_metrics_summary_20260302_133558.csv
maximus,tpch,5,q19,cpu,21,0.514,135.1,57.7,15256.0,619,0.0,69.4414,134.5,69.1,69.133,69.1,OK,maximus_cpu_data_metrics_summary_20260302_133558.csv
maximus,tpch,5,q2,cpu,556,0.018,54.0,5.6,3889.0,1655,0.0,0.972,124.3,2.2,2.2374,2.2,OK,maximus_cpu_data_metrics_summary_20260302_133558.csv
maximus,tpch,5,q20,cpu,23,0.478,131.0,56.6,4316.0,770,0.0,62.618,134.5,64.3,64.291,64.3,OK,maximus_cpu_data_metrics_summary_20260302_133558.csv
maximus,tpch,5,q3,cpu,169,0.058158,61.6,4.2,40810.0,3210,0.0,3.5825,0.0,0.0,0.0,0.0,OK,maximus_cpu_data_metrics_summary_20260316_115748.csv
maximus,tpch,5,q4,cpu,157,0.063,54.3,4.6,7440.0,2510,0.0,3.4209,129.0,8.1,8.127,8.1,OK,maximus_cpu_data_metrics_summary_20260302_133558.csv
maximus,tpch,5,q5,cpu,91,0.108,54.7,5.1,6728.0,1435,0.0,5.9076,133.3,14.4,14.3964,14.4,OK,maximus_cpu_data_metrics_summary_20260302_133558.csv
maximus,tpch,5,q6,cpu,221,0.044391,61.5,3.8,40768.0,3284,0.0,2.73,0.0,0.0,0.0,0.0,OK,maximus_cpu_data_metrics_summary_20260316_115748.csv
maximus,tpch,5,q7,cpu,88,0.118,128.7,39.4,6728.0,1700,0.0,15.1866,133.9,15.8,15.8002,15.8,OK,maximus_cpu_data_metrics_summary_20260302_133558.csv
maximus,tpch,5,q8,cpu,76,0.13,127.9,38.9,12984.0,1646,0.0,16.627,133.3,17.3,17.329,17.3,OK,maximus_cpu_data_metrics_summary_20260302_133558.csv
maximus,tpch,5,q9,cpu,61,0.165,119.7,45.7,12776.0,1392,0.0,19.7505,133.8,22.1,22.077,22.1,OK,maximus_cpu_data_metrics_summary_20260302_133558.csv
sirius,clickbench,10,q0,gpu,0,0.0,0.0,0.0,0.0,0,0.0,0.0,0.0,0.0,0.0,0.0,OK,sirius_clickbench_sf10_metrics_summary_20260302_053904.csv
sirius,clickbench,10,q1,gpu,60000,0.0,67.0,9.2,15841.0,811,0.0,0.0,110.8,0.0,0.0,0.0,OK,sirius_clickbench_sf10_metrics_summary_20260302_053904.csv
sirius,clickbench,10,q10,gpu,20000,0.001,101.7,55.2,15841.0,856,0.1,0.1017,115.4,0.12,0.1154,0.22,OK,sirius_clickbench_sf10_metrics_summary_20260302_053904.csv
sirius,clickbench,10,q11,gpu,20001,0.001,103.9,54.5,15841.0,979,0.1,0.1039,115.2,0.12,0.1152,0.22,OK,sirius_clickbench_sf10_metrics_summary_20260302_053904.csv
sirius,clickbench,10,q12,gpu,24000,0.001,128.2,53.3,15841.0,877,0.13,0.1282,116.6,0.12,0.1166,0.25,OK,sirius_clickbench_sf10_metrics_summary_20260302_053904.csv
sirius,clickbench,10,q13,gpu,3915,0.001,148.2,77.6,15841.0,761,0.15,0.1482,117.3,0.12,0.1173,0.27,OK,sirius_clickbench_sf10_metrics_summary_20260302_053904.csv
sirius,clickbench,10,q14,gpu,20000,0.001,129.2,51.7,15841.0,774,0.13,0.1292,-4301.1,-4.3,-4.3011,-4.17,OK,sirius_clickbench_sf10_metrics_summary_20260302_053904.csv
sirius,clickbench,10,q15,gpu,225000,0.004,58.3,5.5,15833.0,734,0.23,0.2332,112.1,0.45,0.4484,0.68,OK,sirius_clickbench_sf10_metrics_summary_20260302_053904.csv
sirius,clickbench,10,q16,gpu,93338,0.008,62.4,6.4,15837.0,738,0.5,0.4992,112.1,0.9,0.8968,1.4,OK,sirius_clickbench_sf10_metrics_summary_20260302_053904.csv
sirius,clickbench,10,q17,gpu,150000,0.006,61.1,2.8,15841.0,683,0.37,0.3666,112.5,0.68,0.675,1.05,OK,sirius_clickbench_sf10_metrics_summary_20260302_053904.csv
sirius,clickbench,10,q18,gpu,45890,0.017,69.9,8.6,15835.0,646,1.19,1.1883,112.0,1.9,1.904,3.09,OK,sirius_clickbench_sf10_metrics_summary_20260302_053904.csv
sirius,clickbench,10,q19,gpu,60000,0.0,94.0,26.6,15841.0,832,0.0,0.0,110.9,0.0,0.0,0.0,OK,sirius_clickbench_sf10_metrics_summary_20260302_053904.csv
sirius,clickbench,10,q2,gpu,960000,0.001,52.2,1.3,15841.0,724,0.05,0.0522,111.5,0.11,0.1115,0.16,OK,sirius_clickbench_sf10_metrics_summary_20260302_053904.csv
sirius,clickbench,10,q20,gpu,7500,0.007,206.5,87.9,15841.0,761,1.45,1.4455,111.4,0.78,0.7798,2.23,OK,sirius_clickbench_sf10_metrics_summary_20260302_053904.csv
sirius,clickbench,10,q21,gpu,6667,0.008,201.5,84.4,15841.0,770,1.61,1.612,111.8,0.89,0.8944,2.5,OK,sirius_clickbench_sf10_metrics_summary_20260302_053904.csv
sirius,clickbench,10,q22,gpu,5218,0.016,195.7,85.7,15841.0,1311,3.13,3.1312,112.1,1.79,1.7936,4.92,OK,sirius_clickbench_sf10_metrics_summary_20260302_053904.csv
sirius,clickbench,10,q23,gpu,12000,0.007,196.3,79.5,15841.0,1377,1.37,1.3741,111.9,0.78,0.7833,2.15,OK,sirius_clickbench_sf10_metrics_summary_20260302_053904.csv
sirius,clickbench,10,q24,gpu,40000,0.001,112.5,38.4,15841.0,1306,0.11,0.1125,112.7,0.11,0.1127,0.22,OK,sirius_clickbench_sf10_metrics_summary_20260302_053904.csv
sirius,clickbench,10,q25,gpu,4866,0.001,146.2,80.6,15841.0,762,0.15,0.1462,116.4,0.12,0.1164,0.27,OK,sirius_clickbench_sf10_metrics_summary_20260302_053904.csv
sirius,clickbench,10,q26,gpu,11250,0.001,124.7,67.2,15841.0,782,0.12,0.1247,115.7,0.12,0.1157,0.24,OK,sirius_clickbench_sf10_metrics_summary_20260302_053904.csv
sirius,clickbench,10,q27,gpu,9232,0.003,163.5,72.4,15841.0,774,0.49,0.4905,114.2,0.34,0.3426,0.83,OK,sirius_clickbench_sf10_metrics_summary_20260302_053904.csv
sirius,clickbench,10,q28,gpu,0,0.0,0.0,0.0,0.0,0,0.0,0.0,0.0,0.0,0.0,0.0,FALLBACK,sirius_clickbench_sf10_metrics_summary_20260302_053904.csv
sirius,clickbench,10,q29,gpu,35464,0.021,54.2,4.4,15841.0,715,1.14,1.1382,112.3,2.36,2.3583,3.5,OK,sirius_clickbench_sf10_metrics_summary_20260302_053904.csv
sirius,clickbench,10,q3,gpu,960000,0.001,52.6,0.9,15717.0,741,0.05,0.0526,110.8,0.11,0.1108,0.16,OK,sirius_clickbench_sf10_metrics_summary_20260302_053904.csv
sirius,clickbench,10,q30,gpu,40000,0.001,111.6,39.6,15841.0,1334,0.11,0.1116,112.9,0.11,0.1129,0.22,OK,sirius_clickbench_sf10_metrics_summary_20260302_053904.csv
sirius,clickbench,10,q31,gpu,40000,0.001,117.8,42.4,15841.0,1356,0.12,0.1178,113.0,0.11,0.113,0.23,OK,sirius_clickbench_sf10_metrics_summary_20260302_053904.csv
sirius,clickbench,10,q32,gpu,33917,0.023,72.2,14.7,15841.0,748,1.66,1.6606,110.9,2.55,2.5507,4.21,OK,sirius_clickbench_sf10_metrics_summary_20260302_053904.csv
sirius,clickbench,10,q33,gpu,45890,0.016,69.8,9.1,15841.0,758,1.12,1.1168,111.9,1.79,1.7904,2.91,OK,sirius_clickbench_sf10_metrics_summary_20260302_053904.csv
sirius,clickbench,10,q34,gpu,42360,0.017,70.7,12.7,15841.0,699,1.2,1.2019,112.1,1.91,1.9057,3.11,OK,sirius_clickbench_sf10_metrics_summary_20260302_053904.csv
sirius,clickbench,10,q35,gpu,90000,0.009,65.0,10.3,15829.0,724,0.58,0.585,110.8,1.0,0.9972,1.58,OK,sirius_clickbench_sf10_metrics_summary_20260302_053904.csv
sirius,clickbench,10,q36,gpu,17144,0.004,139.4,63.4,15841.0,1197,0.56,0.5576,112.9,0.45,0.4516,1.01,OK,sirius_clickbench_sf10_metrics_summary_20260302_053904.csv
sirius,clickbench,10,q37,gpu,17144,0.004,149.1,67.8,15841.0,1236,0.6,0.5964,112.4,0.45,0.4496,1.05,OK,sirius_clickbench_sf10_metrics_summary_20260302_053904.csv
sirius,clickbench,10,q38,gpu,40000,0.001,96.5,31.8,15841.0,1300,0.1,0.0965,112.6,0.11,0.1126,0.21,OK,sirius_clickbench_sf10_metrics_summary_20260302_053904.csv
sirius,clickbench,10,q39,gpu,15000,0.001,111.5,47.5,15841.0,860,0.11,0.1115,116.5,0.12,0.1165,0.23,OK,sirius_clickbench_sf10_metrics_summary_20260302_053904.csv
sirius,clickbench,10,q4,gpu,320000,0.002,56.9,3.6,15821.0,732,0.11,0.1138,110.7,0.22,0.2214,0.33,OK,sirius_clickbench_sf10_metrics_summary_20260302_053904.csv
sirius,clickbench,10,q40,gpu,40000,0.002,94.7,30.0,15841.0,1432,0.19,0.1894,112.2,0.22,0.2244,0.41,OK,sirius_clickbench_sf10_metrics_summary_20260302_053904.csv
sirius,clickbench,10,q41,gpu,30000,0.002,109.0,37.4,15841.0,939,0.22,0.218,112.1,0.22,0.2242,0.44,OK,sirius_clickbench_sf10_metrics_summary_20260302_053904.csv
sirius,clickbench,10,q42,gpu,20000,0.002,115.9,43.1,15841.0,819,0.23,0.2318,112.4,0.22,0.2248,0.45,OK,sirius_clickbench_sf10_metrics_summary_20260302_053904.csv
sirius,clickbench,10,q5,gpu,14674,0.044,92.0,26.7,15841.0,731,4.05,4.048,-4676.3,-205.76,-205.7572,-201.71,OK,sirius_clickbench_sf10_metrics_summary_20260302_053904.csv
sirius,clickbench,10,q6,gpu,960000,0.001,52.6,1.3,15701.0,707,0.05,0.0526,111.3,0.11,0.1113,0.16,OK,sirius_clickbench_sf10_metrics_summary_20260302_053904.csv
sirius,clickbench,10,q7,gpu,60000,0.0,66.9,11.4,15841.0,1008,0.0,0.0,111.2,0.0,0.0,0.0,OK,sirius_clickbench_sf10_metrics_summary_20260302_053904.csv
sirius,clickbench,10,q8,gpu,7020,0.076,120.2,43.4,15841.0,714,9.13,9.1352,110.7,8.41,8.4132,17.54,OK,sirius_clickbench_sf10_metrics_summary_20260302_053904.csv
sirius,clickbench,10,q9,gpu,6930,0.078,119.1,39.4,15841.0,717,9.29,9.2898,110.6,8.63,8.6268,17.92,OK,sirius_clickbench_sf10_metrics_summary_20260302_053904.csv
sirius,clickbench,20,q0,gpu,0,0.0,0.0,0.0,0.0,0,0.0,0.0,0.0,0.0,0.0,0.0,OK,sirius_clickbench_sf20_metrics_summary_20260302_063256.csv
sirius,clickbench,20,q1,gpu,60000,0.001,83.0,20.5,15841.0,931,0.08,0.083,110.3,0.11,0.1103,0.19,OK,sirius_clickbench_sf20_metrics_summary_20260302_063256.csv
sirius,clickbench,20,q10,gpu,11250,0.001,129.9,70.1,15841.0,870,0.13,0.1299,114.8,0.11,0.1148,0.24,OK,sirius_clickbench_sf20_metrics_summary_20260302_063256.csv
sirius,clickbench,20,q11,gpu,8574,0.001,132.5,70.7,15841.0,811,0.13,0.1325,115.5,0.12,0.1155,0.25,OK,sirius_clickbench_sf20_metrics_summary_20260302_063256.csv
sirius,clickbench,20,q12,gpu,15000,0.001,145.4,63.8,15841.0,755,0.15,0.1454,115.4,0.12,0.1154,0.27,OK,sirius_clickbench_sf20_metrics_summary_20260302_063256.csv
sirius,clickbench,20,q13,gpu,2400,0.001,166.7,82.3,15841.0,786,0.17,0.1667,115.7,0.12,0.1157,0.29,OK,sirius_clickbench_sf20_metrics_summary_20260302_063256.csv
sirius,clickbench,20,q14,gpu,15000,0.001,147.8,63.7,15841.0,801,0.15,0.1478,116.0,0.12,0.116,0.27,OK,sirius_clickbench_sf20_metrics_summary_20260302_063256.csv
sirius,clickbench,20,q15,gpu,112500,0.008,63.5,7.4,15823.0,717,0.51,0.508,111.8,0.89,0.8944,1.4,OK,sirius_clickbench_sf20_metrics_summary_20260302_063256.csv
sirius,clickbench,20,q16,gpu,45890,0.016,71.3,8.5,15841.0,723,1.14,1.1408,112.7,1.8,1.8032,2.94,OK,sirius_clickbench_sf20_metrics_summary_20260302_063256.csv
sirius,clickbench,20,q17,gpu,65000,0.011,67.2,8.5,15841.0,730,0.74,0.7392,111.9,1.23,1.2309,1.97,OK,sirius_clickbench_sf20_metrics_summary_20260302_063256.csv
sirius,clickbench,20,q18,gpu,18865,0.034,84.7,21.5,15841.0,704,2.88,2.8798,111.8,3.8,3.8012,6.68,OK,sirius_clickbench_sf20_metrics_summary_20260302_063256.csv
sirius,clickbench,20,q19,gpu,60000,0.001,119.5,42.9,15841.0,1105,0.12,0.1195,110.4,0.11,0.1104,0.23,OK,sirius_clickbench_sf20_metrics_summary_20260302_063256.csv
sirius,clickbench,20,q2,gpu,960000,0.001,52.8,1.6,15719.0,765,0.05,0.0528,109.7,0.11,0.1097,0.16,OK,sirius_clickbench_sf20_metrics_summary_20260302_063256.csv
sirius,clickbench,20,q20,gpu,4286,0.013,213.7,93.1,15841.0,774,2.78,2.7781,111.3,1.45,1.4469,4.23,OK,sirius_clickbench_sf20_metrics_summary_20260302_063256.csv
sirius,clickbench,20,q21,gpu,3750,0.015,211.9,91.2,15841.0,750,3.18,3.1785,111.6,1.67,1.674,4.85,OK,sirius_clickbench_sf20_metrics_summary_20260302_063256.csv
sirius,clickbench,20,q22,gpu,3078,0.031,205.4,88.8,15841.0,1414,6.37,6.3674,112.0,3.47,3.472,9.84,OK,sirius_clickbench_sf20_metrics_summary_20260302_063256.csv
sirius,clickbench,20,q23,gpu,4000,0.014,214.0,90.4,15841.0,749,3.0,2.996,112.0,1.57,1.568,4.57,OK,sirius_clickbench_sf20_metrics_summary_20260302_063256.csv
sirius,clickbench,20,q24,gpu,30000,0.002,138.8,53.4,15841.0,1270,0.28,0.2776,112.9,0.23,0.2258,0.51,OK,sirius_clickbench_sf20_metrics_summary_20260302_063256.csv
sirius,clickbench,20,q25,gpu,3051,0.001,167.4,81.9,15841.0,794,0.17,0.1674,117.1,0.12,0.1171,0.29,OK,sirius_clickbench_sf20_metrics_summary_20260302_063256.csv
sirius,clickbench,20,q26,gpu,8184,0.001,145.0,74.7,15841.0,834,0.14,0.145,117.0,0.12,0.117,0.26,OK,sirius_clickbench_sf20_metrics_summary_20260302_063256.csv
sirius,clickbench,20,q27,gpu,7827,0.005,168.6,75.7,15841.0,1037,0.84,0.843,114.1,0.57,0.5705,1.41,OK,sirius_clickbench_sf20_metrics_summary_20260302_063256.csv
sirius,clickbench,20,q28,gpu,0,0.0,0.0,0.0,0.0,0,0.0,0.0,0.0,0.0,0.0,0.0,FALLBACK,sirius_clickbench_sf20_metrics_summary_20260302_063256.csv
sirius,clickbench,20,q29,gpu,35464,0.021,54.1,4.0,15841.0,713,1.14,1.1361,111.7,2.35,2.3457,3.49,OK,sirius_clickbench_sf20_metrics_summary_20260302_063256.csv
sirius,clickbench,20,q3,gpu,480000,0.001,53.0,1.2,15789.0,724,0.05,0.053,110.7,0.11,0.1107,0.16,OK,sirius_clickbench_sf20_metrics_summary_20260302_063256.csv
sirius,clickbench,20,q30,gpu,30000,0.001,134.2,52.0,15841.0,1274,0.13,0.1342,113.3,0.11,0.1133,0.24,OK,sirius_clickbench_sf20_metrics_summary_20260302_063256.csv
sirius,clickbench,20,q31,gpu,20000,0.001,138.7,55.2,15841.0,912,0.14,0.1387,113.6,0.11,0.1136,0.25,OK,sirius_clickbench_sf20_metrics_summary_20260302_063256.csv
sirius,clickbench,20,q32,gpu,10000,0.059,92.0,35.2,15841.0,706,5.43,5.428,112.4,6.63,6.6316,12.06,OK,sirius_clickbench_sf20_metrics_summary_20260302_063256.csv
sirius,clickbench,20,q33,gpu,24453,0.026,76.4,17.7,15841.0,786,1.99,1.9864,-4384.6,-114.0,-113.9996,-112.01,OK,sirius_clickbench_sf20_metrics_summary_20260302_063256.csv
sirius,clickbench,20,q34,gpu,23573,0.027,79.7,15.8,15841.0,748,2.15,2.1519,112.9,3.05,3.0483,5.2,OK,sirius_clickbench_sf20_metrics_summary_20260302_063256.csv
sirius,clickbench,20,q35,gpu,46676,0.018,75.4,10.0,15841.0,677,1.36,1.3572,110.4,1.99,1.9872,3.35,OK,sirius_clickbench_sf20_metrics_summary_20260302_063256.csv
sirius,clickbench,20,q36,gpu,13334,0.006,158.7,75.6,15841.0,1324,0.95,0.9522,112.3,0.67,0.6738,1.62,OK,sirius_clickbench_sf20_metrics_summary_20260302_063256.csv
sirius,clickbench,20,q37,gpu,6000,0.008,172.5,83.6,15841.0,683,1.38,1.38,111.9,0.9,0.8952,2.28,OK,sirius_clickbench_sf20_metrics_summary_20260302_063256.csv
sirius,clickbench,20,q38,gpu,30000,0.002,124.2,46.9,15841.0,1315,0.25,0.2484,112.8,0.23,0.2256,0.48,OK,sirius_clickbench_sf20_metrics_summary_20260302_063256.csv
sirius,clickbench,20,q39,gpu,13334,0.002,117.7,50.6,15841.0,874,0.24,0.2354,115.9,0.23,0.2318,0.47,OK,sirius_clickbench_sf20_metrics_summary_20260302_063256.csv
sirius,clickbench,20,q4,gpu,180000,0.005,60.8,6.6,15841.0,703,0.3,0.304,110.7,0.55,0.5535,0.85,OK,sirius_clickbench_sf20_metrics_summary_20260302_063256.csv
sirius,clickbench,20,q40,gpu,30000,0.002,120.6,45.6,15841.0,1399,0.24,0.2412,112.3,0.22,0.2246,0.46,OK,sirius_clickbench_sf20_metrics_summary_20260302_063256.csv
sirius,clickbench,20,q41,gpu,30000,0.003,136.2,53.0,15841.0,1400,0.41,0.4086,112.5,0.34,0.3375,0.75,OK,sirius_clickbench_sf20_metrics_summary_20260302_063256.csv
sirius,clickbench,20,q42,gpu,24000,0.004,141.2,57.8,15841.0,1476,0.56,0.5648,112.5,0.45,0.45,1.01,OK,sirius_clickbench_sf20_metrics_summary_20260302_063256.csv
sirius,clickbench,20,q5,gpu,7299,0.072,112.9,37.4,15841.0,732,8.13,8.1288,110.7,7.97,7.9704,16.1,OK,sirius_clickbench_sf20_metrics_summary_20260302_063256.csv
sirius,clickbench,20,q6,gpu,960000,0.001,52.8,1.4,15785.0,676,0.05,0.0528,109.9,0.11,0.1099,0.16,OK,sirius_clickbench_sf20_metrics_summary_20260302_063256.csv
sirius,clickbench,20,q7,gpu,60000,0.0,80.6,19.4,15841.0,1103,0.0,0.0,111.3,0.0,0.0,0.0,OK,sirius_clickbench_sf20_metrics_summary_20260302_063256.csv
sirius,clickbench,20,q8,gpu,2226,0.162,152.6,63.1,15841.0,706,24.73,24.7212,110.1,17.84,17.8362,42.57,OK,sirius_clickbench_sf20_metrics_summary_20260302_063256.csv
sirius,clickbench,20,q9,gpu,2196,0.164,152.6,62.5,15841.0,720,25.02,25.0264,110.5,18.12,18.122,43.14,OK,sirius_clickbench_sf20_metrics_summary_20260302_063256.csv
sirius,h2o,1gb,q1,gpu,1000,0.016,71.5,20.6,81046.0,526,1.14,1.144,0.0,0.0,0.0,1.14,OK,sirius_h2o_sf1gb_metrics_summary_20260316_090239.csv
sirius,h2o,1gb,q10,gpu,120008,0.007,62.0,4.9,15837.0,709,0.43,0.434,113.1,0.79,0.7917,1.22,OK,sirius_h2o_sf1gb_metrics_summary_20260302_050245.csv
sirius,h2o,1gb,q2,gpu,300000,0.003,56.0,4.3,15833.0,705,0.17,0.168,112.7,0.34,0.3381,0.51,OK,sirius_h2o_sf1gb_metrics_summary_20260302_050245.csv
sirius,h2o,1gb,q3,gpu,166,0.116,77.0,26.4,80768.0,730,8.93,8.932,0.0,0.0,0.0,8.93,OK,sirius_h2o_sf1gb_metrics_summary_20260316_090239.csv
sirius,h2o,1gb,q4,gpu,300000,0.002,54.4,2.5,15827.0,723,0.11,0.1088,112.4,0.22,0.2248,0.33,OK,sirius_h2o_sf1gb_metrics_summary_20260302_050245.csv
sirius,h2o,1gb,q5,gpu,1000,0.012,71.5,11.1,81048.0,644,0.86,0.858,0.0,0.0,0.0,0.86,OK,sirius_h2o_sf1gb_metrics_summary_20260316_090239.csv
sirius,h2o,1gb,q6,gpu,180000,0.004,57.3,5.2,15841.0,747,0.23,0.2292,-4450.3,-17.8,-17.8012,-17.57,OK,sirius_h2o_sf1gb_metrics_summary_20260302_050245.csv
sirius,h2o,1gb,q7,gpu,300000,0.003,56.0,2.7,15829.0,728,0.17,0.168,112.3,0.34,0.3369,0.51,OK,sirius_h2o_sf1gb_metrics_summary_20260302_050245.csv
sirius,h2o,1gb,q8,gpu,128580,0.007,59.2,6.7,15841.0,714,0.41,0.4144,113.1,0.79,0.7917,1.2,OK,sirius_h2o_sf1gb_metrics_summary_20260302_050245.csv
sirius,h2o,1gb,q9,gpu,76370,0.011,62.8,6.6,15829.0,638,0.69,0.6908,111.9,1.23,1.2309,1.92,OK,sirius_h2o_sf1gb_metrics_summary_20260302_050245.csv
sirius,h2o,2gb,q1,gpu,646,0.03,78.7,29.7,81044.0,599,2.36,2.361,0.0,0.0,0.0,2.36,OK,sirius_h2o_sf2gb_metrics_summary_20260316_090529.csv
sirius,h2o,2gb,q10,gpu,60008,0.012,69.2,9.5,15841.0,750,0.83,0.8304,113.1,1.36,1.3572,2.19,OK,sirius_h2o_sf2gb_metrics_summary_20260302_051339.csv
sirius,h2o,2gb,q2,gpu,168000,0.005,59.4,3.9,15831.0,640,0.3,0.297,114.2,0.57,0.571,0.87,OK,sirius_h2o_sf2gb_metrics_summary_20260302_051339.csv
sirius,h2o,2gb,q3,gpu,133,0.151,81.6,29.5,80726.0,755,12.33,12.3216,0.0,0.0,0.0,12.33,OK,sirius_h2o_sf2gb_metrics_summary_20260316_090529.csv
sirius,h2o,2gb,q4,gpu,225000,0.004,57.4,2.2,15805.0,668,0.23,0.2296,112.2,0.45,0.4488,0.68,OK,sirius_h2o_sf2gb_metrics_summary_20260302_051339.csv
sirius,h2o,2gb,q5,gpu,870,0.022,80.3,19.9,81044.0,702,1.77,1.7666,0.0,0.0,0.0,1.77,OK,sirius_h2o_sf2gb_metrics_summary_20260316_090529.csv
sirius,h2o,2gb,q6,gpu,105000,0.007,61.8,5.0,15839.0,643,0.43,0.4326,111.7,0.78,0.7819,1.21,OK,sirius_h2o_sf2gb_metrics_summary_20260302_051339.csv
sirius,h2o,2gb,q7,gpu,180000,0.005,60.3,4.6,15841.0,681,0.3,0.3015,112.4,0.56,0.562,0.86,OK,sirius_h2o_sf2gb_metrics_summary_20260302_051339.csv
sirius,h2o,2gb,q8,gpu,76370,0.011,64.6,7.7,15841.0,669,0.71,0.7106,112.1,1.23,1.2331,1.94,OK,sirius_h2o_sf2gb_metrics_summary_20260302_051339.csv
sirius,h2o,2gb,q9,gpu,41054,0.019,71.3,12.2,15841.0,651,1.35,1.3547,112.2,2.13,2.1318,3.48,OK,sirius_h2o_sf2gb_metrics_summary_20260302_051339.csv
sirius,h2o,3gb,q1,gpu,435,0.045,80.2,31.2,81046.0,833,3.61,3.609,0.0,0.0,0.0,3.61,OK,sirius_h2o_sf3gb_metrics_summary_20260316_090832.csv
sirius,h2o,3gb,q10,gpu,0,0.0,0.0,0.0,0.0,0,0.0,0.0,0.0,0.0,0.0,0.0,FALLBACK,sirius_h2o_sf3gb_metrics_summary_20260302_052445.csv
sirius,h2o,3gb,q2,gpu,16371,0.032,95.0,20.6,15841.0,695,3.04,3.04,114.8,3.67,3.6736,6.71,OK,sirius_h2o_sf3gb_metrics_summary_20260302_052445.csv
sirius,h2o,3gb,q3,gpu,102,0.181,84.5,28.7,80688.0,726,15.29,15.2945,0.0,0.0,0.0,15.29,OK,sirius_h2o_sf3gb_metrics_summary_20260316_090832.csv
sirius,h2o,3gb,q4,gpu,38830,0.017,70.5,9.8,15841.0,754,1.2,1.1985,113.2,1.93,1.9244,3.13,OK,sirius_h2o_sf3gb_metrics_summary_20260302_052445.csv
sirius,h2o,3gb,q5,gpu,500,0.032,87.6,25.5,81048.0,768,2.8,2.8032,0.0,0.0,0.0,2.8,OK,sirius_h2o_sf3gb_metrics_summary_20260316_090832.csv
sirius,h2o,3gb,q6,gpu,10197,0.052,105.7,30.8,15841.0,696,5.5,5.4964,113.7,5.91,5.9124,11.41,OK,sirius_h2o_sf3gb_metrics_summary_20260302_052445.csv
sirius,h2o,3gb,q7,gpu,1355,0.221,104.7,51.5,15841.0,823,23.15,23.1387,113.8,25.14,25.1498,48.29,OK,sirius_h2o_sf3gb_metrics_summary_20260302_052445.csv
sirius,h2o,3gb,q8,gpu,20625,0.031,97.7,19.3,15841.0,763,3.03,3.0287,114.5,3.55,3.5495,6.58,OK,sirius_h2o_sf3gb_metrics_summary_20260302_052445.csv
sirius,h2o,3gb,q9,gpu,0,0.0,0.0,0.0,0.0,0,0.0,0.0,0.0,0.0,0.0,0.0,FALLBACK,sirius_h2o_sf3gb_metrics_summary_20260302_052445.csv
sirius,h2o,4gb,q1,gpu,328,0.06,81.7,34.6,80964.0,862,4.9,4.902,0.0,0.0,0.0,4.9,OK,sirius_h2o_sf4gb_metrics_summary_20260316_091144.csv
sirius,h2o,4gb,q10,gpu,0,0.0,0.0,0.0,0.0,0,0.0,0.0,0.0,0.0,0.0,0.0,FALLBACK,sirius_h2o_sf4gb_metrics_summary_20260302_053427.csv
sirius,h2o,4gb,q2,gpu,11168,0.043,103.7,25.2,15841.0,690,4.46,4.4591,114.5,4.93,4.9235,9.39,OK,sirius_h2o_sf4gb_metrics_summary_20260302_053427.csv
sirius,h2o,4gb,q3,gpu,70,0.209,82.1,25.7,80648.0,682,17.16,17.1589,0.0,0.0,0.0,17.16,OK,sirius_h2o_sf4gb_metrics_summary_20260316_091144.csv
sirius,h2o,4gb,q4,gpu,27280,0.022,74.0,13.9,15841.0,761,1.63,1.628,114.5,2.52,2.519,4.15,OK,sirius_h2o_sf4gb_metrics_summary_20260302_053427.csv
sirius,h2o,4gb,q5,gpu,477,0.042,93.7,28.5,81044.0,832,3.93,3.9354,0.0,0.0,0.0,3.93,OK,sirius_h2o_sf4gb_metrics_summary_20260316_091144.csv
sirius,h2o,4gb,q6,gpu,0,0.0,0.0,0.0,0.0,0,0.0,0.0,0.0,0.0,0.0,0.0,FALLBACK,sirius_h2o_sf4gb_metrics_summary_20260302_053427.csv
sirius,h2o,4gb,q7,gpu,0,0.0,0.0,0.0,0.0,0,0.0,0.0,0.0,0.0,0.0,0.0,FALLBACK,sirius_h2o_sf4gb_metrics_summary_20260302_053427.csv
sirius,h2o,4gb,q8,gpu,0,0.0,0.0,0.0,0.0,0,0.0,0.0,0.0,0.0,0.0,0.0,FALLBACK,sirius_h2o_sf4gb_metrics_summary_20260302_053427.csv
sirius,h2o,4gb,q9,gpu,0,0.0,0.0,0.0,0.0,0,0.0,0.0,0.0,0.0,0.0,0.0,FALLBACK,sirius_h2o_sf4gb_metrics_summary_20260302_053427.csv
sirius,microbench_h2o,1gb,w1_001,gpu,3,0.0,61.0,4.8,80544.0,571,0.0,0.0,0.0,0.0,0.0,0.0,OK,sirius_microbench_h2o_sf1gb_metrics_summary_20260316_092434.csv
sirius,microbench_h2o,1gb,w3_016,gpu,1000,0.015,68.7,14.6,81048.0,664,1.03,1.0305,0.0,0.0,0.0,1.03,OK,sirius_microbench_h2o_sf1gb_metrics_summary_20260316_092434.csv
sirius,microbench_h2o,1gb,w6_022,gpu,607,0.033,84.7,14.5,81042.0,676,2.8,2.7951,0.0,0.0,0.0,2.8,OK,sirius_microbench_h2o_sf1gb_metrics_summary_20260316_092434.csv
sirius,microbench_h2o,2gb,w1_001,gpu,3,0.0,61.5,6.4,80542.0,426,0.0,0.0,0.0,0.0,0.0,0.0,OK,sirius_microbench_h2o_sf2gb_metrics_summary_20260316_092753.csv
sirius,microbench_h2o,2gb,w3_016,gpu,667,0.03,79.7,29.8,81048.0,597,2.39,2.391,0.0,0.0,0.0,2.39,OK,sirius_microbench_h2o_sf2gb_metrics_summary_20260316_092753.csv
sirius,microbench_h2o,2gb,w6_022,gpu,313,0.064,113.7,29.7,81044.0,606,7.28,7.2768,0.0,0.0,0.0,7.28,OK,sirius_microbench_h2o_sf2gb_metrics_summary_20260316_092753.csv
sirius,microbench_h2o,3gb,w1_001,gpu,3,0.0,61.3,6.6,80546.0,426,0.0,0.0,0.0,0.0,0.0,0.0,OK,sirius_microbench_h2o_sf3gb_metrics_summary_20260316_093125.csv
sirius,microbench_h2o,3gb,w3_016,gpu,435,0.045,84.4,38.0,81048.0,681,3.8,3.798,0.0,0.0,0.0,3.8,OK,sirius_microbench_h2o_sf3gb_metrics_summary_20260316_093125.csv
sirius,microbench_h2o,3gb,w6_022,gpu,209,0.096,117.7,30.9,81044.0,855,11.3,11.2992,0.0,0.0,0.0,11.3,OK,sirius_microbench_h2o_sf3gb_metrics_summary_20260316_093125.csv
sirius,microbench_h2o,4gb,w1_001,gpu,1000,0.0,61.5,4.8,80546.0,574,0.0,0.0,0.0,0.0,0.0,0.0,OK,sirius_microbench_h2o_sf4gb_metrics_summary_20260316_093509.csv
sirius,microbench_h2o,4gb,w3_016,gpu,334,0.06,81.9,34.8,80972.0,873,4.91,4.914,0.0,0.0,0.0,4.91,OK,sirius_microbench_h2o_sf4gb_metrics_summary_20260316_093509.csv
sirius,microbench_h2o,4gb,w6_022,gpu,152,0.131,131.5,38.9,80930.0,720,17.23,17.2265,0.0,0.0,0.0,17.23,OK,sirius_microbench_h2o_sf4gb_metrics_summary_20260316_093509.csv
sirius,microbench_tpch,1,w1_002,gpu,1000,0.0,61.3,4.6,81010.0,578,0.0,0.0,0.0,0.0,0.0,0.0,OK,sirius_microbench_tpch_sf1_metrics_summary_20260316_091502.csv
sirius,microbench_tpch,1,w3_001,gpu,1000,0.001,61.4,6.4,81022.0,444,0.06,0.0614,0.0,0.0,0.0,0.06,OK,sirius_microbench_tpch_sf1_metrics_summary_20260316_091502.csv
sirius,microbench_tpch,1,w5a_029,gpu,1000,0.002,61.3,3.8,81046.0,441,0.12,0.1226,0.0,0.0,0.0,0.12,OK,sirius_microbench_tpch_sf1_metrics_summary_20260316_091502.csv
sirius,microbench_tpch,10,w1_002,gpu,1000,0.0,61.2,3.8,81042.0,440,0.0,0.0,0.0,0.0,0.0,0.0,OK,sirius_microbench_tpch_sf10_metrics_summary_20260316_091942.csv
sirius,microbench_tpch,10,w3_001,gpu,1000,0.001,61.4,3.4,81036.0,586,0.06,0.0614,0.0,0.0,0.0,0.06,OK,sirius_microbench_tpch_sf10_metrics_summary_20260316_091942.csv
sirius,microbench_tpch,10,w5a_029,gpu,1000,0.016,70.6,10.5,81046.0,628,1.13,1.1296,0.0,0.0,0.0,1.13,OK,sirius_microbench_tpch_sf10_metrics_summary_20260316_091942.csv
sirius,microbench_tpch,20,w1_002,gpu,1000,0.0,61.6,6.5,81030.0,439,0.0,0.0,0.0,0.0,0.0,0.0,OK,sirius_microbench_tpch_sf20_metrics_summary_20260316_092207.csv
sirius,microbench_tpch,20,w3_001,gpu,1000,0.002,61.7,3.9,81036.0,587,0.12,0.1234,0.0,0.0,0.0,0.12,OK,sirius_microbench_tpch_sf20_metrics_summary_20260316_092207.csv
sirius,microbench_tpch,20,w5a_029,gpu,607,0.031,80.8,14.2,81044.0,669,2.5,2.5048,0.0,0.0,0.0,2.5,OK,sirius_microbench_tpch_sf20_metrics_summary_20260316_092207.csv
sirius,microbench_tpch,5,w1_002,gpu,1000,0.0,61.2,3.0,81018.0,584,0.0,0.0,0.0,0.0,0.0,0.0,OK,sirius_microbench_tpch_sf5_metrics_summary_20260316_091722.csv
sirius,microbench_tpch,5,w3_001,gpu,1000,0.001,61.3,5.3,81042.0,576,0.06,0.0613,0.0,0.0,0.0,0.06,OK,sirius_microbench_tpch_sf5_metrics_summary_20260316_091722.csv
sirius,microbench_tpch,5,w5a_029,gpu,1000,0.008,65.1,7.5,81044.0,604,0.52,0.5208,0.0,0.0,0.0,0.52,OK,sirius_microbench_tpch_sf5_metrics_summary_20260316_091722.csv
sirius,tpch,1,q01,gpu,18000,0.001,130.2,50.7,15841.0,1034,0.13,0.1302,115.7,0.12,0.1157,0.25,OK,sirius_tpch_sf1_metrics_summary_20260302_025113.csv
sirius,tpch,1,q02,gpu,13334,0.004,62.2,13.6,15841.0,1237,0.25,0.2488,112.6,0.45,0.4504,0.7,OK,sirius_tpch_sf1_metrics_summary_20260302_025113.csv
sirius,tpch,1,q03,gpu,30000,0.002,79.3,28.2,15841.0,1450,0.16,0.1586,113.8,0.23,0.2276,0.39,OK,sirius_tpch_sf1_metrics_summary_20260302_025113.csv
sirius,tpch,1,q04,gpu,30000,0.001,86.8,26.7,15841.0,1250,0.09,0.0868,114.0,0.11,0.114,0.2,OK,sirius_tpch_sf1_metrics_summary_20260302_025113.csv
sirius,tpch,1,q05,gpu,24000,0.002,73.1,15.7,15841.0,1415,0.15,0.1462,113.0,0.23,0.226,0.38,OK,sirius_tpch_sf1_metrics_summary_20260302_025113.csv
sirius,tpch,1,q06,gpu,30000,0.001,108.0,37.2,15841.0,829,0.11,0.108,112.7,0.11,0.1127,0.22,OK,sirius_tpch_sf1_metrics_summary_20260302_025113.csv
sirius,tpch,1,q07,gpu,15000,0.003,69.9,16.0,15841.0,1118,0.21,0.2097,113.1,0.34,0.3393,0.55,OK,sirius_tpch_sf1_metrics_summary_20260302_025113.csv
sirius,tpch,1,q08,gpu,17144,0.003,68.0,12.6,15841.0,1293,0.2,0.204,112.6,0.34,0.3378,0.54,OK,sirius_tpch_sf1_metrics_summary_20260302_025113.csv
sirius,tpch,1,q09,gpu,17144,0.003,89.3,23.6,15841.0,1186,0.27,0.2679,113.3,0.34,0.3399,0.61,OK,sirius_tpch_sf1_metrics_summary_20260302_025113.csv
sirius,tpch,1,q1,gpu,1000,0.003,61.2,5.7,81046.0,465,0.18,0.1836,0.0,0.0,0.0,0.18,OK,sirius_tpch_sf1_metrics_summary_20260316_085206.csv
sirius,tpch,1,q10,gpu,17144,0.002,76.3,21.2,15841.0,1041,0.15,0.1526,113.4,0.23,0.2268,0.38,OK,sirius_tpch_sf1_metrics_summary_20260302_025113.csv
sirius,tpch,1,q11,gpu,30000,0.001,60.3,7.6,15841.0,1567,0.06,0.0603,112.4,0.11,0.1124,0.17,OK,sirius_tpch_sf1_metrics_summary_20260302_025113.csv
sirius,tpch,1,q12,gpu,24000,0.001,82.4,22.2,15841.0,1084,0.08,0.0824,114.0,0.11,0.114,0.19,OK,sirius_tpch_sf1_metrics_summary_20260302_025113.csv
sirius,tpch,1,q13,gpu,180000,0.004,53.7,6.4,15841.0,545,0.21,0.2148,110.8,0.44,0.4432,0.65,OK,sirius_tpch_sf1_metrics_summary_20260302_025113.csv
sirius,tpch,1,q14,gpu,40000,0.001,68.7,13.5,15841.0,1190,0.07,0.0687,113.1,0.11,0.1131,0.18,OK,sirius_tpch_sf1_metrics_summary_20260302_025113.csv
sirius,tpch,1,q15,gpu,30000,0.001,66.6,12.3,15841.0,1197,0.07,0.0666,-2707.0,-2.71,-2.707,-2.64,OK,sirius_tpch_sf1_metrics_summary_20260302_025113.csv
sirius,tpch,1,q16,gpu,9000,0.002,72.1,52.1,15841.0,907,0.14,0.1442,115.6,0.23,0.2312,0.37,OK,sirius_tpch_sf1_metrics_summary_20260302_025113.csv
sirius,tpch,1,q17,gpu,20000,0.001,97.9,34.7,15841.0,1013,0.1,0.0979,114.4,0.11,0.1144,0.21,OK,sirius_tpch_sf1_metrics_summary_20260302_025113.csv
sirius,tpch,1,q18,gpu,17144,0.004,124.2,49.5,15841.0,1356,0.5,0.4968,112.9,0.45,0.4516,0.95,OK,sirius_tpch_sf1_metrics_summary_20260302_025113.csv
sirius,tpch,1,q19,gpu,20000,0.002,81.9,22.5,15841.0,991,0.16,0.1638,113.9,0.23,0.2278,0.39,OK,sirius_tpch_sf1_metrics_summary_20260302_025113.csv
sirius,tpch,1,q20,gpu,17144,0.003,66.6,22.6,15841.0,1165,0.2,0.1998,113.2,0.34,0.3396,0.54,OK,sirius_tpch_sf1_metrics_summary_20260302_025113.csv
sirius,tpch,1,q21,gpu,8572,0.003,93.7,39.2,15841.0,811,0.28,0.2811,113.8,0.34,0.3414,0.62,OK,sirius_tpch_sf1_metrics_summary_20260302_025113.csv
sirius,tpch,1,q22,gpu,30000,0.002,63.7,12.8,15841.0,1507,0.13,0.1274,112.9,0.23,0.2258,0.36,OK,sirius_tpch_sf1_metrics_summary_20260302_025113.csv
sirius,tpch,1,q3,gpu,1000,0.003,61.1,5.0,81018.0,578,0.18,0.1833,0.0,0.0,0.0,0.18,OK,sirius_tpch_sf1_metrics_summary_20260316_085206.csv
sirius,tpch,1,q6,gpu,1000,0.001,61.0,3.1,81040.0,578,0.06,0.061,0.0,0.0,0.0,0.06,OK,sirius_tpch_sf1_metrics_summary_20260316_085206.csv
sirius,tpch,10,q01,gpu,0,0.0,0.0,0.0,0.0,0,0.0,0.0,0.0,0.0,0.0,0.0,FALLBACK,sirius_tpch_sf10_metrics_summary_20260302_043253.csv
sirius,tpch,10,q02,gpu,10910,0.007,108.9,35.9,15841.0,1317,0.76,0.7623,112.6,0.79,0.7882,1.55,OK,sirius_tpch_sf10_metrics_summary_20260302_043253.csv
sirius,tpch,10,q03,gpu,8572,0.004,151.0,60.6,15841.0,886,0.6,0.604,113.9,0.46,0.4556,1.06,OK,sirius_tpch_sf10_metrics_summary_20260302_043253.csv
sirius,tpch,10,q04,gpu,8572,0.005,157.6,66.9,15841.0,930,0.79,0.788,114.0,0.57,0.57,1.36,OK,sirius_tpch_sf10_metrics_summary_20260302_043253.csv
sirius,tpch,10,q05,gpu,8000,0.003,139.3,44.0,15841.0,771,0.42,0.4179,114.7,0.34,0.3441,0.76,OK,sirius_tpch_sf10_metrics_summary_20260302_043253.csv
sirius,tpch,10,q06,gpu,10000,0.01,178.0,83.8,15841.0,1425,1.78,1.78,112.8,1.13,1.128,2.91,OK,sirius_tpch_sf10_metrics_summary_20260302_043253.csv
sirius,tpch,10,q07,gpu,6668,0.007,140.9,52.3,15841.0,925,0.99,0.9863,114.2,0.8,0.7994,1.79,OK,sirius_tpch_sf10_metrics_summary_20260302_043253.csv
sirius,tpch,10,q08,gpu,6668,0.004,131.1,39.1,15841.0,786,0.52,0.5244,114.3,0.46,0.4572,0.98,OK,sirius_tpch_sf10_metrics_summary_20260302_043253.csv
sirius,tpch,10,q09,gpu,5001,0.006,166.0,62.3,15841.0,934,1.0,0.996,115.7,0.69,0.6942,1.69,OK,sirius_tpch_sf10_metrics_summary_20260302_043253.csv
sirius,tpch,10,q1,gpu,162,0.122,91.7,33.7,80760.0,869,11.18,11.1874,0.0,0.0,0.0,11.18,OK,sirius_tpch_sf10_metrics_summary_20260316_085706.csv
sirius,tpch,10,q10,gpu,6668,0.006,151.9,60.8,15841.0,861,0.91,0.9114,114.8,0.69,0.6888,1.6,OK,sirius_tpch_sf10_metrics_summary_20260302_043253.csv
sirius,tpch,10,q11,gpu,15000,0.001,108.4,29.8,15841.0,986,0.11,0.1084,114.4,0.11,0.1144,0.22,OK,sirius_tpch_sf10_metrics_summary_20260302_043253.csv
sirius,tpch,10,q12,gpu,7500,0.007,164.9,69.9,15841.0,964,1.15,1.1543,113.9,0.8,0.7973,1.95,OK,sirius_tpch_sf10_metrics_summary_20260302_043253.csv
sirius,tpch,10,q13,gpu,21180,0.034,71.7,10.9,15841.0,709,2.44,2.4378,113.6,3.86,3.8624,6.3,OK,sirius_tpch_sf10_metrics_summary_20260302_043253.csv
sirius,tpch,10,q14,gpu,17144,0.003,144.1,58.7,15841.0,1130,0.43,0.4323,113.7,0.34,0.3411,0.77,OK,sirius_tpch_sf10_metrics_summary_20260302_043253.csv
sirius,tpch,10,q15,gpu,15000,0.004,135.0,54.3,15841.0,1144,0.54,0.54,114.0,0.46,0.456,1.0,OK,sirius_tpch_sf10_metrics_summary_20260302_043253.csv
sirius,tpch,10,q16,gpu,2649,0.002,152.1,74.0,15841.0,733,0.3,0.3042,117.2,0.23,0.2344,0.53,OK,sirius_tpch_sf10_metrics_summary_20260302_043253.csv
sirius,tpch,10,q17,gpu,6000,0.001,177.7,64.1,15841.0,801,0.18,0.1777,116.9,0.12,0.1169,0.3,OK,sirius_tpch_sf10_metrics_summary_20260302_043253.csv
sirius,tpch,10,q18,gpu,2928,0.029,184.4,87.7,15841.0,1252,5.35,5.3476,113.6,3.3,3.2944,8.65,OK,sirius_tpch_sf10_metrics_summary_20260302_043253.csv
sirius,tpch,10,q19,gpu,6668,0.006,162.1,64.0,15841.0,843,0.97,0.9726,114.7,0.69,0.6882,1.66,OK,sirius_tpch_sf10_metrics_summary_20260302_043253.csv
sirius,tpch,10,q20,gpu,8000,0.007,128.9,54.6,15841.0,1020,0.9,0.9023,113.8,0.8,0.7966,1.7,OK,sirius_tpch_sf10_metrics_summary_20260302_043253.csv
sirius,tpch,10,q21,gpu,2904,0.012,163.8,70.9,15841.0,933,1.97,1.9656,116.2,1.39,1.3944,3.36,OK,sirius_tpch_sf10_metrics_summary_20260302_043253.csv
sirius,tpch,10,q22,gpu,13334,0.003,120.2,35.2,15841.0,935,0.36,0.3606,114.7,0.34,0.3441,0.7,OK,sirius_tpch_sf10_metrics_summary_20260302_043253.csv
sirius,tpch,10,q3,gpu,1000,0.014,65.2,5.8,81034.0,607,0.91,0.9128,0.0,0.0,0.0,0.91,OK,sirius_tpch_sf10_metrics_summary_20260316_085706.csv
sirius,tpch,10,q6,gpu,1000,0.003,64.7,6.7,81036.0,620,0.19,0.1941,0.0,0.0,0.0,0.19,OK,sirius_tpch_sf10_metrics_summary_20260316_085706.csv
sirius,tpch,2,q01,gpu,10590,0.001,146.8,60.7,15841.0,880,0.15,0.1468,116.1,0.12,0.1161,0.27,OK,sirius_tpch_sf2_metrics_summary_20260302_032637.csv
sirius,tpch,2,q02,gpu,13334,0.005,67.8,16.8,15841.0,1271,0.34,0.339,112.4,0.56,0.562,0.9,OK,sirius_tpch_sf2_metrics_summary_20260302_032637.csv
sirius,tpch,2,q03,gpu,20000,0.002,96.7,34.8,15841.0,1106,0.19,0.1934,113.7,0.23,0.2274,0.42,OK,sirius_tpch_sf2_metrics_summary_20260302_032637.csv
sirius,tpch,2,q04,gpu,24000,0.002,108.9,37.5,15841.0,1179,0.22,0.2178,113.8,0.23,0.2276,0.45,OK,sirius_tpch_sf2_metrics_summary_20260302_032637.csv
sirius,tpch,2,q05,gpu,17144,0.002,87.3,21.1,15841.0,1052,0.17,0.1746,113.2,0.23,0.2264,0.4,OK,sirius_tpch_sf2_metrics_summary_20260302_032637.csv
sirius,tpch,2,q06,gpu,20000,0.002,140.6,57.6,15841.0,816,0.28,0.2812,112.9,0.23,0.2258,0.51,OK,sirius_tpch_sf2_metrics_summary_20260302_032637.csv
sirius,tpch,2,q07,gpu,15000,0.004,83.4,23.5,15841.0,1233,0.33,0.3336,113.1,0.45,0.4524,0.78,OK,sirius_tpch_sf2_metrics_summary_20260302_032637.csv
sirius,tpch,2,q08,gpu,15000,0.004,79.3,16.8,15841.0,1202,0.32,0.3172,113.0,0.45,0.452,0.77,OK,sirius_tpch_sf2_metrics_summary_20260302_032637.csv
sirius,tpch,2,q09,gpu,13334,0.003,113.8,33.8,15841.0,1032,0.34,0.3414,113.5,0.34,0.3405,0.68,OK,sirius_tpch_sf2_metrics_summary_20260302_032637.csv
sirius,tpch,2,q10,gpu,15000,0.003,94.2,30.8,15841.0,1016,0.28,0.2826,113.9,0.34,0.3417,0.62,OK,sirius_tpch_sf2_metrics_summary_20260302_032637.csv
sirius,tpch,2,q11,gpu,30000,0.001,66.7,10.4,15841.0,1522,0.07,0.0667,112.6,0.11,0.1126,0.18,OK,sirius_tpch_sf2_metrics_summary_20260302_032637.csv
sirius,tpch,2,q12,gpu,20000,0.002,106.6,35.9,15841.0,1105,0.21,0.2132,113.7,0.23,0.2274,0.44,OK,sirius_tpch_sf2_metrics_summary_20260302_032637.csv
sirius,tpch,2,q13,gpu,128580,0.007,56.0,3.0,15829.0,737,0.39,0.392,112.2,0.79,0.7854,1.18,OK,sirius_tpch_sf2_metrics_summary_20260302_032637.csv
sirius,tpch,2,q14,gpu,40000,0.001,86.1,24.5,15841.0,1352,0.09,0.0861,113.0,0.11,0.113,0.2,OK,sirius_tpch_sf2_metrics_summary_20260302_032637.csv
sirius,tpch,2,q15,gpu,30000,0.002,81.0,21.5,15841.0,1315,0.16,0.162,113.4,0.23,0.2268,0.39,OK,sirius_tpch_sf2_metrics_summary_20260302_032637.csv
sirius,tpch,2,q16,gpu,8574,0.002,84.7,55.0,15841.0,893,0.17,0.1694,115.5,0.23,0.231,0.4,OK,sirius_tpch_sf2_metrics_summary_20260302_032637.csv
sirius,tpch,2,q17,gpu,13334,0.001,120.6,44.4,15841.0,794,0.12,0.1206,114.7,0.11,0.1147,0.23,OK,sirius_tpch_sf2_metrics_summary_20260302_032637.csv
sirius,tpch,2,q18,gpu,10910,0.007,149.7,66.1,15841.0,1249,1.05,1.0479,-2605.7,-18.24,-18.2399,-17.19,OK,sirius_tpch_sf2_metrics_summary_20260302_032637.csv
sirius,tpch,2,q19,gpu,17144,0.002,101.7,33.5,15841.0,1012,0.2,0.2034,113.9,0.23,0.2278,0.43,OK,sirius_tpch_sf2_metrics_summary_20260302_032637.csv
sirius,tpch,2,q20,gpu,15000,0.003,78.2,27.4,15841.0,1104,0.23,0.2346,113.0,0.34,0.339,0.57,OK,sirius_tpch_sf2_metrics_summary_20260302_032637.csv
sirius,tpch,2,q21,gpu,6316,0.004,113.7,46.2,15841.0,753,0.45,0.4548,113.7,0.45,0.4548,0.9,OK,sirius_tpch_sf2_metrics_summary_20260302_032637.csv
sirius,tpch,2,q22,gpu,24000,0.002,71.3,14.7,15841.0,1266,0.14,0.1426,113.3,0.23,0.2266,0.37,OK,sirius_tpch_sf2_metrics_summary_20260302_032637.csv
sirius,tpch,20,q1,gpu,77,0.243,96.5,39.6,80654.0,735,23.45,23.4495,0.0,0.0,0.0,23.45,OK,sirius_tpch_sf20_metrics_summary_20260316_085951.csv
sirius,tpch,20,q3,gpu,741,0.026,69.8,8.7,81048.0,640,1.81,1.8148,0.0,0.0,0.0,1.81,OK,sirius_tpch_sf20_metrics_summary_20260316_085951.csv
sirius,tpch,20,q6,gpu,1000,0.005,67.9,6.3,81032.0,616,0.34,0.3395,0.0,0.0,0.0,0.34,OK,sirius_tpch_sf20_metrics_summary_20260316_085951.csv
sirius,tpch,5,q01,gpu,4617,0.001,164.3,71.1,15841.0,760,0.16,0.1643,116.5,0.12,0.1165,0.28,OK,sirius_tpch_sf5_metrics_summary_20260302_040025.csv
sirius,tpch,5,q02,gpu,12000,0.005,84.7,25.0,15841.0,1267,0.42,0.4235,112.7,0.56,0.5635,0.98,OK,sirius_tpch_sf5_metrics_summary_20260302_040025.csv
sirius,tpch,5,q03,gpu,13334,0.003,130.9,50.6,15841.0,966,0.39,0.3927,113.9,0.34,0.3417,0.73,OK,sirius_tpch_sf5_metrics_summary_20260302_040025.csv
sirius,tpch,5,q04,gpu,13334,0.003,139.9,54.7,15841.0,939,0.42,0.4197,113.9,0.34,0.3417,0.76,OK,sirius_tpch_sf5_metrics_summary_20260302_040025.csv
sirius,tpch,5,q05,gpu,12000,0.003,116.2,35.1,15841.0,912,0.35,0.3486,114.1,0.34,0.3423,0.69,OK,sirius_tpch_sf5_metrics_summary_20260302_040025.csv
sirius,tpch,5,q06,gpu,10000,0.005,173.6,78.1,15841.0,783,0.87,0.868,112.3,0.56,0.5615,1.43,OK,sirius_tpch_sf5_metrics_summary_20260302_040025.csv
sirius,tpch,5,q07,gpu,10000,0.005,113.2,38.4,15841.0,1053,0.57,0.566,113.0,0.57,0.565,1.14,OK,sirius_tpch_sf5_metrics_summary_20260302_040025.csv
sirius,tpch,5,q08,gpu,10000,0.004,104.3,28.0,15841.0,917,0.42,0.4172,113.2,0.45,0.4528,0.87,OK,sirius_tpch_sf5_metrics_summary_20260302_040025.csv
sirius,tpch,5,q09,gpu,6316,0.004,145.9,50.4,15841.0,723,0.58,0.5836,114.3,0.46,0.4572,1.04,OK,sirius_tpch_sf5_metrics_summary_20260302_040025.csv
sirius,tpch,5,q1,gpu,308,0.063,96.9,39.0,80944.0,713,6.1,6.1047,0.0,0.0,0.0,6.1,OK,sirius_tpch_sf5_metrics_summary_20260316_085425.csv
sirius,tpch,5,q10,gpu,10910,0.004,126.4,46.5,15841.0,961,0.51,0.5056,114.1,0.46,0.4564,0.97,OK,sirius_tpch_sf5_metrics_summary_20260302_040025.csv
sirius,tpch,5,q11,gpu,30000,0.001,82.6,17.8,15841.0,1743,0.08,0.0826,113.2,0.11,0.1132,0.19,OK,sirius_tpch_sf5_metrics_summary_20260302_040025.csv
sirius,tpch,5,q12,gpu,12000,0.004,142.5,57.5,15841.0,996,0.57,0.57,113.8,0.46,0.4552,1.03,OK,sirius_tpch_sf5_metrics_summary_20260302_040025.csv
sirius,tpch,5,q13,gpu,56000,0.015,61.8,4.3,15841.0,746,0.93,0.927,112.0,1.68,1.68,2.61,OK,sirius_tpch_sf5_metrics_summary_20260302_040025.csv
sirius,tpch,5,q14,gpu,30000,0.002,119.6,44.0,15841.0,1381,0.24,0.2392,113.1,0.23,0.2262,0.47,OK,sirius_tpch_sf5_metrics_summary_20260302_040025.csv
sirius,tpch,5,q15,gpu,24000,0.002,110.3,37.9,15841.0,1348,0.22,0.2206,113.2,0.23,0.2264,0.45,OK,sirius_tpch_sf5_metrics_summary_20260302_040025.csv
sirius,tpch,5,q16,gpu,5457,0.002,119.3,60.4,15841.0,779,0.24,0.2386,116.1,0.23,0.2322,0.47,OK,sirius_tpch_sf5_metrics_summary_20260302_040025.csv
sirius,tpch,5,q17,gpu,10002,0.001,148.1,56.4,15841.0,880,0.15,0.1481,115.6,0.12,0.1156,0.27,OK,sirius_tpch_sf5_metrics_summary_20260302_040025.csv
sirius,tpch,5,q18,gpu,5456,0.015,173.2,80.8,15841.0,1254,2.6,2.598,112.8,1.69,1.692,4.29,OK,sirius_tpch_sf5_metrics_summary_20260302_040025.csv
sirius,tpch,5,q19,gpu,12000,0.003,136.5,52.2,15841.0,969,0.41,0.4095,114.2,0.34,0.3426,0.75,OK,sirius_tpch_sf5_metrics_summary_20260302_040025.csv
sirius,tpch,5,q20,gpu,10910,0.004,104.2,41.7,15841.0,1035,0.42,0.4168,113.0,0.45,0.452,0.87,OK,sirius_tpch_sf5_metrics_summary_20260302_040025.csv
sirius,tpch,5,q21,gpu,5295,0.007,146.9,61.4,15841.0,1026,1.03,1.0283,114.3,0.8,0.8001,1.83,OK,sirius_tpch_sf5_metrics_summary_20260302_040025.csv
sirius,tpch,5,q22,gpu,20000,0.002,94.7,24.4,15841.0,1177,0.19,0.1894,-2783.1,-5.57,-5.5662,-5.38,OK,sirius_tpch_sf5_metrics_summary_20260302_040025.csv
sirius,tpch,5,q3,gpu,1000,0.009,63.4,6.6,81038.0,592,0.57,0.5706,0.0,0.0,0.0,0.57,OK,sirius_tpch_sf5_metrics_summary_20260316_085425.csv
sirius,tpch,5,q6,gpu,1000,0.002,63.4,7.6,81044.0,452,0.13,0.1268,0.0,0.0,0.0,0.13,OK,sirius_tpch_sf5_metrics_summary_20260316_085425.csv
